Iteration,Min,Max,Average,Std. Dev.
0,1.526,11.555,4.929,2.3690819436276693
1,1.526,11.555,4.929,2.3690819436276693
2,1.516,11.186,4.691,2.2712064651015087
3,1.505,11.066,4.214,2.0856098869657385
4,1.496,11.024,3.767,1.9249920181957572
5,1.497,10.324,3.275,1.7595393897935339
6,1.497,9.638,2.892,1.6410047144262954
7,1.497,8.069,2.429,1.344759434656364
8,1.498,7.042,2.147,1.117619809685698
9,1.51,6.28,1.966,0.9117862080594356
