Iteration,Min,Max,Average,Std. Dev.
0,3.069,10.866,5.865,2.309745427909875
1,3.069,10.866,5.865,2.309745427909875
2,3.049,10.483,5.553,2.2126838126423647
3,2.571,9.098,4.954,1.9882526590458778
4,2.167,8.688,4.412,2.096569040531396
5,2.04,8.079,4.059,2.020751109166566
6,1.895,7.652,3.602,1.7910511914381966
7,1.859,6.952,3.039,1.5146219490359865
8,1.878,4.776,2.548,0.9051528367897306
9,1.737,3.254,2.099,0.46322326204635217
