Iteration,Min,Max,Average,Std. Dev.
0,1.526,11.555,4.929,2.3690819436276693
1,1.526,11.555,4.929,2.3690819436276693
2,1.522,11.413,4.837,2.329692152582666
3,1.519,11.358,4.616,2.238477911815045
4,1.505,11.336,4.38,2.155335976708736
5,1.499,10.932,4.079,2.0530259994342255
6,1.496,10.52,3.787,1.9942210867469028
7,1.498,9.526,3.394,1.8013584631556703
8,1.497,8.849,3.011,1.634780185912411
9,1.5,8.322,2.668,1.470697665259003
