Iteration,Min,Max,Average,Std. Dev.
0,1.496,13.458,4.935,2.55223862008658
1,1.496,13.458,4.935,2.55223862008658
2,1.496,13.313,4.857,2.520801528237232
3,1.496,13.237,4.691,2.4556985423747912
4,1.496,13.069,4.44,2.324532906208215
5,1.496,12.808,4.129,2.220397066885753
6,1.496,12.725,3.812,2.104304963413382
7,1.496,12.283,3.427,1.917385411485049
8,1.496,11.639,2.999,1.689244870365152
9,1.496,11.01,2.555,1.4951995258842308
