Iteration,Min,Max,Average,Std. Dev.
0,1.496,13.458,4.935,2.55223862008658
1,1.496,13.458,4.935,2.55223862008658
2,1.496,13.002,4.688,2.455136247624111
3,1.496,12.813,4.285,2.305222421365962
4,1.497,12.492,3.785,2.0661953077062645
5,1.496,12.06,3.289,1.9101227713550244
6,1.496,11.937,2.891,1.7397613870338027
7,1.496,11.356,2.498,1.502238840694832
8,1.496,10.558,2.164,1.229816720138178
9,1.496,9.826,1.9,1.0002975996883818
