Iteration,Min,Max,Average,Std. Dev.
0,1.496,13.458,4.935,2.55223862008658
1,1.496,13.458,4.935,2.55223862008658
2,1.496,13.437,4.923,2.547670028076477
3,1.496,13.427,4.902,2.5388885873768285
4,1.496,13.407,4.871,2.5219448289878366
5,1.496,13.378,4.834,2.5078732731984745
6,1.496,13.37,4.797,2.492895467467184
7,1.496,13.325,4.752,2.4705895740824895
8,1.496,13.263,4.701,2.444595536944089
9,1.496,13.203,4.641,2.4242097803458003
