Iteration,Min,Max,Average,Std. Dev.
0,1.496,13.458,4.935,2.55223862008658
1,1.496,13.458,4.935,2.55223862008658
2,1.496,13.126,4.755,2.4809392372256664
3,1.496,12.989,4.46,2.3683100908671255
4,1.496,12.756,4.089,2.18308912832922
5,1.496,12.442,3.702,2.0604873216208714
6,1.497,12.353,3.366,1.9364592500867932
7,1.496,11.931,3.012,1.7517250936629694
8,1.496,11.353,2.653,1.5464002279120863
9,1.496,10.822,2.327,1.3541461049045902
