Iteration,Min,Max,Average,Std. Dev.
0,3.069,10.866,5.865,2.309745427909875
1,3.069,10.866,5.865,2.309745427909875
2,3.064,10.76,5.779,2.2787559276952867
3,2.876,10.286,5.572,2.1992944785297714
4,2.676,10.128,5.345,2.224876871262756
5,2.597,9.846,5.176,2.1772728345136585
6,2.485,9.638,4.94,2.0841314503091724
7,2.446,9.27,4.604,1.9385761298495876
8,2.291,8.021,4.262,1.6209647976115147
9,2.272,7.063,3.897,1.3300078825936268
