Iteration,Min,Max,Average,Std. Dev.
0,1.496,13.458,4.935,2.55223862008658
1,1.496,13.458,4.935,2.55223862008658
2,1.496,13.145,4.765,2.484823511910932
3,1.496,13.021,4.499,2.382546299449522
4,1.496,12.821,4.174,2.2187267980587944
5,1.496,12.561,3.843,2.110898062958867
6,1.497,12.489,3.555,2.0070953790991184
7,1.496,12.156,3.252,1.8563901218462096
8,1.496,11.705,2.943,1.6890676253838184
9,1.496,11.295,2.64,1.5444563333288328
