Iteration,Min,Max,Average,Std. Dev.
0,1.526,11.555,4.929,2.3690819436276693
1,1.526,11.555,4.929,2.3690819436276693
2,1.525,11.533,4.914,2.362701714534529
3,1.525,11.525,4.882,2.3487269975624994
4,1.525,11.522,4.85,2.3370636175394224
5,1.525,11.474,4.811,2.3235993628475615
6,1.525,11.426,4.772,2.316380648194932
7,1.523,11.316,4.72,2.2948971187771936
8,1.521,11.243,4.661,2.27884347232223
9,1.519,11.188,4.603,2.260242827244486
