Iteration,Min,Max,Average,Std. Dev.
0,1.496,13.458,4.935,2.55223862008658
1,1.496,13.458,4.935,2.55223862008658
2,1.496,13.375,4.89,2.534169863404048
3,1.496,13.334,4.8,2.4981090946231497
4,1.496,13.247,4.667,2.4268996110845564
5,1.496,13.116,4.506,2.368714656306509
6,1.496,13.075,4.34,2.306206742267759
7,1.496,12.865,4.136,2.2098967045774867
8,1.496,12.562,3.903,2.0944636317616383
9,1.496,12.269,3.639,1.9999289842332917
