Iteration,Min,Max,Average,Std. Dev.
0,1.526,11.555,4.929,2.3690819436276693
1,1.526,11.555,4.929,2.3690819436276693
2,1.524,11.52,4.906,2.3590175989422266
3,1.524,11.503,4.84,2.330878802632347
4,1.523,11.496,4.761,2.3029556713171986
5,1.518,11.343,4.647,2.26420084004624
6,1.512,11.182,4.523,2.241736737626199
7,1.507,10.77,4.336,2.164619192369092
8,1.503,10.479,4.12,2.103298892352755
9,1.5,10.245,3.899,2.025781222364627
