Iteration,Min,Max,Average,Std. Dev.
0,1.526,11.555,4.929,2.3690819436276693
1,1.526,11.555,4.929,2.3690819436276693
2,1.51,10.948,4.54,2.2154506979073623
3,1.497,10.76,3.819,1.9587581572656758
4,1.497,10.698,3.178,1.7489590498326524
5,1.499,9.687,2.597,1.5331419204919128
6,1.498,8.704,2.243,1.3638317812061493
7,1.498,6.508,1.908,0.9677775415778728
8,1.496,5.54,1.792,0.7449477759602884
9,1.496,4.101,1.695,0.5066114208880744
