Iteration,Min,Max,Average,Std. Dev.
0,3.069,10.866,5.865,2.309745427909875
1,3.069,10.866,5.865,2.309745427909875
2,3.066,10.81,5.819,2.2928956713008968
3,2.934,10.495,5.683,2.2403959301710956
4,2.774,10.377,5.508,2.2583034943343714
5,2.703,10.126,5.362,2.2147697969847133
6,2.589,9.923,5.134,2.1287326454409894
7,2.546,9.534,4.78,1.9807451523462678
8,2.359,8.13,4.396,1.6307126303928439
9,2.336,7.013,3.97,1.3010378916904972
