Iteration,Min,Max,Average,Std. Dev.
0,1.526,11.555,4.929,2.3690819436276693
1,1.526,11.555,4.929,2.3690819436276693
2,1.525,11.527,4.91,2.361020155624621
3,1.525,11.514,4.858,2.3384205814977475
4,1.524,11.508,4.795,2.316000473099735
5,1.521,11.386,4.703,2.284857501427472
6,1.516,11.257,4.603,2.2665608594180746
7,1.511,10.928,4.453,2.2043390644860708
8,1.507,10.695,4.276,2.155510222414006
9,1.504,10.508,4.093,2.0942963409547795
