Iteration,Min,Max,Average,Std. Dev.
0,1.496,13.458,4.935,2.55223862008658
1,1.496,13.458,4.935,2.55223862008658
2,1.496,12.987,4.68,2.452098516195101
3,1.496,12.773,4.224,2.2837565931229413
4,1.497,12.368,3.62,2.0027363051202567
5,1.496,11.789,3.017,1.8072932258867054
6,1.496,11.617,2.56,1.5753663452925353
7,1.496,10.761,2.167,1.2582239647422016
8,1.496,9.559,1.896,0.9504702930371252
9,1.496,8.431,1.739,0.7469957107755858
