Iteration,Min,Max,Average,Std. Dev.
0,1.496,13.458,4.935,2.55223862008658
1,1.496,13.458,4.935,2.55223862008658
2,1.496,13.293,4.845,2.516313937846074
3,1.496,13.21,4.666,2.4457858702083226
4,1.496,13.036,4.402,2.3090460005439866
5,1.496,12.774,4.087,2.2037693197881025
6,1.496,12.692,3.774,2.08930178669354
7,1.496,12.269,3.402,1.9081862458758836
8,1.496,11.658,2.994,1.6904517424722507
9,1.496,11.069,2.574,1.5054667513268414
