Iteration,Min,Max,Average,Std. Dev.
0,1.496,13.458,4.935,2.55223862008658
1,1.496,13.458,4.935,2.55223862008658
2,1.496,13.431,4.921,2.5464891363197784
3,1.496,13.42,4.895,2.535968605433522
4,1.496,13.397,4.859,2.5163946247277433
5,1.496,13.365,4.818,2.5005827709676316
6,1.496,13.356,4.777,2.484209092263355
7,1.496,13.309,4.729,2.4603582425124424
8,1.496,13.244,4.675,2.433002673423689
9,1.496,13.182,4.613,2.4118847509479426
