Iteration,Min,Max,Average,Std. Dev.
0,1.526,11.555,4.929,2.3690819436276693
1,1.526,11.555,4.929,2.3690819436276693
2,1.522,11.421,4.842,2.3317496255130585
3,1.518,11.363,4.61,2.2360973260316857
4,1.504,11.337,4.342,2.143260750435824
5,1.497,10.833,3.982,2.0188833514971383
6,1.497,10.303,3.624,1.938812846858211
7,1.496,8.975,3.13,1.678538693280797
8,1.511,8.05,2.664,1.465456519046542
9,1.496,7.306,2.323,1.2197281895480738
