Iteration,Min,Max,Average,Std. Dev.
0,3.069,10.866,5.865,2.309745427909875
1,3.069,10.866,5.865,2.309745427909875
2,3.065,10.791,5.804,2.28753096681581
3,2.922,10.438,5.65,2.2279943585621904
4,2.763,10.316,5.473,2.2465206826082325
5,2.698,10.09,5.337,2.207763299537154
6,2.601,9.918,5.143,2.134103001485959
7,2.566,9.611,4.859,2.013162216395916
8,2.422,8.551,4.562,1.7489338077678556
9,2.404,7.725,4.241,1.5035537514131445
