Iteration,Min,Max,Average,Std. Dev.
0,1.526,11.555,4.929,2.3690819436276693
1,1.526,11.555,4.929,2.3690819436276693
2,1.522,11.42,4.841,2.331576548569455
3,1.521,11.373,4.652,2.2524263202785244
4,1.509,11.357,4.463,2.1849474504452107
5,1.503,11.065,4.235,2.1084768054429097
6,1.498,10.777,4.018,2.069108203225443
7,1.496,10.107,3.732,1.943915491975005
8,1.496,9.662,3.449,1.8335295241054743
9,1.496,9.326,3.186,1.7223991243835366
