Iteration,Min,Max,Average,Std. Dev.
0,3.069,10.866,5.865,2.309745427909875
1,3.069,10.866,5.865,2.309745427909875
2,3.064,10.766,5.783,2.2803268520647175
3,2.848,10.236,5.553,2.1927173649725886
4,2.601,10.043,5.275,2.22334547054463
5,2.497,9.651,5.051,2.1560453378671416
6,2.341,9.339,4.705,2.0163355980691757
7,2.286,8.748,4.191,1.7989630134455221
8,2.074,6.665,3.652,1.2569154120458879
9,2.049,5.055,3.079,0.7858357561446763
