Iteration,Min,Max,Average,Std. Dev.
0,1.526,11.555,4.929,2.3690819436276693
1,1.526,11.555,4.929,2.3690819436276693
2,1.525,11.55,4.925,2.3674744603341717
3,1.525,11.547,4.914,2.3626841336878184
4,1.525,11.546,4.9,2.357763339515517
5,1.526,11.518,4.88,2.3506446650724326
6,1.525,11.488,4.856,2.346151997831907
7,1.525,11.411,4.82,2.331035689483333
8,1.524,11.356,4.776,2.3186754273870394
9,1.525,11.31,4.729,2.3028054521778825
