Iteration,Min,Max,Average,Std. Dev.
0,1.496,13.458,4.935,2.55223862008658
1,1.496,13.458,4.935,2.55223862008658
2,1.496,12.832,4.597,2.4206635686368982
3,1.497,12.584,4.074,2.232254103017946
4,1.497,12.184,3.458,1.953932807816572
5,1.496,11.662,2.915,1.7640800732739286
6,1.496,11.517,2.535,1.55721313398447
7,1.496,10.848,2.206,1.300562797390672
8,1.496,9.939,1.963,1.0354033673533267
9,1.496,9.116,1.764,0.8399981778362894
