Iteration,Min,Max,Average,Std. Dev.
0,1.496,13.458,4.935,2.55223862008658
1,1.496,13.458,4.935,2.55223862008658
2,1.496,13.118,4.751,2.4791816492954712
3,1.496,12.963,4.418,2.353134989327606
4,1.496,12.671,3.971,2.1336827663251885
5,1.497,12.254,3.488,1.9838832514439748
6,1.496,12.129,3.066,1.8176615369033127
7,1.496,11.512,2.624,1.5673900627548567
8,1.496,10.645,2.23,1.2710346720452295
9,1.496,9.83,1.926,1.0209408753240252
