Iteration,Min,Max,Average,Std. Dev.
0,3.069,10.866,5.865,2.309745427909875
1,3.069,10.866,5.865,2.309745427909875
2,3.067,10.829,5.835,2.298517008867821
3,2.99,10.643,5.754,2.2670358227615313
4,2.9,10.577,5.655,2.2778049802037628
5,2.862,10.449,5.576,2.256879191114192
6,2.801,10.35,5.463,2.21690316598824
7,2.779,10.171,5.292,2.1465949908187913
8,2.681,9.538,5.11,1.9952841833620056
9,2.669,9.038,4.907,1.8522184558832868
