Iteration,Min,Max,Average,Std. Dev.
0,1.526,11.555,4.929,2.3690819436276693
1,1.526,11.555,4.929,2.3690819436276693
2,1.513,11.072,4.619,2.2439198618288896
3,1.497,10.915,4.007,2.0132298699241367
4,1.496,10.861,3.437,1.8181470913343745
5,1.496,9.943,2.855,1.6160054698676314
6,1.503,9.037,2.452,1.4615631830150422
7,1.503,6.974,2.025,1.0793492624141587
8,1.497,5.919,1.876,0.8465684618314139
9,1.496,4.654,1.77,0.6247217513330077
