Iteration,Min,Max,Average,Std. Dev.
0,3.069,10.866,5.865,2.309745427909875
1,3.069,10.866,5.865,2.309745427909875
2,3.064,10.762,5.78,2.2793003283533118
3,2.854,10.243,5.555,2.1930958891544288
4,2.62,10.059,5.29,2.222544659425895
5,2.524,9.702,5.083,2.1615201064413467
6,2.382,9.425,4.773,2.036819723523349
7,2.332,8.911,4.319,1.8422603963148778
8,2.137,7.122,3.849,1.3797043183261177
9,2.113,5.74,3.346,0.9638927657855102
