Iteration,Min,Max,Average,Std. Dev.
0,3.069,10.866,5.865,2.309745427909875
1,3.069,10.866,5.865,2.309745427909875
2,3.068,10.837,5.841,2.3007522642057405
3,3.017,10.71,5.786,2.279008502269592
4,2.962,10.67,5.724,2.2859827009277525
5,2.94,10.6,5.679,2.275495184218452
6,2.909,10.55,5.62,2.2560405012797062
7,2.898,10.465,5.537,2.222699373250552
8,2.851,10.179,5.451,2.156116351887818
9,2.845,9.958,5.36,2.0935652736870325
