Iteration,Min,Max,Average,Std. Dev.
0,1.526,11.555,4.929,2.3690819436276693
1,1.526,11.555,4.929,2.3690819436276693
2,1.517,11.243,4.728,2.285351433822814
3,1.509,11.141,4.319,2.125331767437992
4,1.496,11.106,3.936,1.9862270084790117
5,1.496,10.515,3.506,1.8394070080996785
6,1.496,9.936,3.152,1.7433549841691358
7,1.501,8.614,2.708,1.4931125195770711
8,1.496,7.748,2.355,1.3080589676351526
9,1.496,7.101,2.134,1.096881040082203
