Iteration,Min,Max,Average,Std. Dev.
0,3.069,10.866,5.865,2.309745427909875
1,3.069,10.866,5.865,2.309745427909875
2,3.063,10.749,5.769,2.27558780947266
3,2.893,10.3,5.573,2.1994234789945457
4,2.723,10.163,5.376,2.2225891716457005
5,2.661,9.949,5.241,2.1879413564596204
6,2.578,9.802,5.072,2.1229342730803977
7,2.551,9.56,4.843,2.02417772713214
8,2.444,8.774,4.619,1.8273856443163268
9,2.432,8.182,4.385,1.6492414874758712
