Iteration,Min,Max,Average,Std. Dev.
0,1.526,11.555,4.929,2.3690819436276693
1,1.526,11.555,4.929,2.3690819436276693
2,1.52,11.342,4.791,2.3107740760837756
3,1.512,11.26,4.463,2.1789699036344565
4,1.498,11.227,4.115,2.056843194115262
5,1.496,10.618,3.684,1.9051275996779016
6,1.497,9.996,3.296,1.8008063102264222
7,1.496,8.493,2.78,1.5130855681303055
8,1.497,7.472,2.367,1.287079418473667
9,1.497,6.677,2.109,1.0295400543367472
