Iteration,Min,Max,Average,Std. Dev.
0,3.069,10.866,5.865,2.309745427909875
1,3.069,10.866,5.865,2.309745427909875
2,3.063,10.745,5.766,2.2744614622942376
3,2.835,10.171,5.516,2.1791002246411164
4,2.589,9.974,5.234,2.2123902368704136
5,2.491,9.607,5.019,2.1510461163066688
6,2.35,9.327,4.707,2.0236910076745853
7,2.302,8.821,4.26,1.8297333388097154
8,2.117,7.088,3.805,1.3785989386395654
9,2.095,5.759,3.322,0.9756658639132789
