Iteration,Min,Max,Average,Std. Dev.
0,1.526,11.555,4.929,2.3690819436276693
1,1.526,11.555,4.929,2.3690819436276693
2,1.516,11.214,4.709,2.2782372412369303
3,1.507,11.103,4.266,2.1053087742453163
4,1.496,11.065,3.851,1.9550434486537287
5,1.496,10.42,3.389,1.7986543757418578
6,1.496,9.787,3.02,1.6907539230369466
7,1.496,8.342,2.562,1.4181200169546209
8,1.504,7.395,2.24,1.2119207960155243
9,1.496,6.69,2.041,0.9966834463456964
