Iteration,Min,Max,Average,Std. Dev.
0,1.496,13.458,4.935,2.55223862008658
1,1.496,13.458,4.935,2.55223862008658
2,1.496,12.884,4.625,2.4311246102804493
3,1.497,12.657,4.144,2.255979736833683
4,1.497,12.291,3.572,1.9931127708441927
5,1.496,11.812,3.05,1.8195818392947927
6,1.496,11.679,2.666,1.6293837484164486
7,1.496,11.066,2.314,1.3851538085440767
8,1.496,10.233,2.038,1.1190046777077867
9,1.496,9.478,1.818,0.9079661120006979
