Iteration,Min,Max,Average,Std. Dev.
0,3.069,10.866,5.865,2.309745427909875
1,3.069,10.866,5.865,2.309745427909875
2,3.062,10.735,5.758,2.2719230112306072
3,2.818,10.117,5.49,2.1694707140995106
4,2.556,9.905,5.186,2.206362614491006
5,2.452,9.51,4.956,2.1411846558808754
6,2.304,9.209,4.62,2.002668883388674
7,2.254,8.663,4.143,1.79502651994059
8,2.066,6.794,3.659,1.3051126482806685
9,2.044,5.367,3.148,0.8759701256632125
