Iteration,Min,Max,Average,Std. Dev.
0,1.526,11.555,4.929,2.3690819436276693
1,1.526,11.555,4.929,2.3690819436276693
2,1.524,11.487,4.885,2.3500069330877045
3,1.523,11.454,4.754,2.29450638807779
4,1.514,11.438,4.589,2.237473103365527
5,1.506,11.104,4.348,2.15526853187887
6,1.499,10.743,4.083,2.1072989208970827
7,1.496,9.805,3.693,1.9301212432128274
8,1.496,9.135,3.286,1.7627004894268983
9,1.496,8.582,2.891,1.5788779606762662
