Iteration,Min,Max,Average,Std. Dev.
0,3.069,10.866,5.865,2.309745427909875
1,3.069,10.866,5.865,2.309745427909875
2,3.067,10.824,5.831,2.297023399001391
3,2.967,10.588,5.728,2.2574624015346814
4,2.845,10.499,5.595,2.2715296095120183
5,2.79,10.31,5.484,2.239551530312025
6,2.701,10.158,5.312,2.1766377829127554
7,2.667,9.869,5.043,2.065010881751936
8,2.514,8.818,4.748,1.8085993631571777
9,2.495,7.978,4.417,1.5644731183492506
