Iteration,Min,Max,Average,Std. Dev.
0,1.496,13.458,4.935,2.55223862008658
1,1.496,13.458,4.935,2.55223862008658
2,1.496,13.013,4.695,2.4574689122432014
3,1.496,12.811,4.263,2.297303245933633
4,1.497,12.428,3.689,2.027375352271734
5,1.496,11.882,3.105,1.8413866429759382
6,1.496,11.719,2.647,1.6223747379802185
7,1.496,10.911,2.233,1.3163284594062283
8,1.496,9.775,1.94,0.9980227491256843
9,1.496,8.71,1.752,0.7815052350217022
