Iteration,Min,Max,Average,Std. Dev.
0,1.526,11.555,4.929,2.3690819436276693
1,1.526,11.555,4.929,2.3690819436276693
2,1.524,11.52,4.906,2.3589938549298033
3,1.524,11.509,4.86,2.3389379607934857
4,1.524,11.505,4.818,2.323251907857128
5,1.525,11.447,4.768,2.306493831987976
6,1.522,11.391,4.722,2.2980333406290643
7,1.52,11.267,4.663,2.273849272252077
8,1.518,11.186,4.598,2.2563445179107164
9,1.516,11.128,4.535,2.236816911716344
