Iteration,Min,Max,Average,Std. Dev.
0,3.069,10.866,5.865,2.309745427909875
1,3.069,10.866,5.865,2.309745427909875
2,3.067,10.829,5.834,2.2984118764778065
3,2.978,10.619,5.744,2.2631921251736844
4,2.869,10.54,5.624,2.2759687570324005
5,2.82,10.372,5.525,2.247811683539805
6,2.739,10.237,5.372,2.1924039927351573
7,2.709,9.98,5.131,2.093144961900251
8,2.57,9.046,4.868,1.8672264960040321
9,2.552,8.299,4.57,1.6514032058440529
