Iteration,Min,Max,Average,Std. Dev.
0,3.069,10.866,5.865,2.309745427909875
1,3.069,10.866,5.865,2.309745427909875
2,3.051,10.531,5.592,2.2226118910692034
3,2.571,9.19,5.012,2.0046797038908664
4,2.149,8.768,4.452,2.1092652172866213
5,2.012,8.084,4.067,2.0193669546042092
6,1.852,7.581,3.539,1.750647231462453
7,1.823,6.712,2.87,1.4364985783225799
8,1.856,3.972,2.292,0.6534987314295707
9,1.496,2.313,1.973,0.2530260156934394
