Iteration,Min,Max,Average,Std. Dev.
0,3.069,10.866,5.865,2.309745427909875
1,3.069,10.866,5.865,2.309745427909875
2,3.061,10.718,5.744,2.267295906424538
3,2.82,10.09,5.471,2.1625584377597638
4,2.573,9.887,5.181,2.199433183477291
5,2.48,9.541,4.973,2.143616824663296
6,2.353,9.289,4.689,2.0267653096211107
7,2.311,8.853,4.299,1.8536086704489354
8,2.151,7.4,3.911,1.475351431450511
9,2.132,6.301,3.503,1.1363876703366524
