Iteration,Min,Max,Average,Std. Dev.
0,1.526,11.555,4.929,2.3690819436276693
1,1.526,11.555,4.929,2.3690819436276693
2,1.524,11.487,4.885,2.3500515637582797
3,1.523,11.46,4.773,2.302548818182894
4,1.517,11.448,4.649,2.258378897523396
5,1.511,11.228,4.482,2.2017284912158885
6,1.504,11.001,4.307,2.171302203200191
7,1.5,10.443,4.06,2.0683720534541084
8,1.497,10.059,3.792,1.9810634497663548
9,1.496,9.757,3.533,1.8779466753689864
