Iteration,Min,Max,Average,Std. Dev.
0,1.496,13.458,4.935,2.55223862008658
1,1.496,13.458,4.935,2.55223862008658
2,1.496,13.447,4.929,2.549947362152445
3,1.496,13.441,4.916,2.544816640257944
4,1.496,13.428,4.896,2.5337621600262454
5,1.496,13.406,4.87,2.523800446132393
6,1.496,13.4,4.842,2.5122908113826625
7,1.496,13.362,4.805,2.4939866745941734
8,1.496,13.306,4.76,2.471618197029595
9,1.496,13.252,4.706,2.4532367439469795
