Iteration,Min,Max,Average,Std. Dev.
0,3.069,10.866,5.865,2.309745427909875
1,3.069,10.866,5.865,2.309745427909875
2,3.055,10.6,5.648,2.2378851748612316
3,2.639,9.474,5.16,2.0536993140869217
4,2.249,9.11,4.663,2.137079243420635
5,2.113,8.491,4.309,2.0500534836491804
6,1.943,8.031,3.81,1.8201795004125458
7,1.897,7.217,3.163,1.5322130299193197
8,1.93,4.589,2.562,0.7917350326582906
9,1.514,2.744,2.06,0.32793057874896464
