Iteration,Min,Max,Average,Std. Dev.
0,1.496,13.458,4.935,2.55223862008658
1,1.496,13.458,4.935,2.55223862008658
2,1.496,13.03,4.703,2.4608855951061472
3,1.496,12.844,4.307,2.3127490486689974
4,1.497,12.511,3.795,2.0681485942325835
5,1.496,12.05,3.275,1.9047642371956441
6,1.496,11.915,2.851,1.7213048039159984
7,1.496,11.264,2.434,1.461410032341827
8,1.496,10.359,2.094,1.1638539502727536
9,1.496,9.519,1.842,0.9296296287107595
