Iteration,Min,Max,Average,Std. Dev.
0,1.496,13.458,4.935,2.55223862008658
1,1.496,13.458,4.935,2.55223862008658
2,1.496,13.292,4.845,2.516145195246679
3,1.496,13.223,4.696,2.4574041954124324
4,1.496,13.107,4.507,2.357680650407146
5,1.496,12.95,4.304,2.2861336348239685
6,1.496,12.906,4.116,2.2165241468645465
7,1.496,12.697,3.906,2.118495113978018
8,1.496,12.41,3.683,2.005658372354951
9,1.496,12.146,3.448,1.915287015702655
