Iteration,Min,Max,Average,Std. Dev.
0,1.496,13.458,4.935,2.55223862008658
1,1.496,13.458,4.935,2.55223862008658
2,1.496,13.287,4.842,2.515156398843312
3,1.496,13.197,4.647,2.438786790768453
4,1.496,12.999,4.351,2.2859513809476764
5,1.496,12.69,3.988,2.1668370038546154
6,1.496,12.592,3.621,2.03388294080704
7,1.496,12.069,3.187,1.8160881989093562
8,1.496,11.305,2.714,1.5565406517630218
9,1.496,10.561,2.275,1.3166689560355906
