Iteration,Min,Max,Average,Std. Dev.
0,1.496,13.458,4.935,2.55223862008658
1,1.496,13.458,4.935,2.55223862008658
2,1.496,13.425,4.917,2.545003700094281
3,1.496,13.41,4.886,2.5323904264614217
4,1.496,13.385,4.844,2.509756272019116
5,1.496,13.35,4.798,2.4919776161641147
6,1.496,13.339,4.754,2.474067882327496
7,1.496,13.29,4.702,2.4485526591936893
8,1.496,13.222,4.645,2.419749934140013
9,1.496,13.158,4.581,2.3978637817147677
