Iteration,Min,Max,Average,Std. Dev.
0,1.496,13.458,4.935,2.55223862008658
1,1.496,13.458,4.935,2.55223862008658
2,1.496,13.21,4.801,2.498678752831859
3,1.496,13.086,4.532,2.3952982041317976
4,1.496,12.825,4.142,2.1991319036172383
5,1.496,12.431,3.685,2.0561337176834713
6,1.496,12.309,3.255,1.8950999705708198
7,1.496,11.67,2.777,1.6364738131248802
8,1.496,10.749,2.317,1.3256560312407344
9,1.496,9.864,1.966,1.0517460079447747
