Iteration,Min,Max,Average,Std. Dev.
0,1.496,13.458,4.935,2.55223862008658
1,1.496,13.458,4.935,2.55223862008658
2,1.496,12.96,4.666,2.4466515112364267
3,1.496,12.755,4.228,2.2849514804450313
4,1.497,12.404,3.685,2.0302475464472467
5,1.496,11.933,3.161,1.862050687679417
6,1.496,11.799,2.754,1.6750404021205414
7,1.496,11.164,2.369,1.4217878725630557
8,1.496,10.293,2.062,1.1393284002091433
9,1.496,9.494,1.83,0.9171863347548362
