Iteration,Min,Max,Average,Std. Dev.
0,3.069,10.866,5.865,2.309745427909875
1,3.069,10.866,5.865,2.309745427909875
2,3.047,10.445,5.523,2.205310097286009
3,2.496,8.845,4.834,1.9485445453957098
4,2.047,8.357,4.208,2.078311663162368
5,1.893,7.6,3.789,1.992993257530447
6,1.788,7.05,3.239,1.6674246448181222
7,1.744,6.123,2.569,1.3081483388949044
8,1.6,3.289,2.054,0.49660796325022893
9,1.512,2.43,1.898,0.28221351589800486
