Iteration,Min,Max,Average,Std. Dev.
0,3.069,10.866,5.865,2.309745427909875
1,3.069,10.866,5.865,2.309745427909875
2,3.065,10.784,5.798,2.2853089127997195
3,2.885,10.347,5.608,2.2127540527000074
4,2.678,10.188,5.377,2.23696046405079
5,2.589,9.865,5.191,2.1807493227544206
6,2.453,9.609,4.905,2.0681918869919356
7,2.404,9.125,4.473,1.8856720989329778
8,2.203,7.413,4.017,1.4483614466349626
9,2.178,6.073,3.524,1.0473998740382153
