Iteration,Min,Max,Average,Std. Dev.
0,1.496,13.458,4.935,2.55223862008658
1,1.496,13.458,4.935,2.55223862008658
2,1.496,12.865,4.615,2.4273768167030294
3,1.496,12.608,4.072,2.231470161610199
4,1.497,12.147,3.389,1.924719850008848
5,1.496,11.507,2.777,1.700043396824997
6,1.496,11.32,2.362,1.4552281913884455
7,1.496,10.418,2.052,1.137430735634963
8,1.496,9.164,1.831,0.8650074710406607
9,1.496,8.002,1.717,0.6861119878332107
