Iteration,Min,Max,Average,Std. Dev.
0,3.069,10.866,5.865,2.309745427909875
1,3.069,10.866,5.865,2.309745427909875
2,3.064,10.763,5.78,2.27936878435651
3,2.892,10.322,5.589,2.205183312554248
4,2.712,10.18,5.383,2.228227812195421
5,2.642,9.937,5.235,2.187511204107988
6,2.545,9.761,5.035,2.1098960463994425
7,2.512,9.459,4.754,1.988696044914185
8,2.379,8.448,4.471,1.734015034209045
9,2.363,7.675,4.172,1.5008251131153802
