Iteration,Min,Max,Average,Std. Dev.
0,1.496,13.458,4.935,2.55223862008658
1,1.496,13.458,4.935,2.55223862008658
2,1.496,13.444,4.928,2.549354597312142
3,1.496,13.438,4.912,2.5432222029654663
4,1.496,13.422,4.889,2.5304888882442222
5,1.496,13.399,4.86,2.519320181484265
6,1.496,13.391,4.829,2.5067629755550853
7,1.496,13.351,4.789,2.4872223602540307
8,1.496,13.294,4.743,2.4637166086982036
9,1.496,13.237,4.687,2.4446969320771657
