Iteration,Min,Max,Average,Std. Dev.
0,3.069,10.866,5.865,2.309745427909875
1,3.069,10.866,5.865,2.309745427909875
2,3.069,10.852,5.854,2.305448373849224
3,3.035,10.773,5.82,2.292142174522996
4,2.993,10.744,5.773,2.297441685736317
5,2.973,10.681,5.735,2.287347836185972
6,2.941,10.63,5.677,2.2676723897944915
7,2.929,10.534,5.584,2.230959421675864
8,2.871,10.186,5.481,2.151108548367822
9,2.863,9.906,5.365,2.072674058692635
