Iteration,Min,Max,Average,Std. Dev.
0,1.496,13.458,4.935,2.55223862008658
1,1.496,13.458,4.935,2.55223862008658
2,1.496,13.309,4.854,2.519867620435539
3,1.496,13.235,4.692,2.456103969991533
4,1.496,13.078,4.455,2.3320050547303666
5,1.496,12.842,4.17,2.235378342602487
6,1.496,12.769,3.884,2.1304003081784133
7,1.496,12.388,3.54,1.9668723056872834
8,1.496,11.839,3.163,1.7659006363015297
9,1.496,11.31,2.76,1.600318491332851
