Iteration,Min,Max,Average,Std. Dev.
0,1.526,11.555,4.929,2.3690819436276693
1,1.526,11.555,4.929,2.3690819436276693
2,1.524,11.513,4.901,2.35702020688263
3,1.524,11.493,4.823,2.3233862186965615
4,1.521,11.484,4.728,2.289999537932798
5,1.516,11.301,4.592,2.243691369615066
6,1.509,11.107,4.443,2.2171752288638227
7,1.504,10.612,4.221,2.125286074430138
8,1.5,10.263,3.968,2.0494776625656987
9,1.496,9.98,3.714,1.954941891400412
