Iteration,Min,Max,Average,Std. Dev.
0,3.069,10.866,5.865,2.309745427909875
1,3.069,10.866,5.865,2.309745427909875
2,3.062,10.737,5.759,2.272306779198276
3,2.835,10.158,5.507,2.1758149722467537
4,2.597,9.965,5.231,2.209132420140047
5,2.504,9.621,5.027,2.15228099310908
6,2.374,9.365,4.74,2.035193952799122
7,2.33,8.913,4.335,1.8580464638834535
8,2.159,7.382,3.928,1.46118064436008
9,2.139,6.215,3.496,1.1036468902642773
