Iteration,Min,Max,Average,Std. Dev.
0,3.069,10.866,5.865,2.309745427909875
1,3.069,10.866,5.865,2.309745427909875
2,3.069,10.851,5.853,2.305206863758534
3,3.037,10.777,5.821,2.2925229038494392
4,3.001,10.751,5.78,2.2972250381701023
5,2.985,10.699,5.747,2.289274183890111
6,2.959,10.66,5.702,2.27412049046238
7,2.95,10.588,5.632,2.2466189484932637
8,2.907,10.336,5.557,2.189161476622511
9,2.902,10.137,5.474,2.1332902237470117
