Iteration,Min,Max,Average,Std. Dev.
0,1.526,11.555,4.929,2.3690819436276693
1,1.526,11.555,4.929,2.3690819436276693
2,1.523,11.459,4.867,2.34219777878759
3,1.521,11.412,4.681,2.264826054142766
4,1.507,11.39,4.45,2.1852058762006252
5,1.5,10.916,4.115,2.0699997312814715
6,1.496,10.402,3.76,1.9958247590273606
7,1.496,9.067,3.252,1.7338892854283754
8,1.505,8.114,2.754,1.5095572290086163
9,1.496,7.326,2.37,1.2480495551183004
