Iteration,Min,Max,Average,Std. Dev.
0,3.069,10.866,5.865,2.309745427909875
1,3.069,10.866,5.865,2.309745427909875
2,3.06,10.702,5.731,2.263034016740735
3,2.826,10.075,5.457,2.157662169065219
4,2.598,9.883,5.185,2.1939005922573753
5,2.515,9.585,4.999,2.1473327435149288
6,2.408,9.377,4.763,2.051323730533412
7,2.373,9.036,4.45,1.9114023832132296
8,2.242,7.93,4.146,1.6256893476424383
9,2.227,7.102,3.829,1.3696288257631828
