Iteration,Min,Max,Average,Std. Dev.
0,1.496,13.458,4.935,2.55223862008658
1,1.496,13.458,4.935,2.55223862008658
2,1.496,13.104,4.744,2.4764278728509024
3,1.496,12.936,4.382,2.3398405706469667
4,1.496,12.6,3.879,2.096074568785564
5,1.496,12.106,3.33,1.926002250222749
6,1.496,11.955,2.862,1.7268061193030053
7,1.496,11.19,2.392,1.4297362427638092
8,1.496,10.1,2.029,1.0915040930691629
9,1.496,9.066,1.793,0.8481373698627651
