Iteration,Min,Max,Average,Std. Dev.
0,1.526,11.555,4.929,2.3690819436276693
1,1.526,11.555,4.929,2.3690819436276693
2,1.523,11.465,4.871,2.343988297926505
3,1.522,11.427,4.715,2.278642303717498
4,1.511,11.41,4.536,2.215673828974883
5,1.504,11.074,4.288,2.1317347046932316
6,1.498,10.723,4.03,2.084431406776493
7,1.496,9.843,3.664,1.9180287439837411
8,1.496,9.229,3.292,1.7638620742121844
9,1.496,8.738,2.935,1.6016302962018127
