Iteration,Min,Max,Average,Std. Dev.
0,1.496,13.458,4.935,2.55223862008658
1,1.496,13.458,4.935,2.55223862008658
2,1.496,13.405,4.906,2.5407326848311884
3,1.496,13.377,4.846,2.5164519592047214
4,1.496,13.316,4.753,2.4664631131160815
5,1.496,13.222,4.638,2.423802012415111
6,1.496,13.192,4.515,2.376479325031007
7,1.496,13.032,4.36,2.3022871701809793
8,1.496,12.8,4.178,2.212728169215664
9,1.496,12.573,3.966,2.1406266693956284
