Iteration,Min,Max,Average,Std. Dev.
0,1.526,11.555,4.929,2.3690819436276693
1,1.526,11.555,4.929,2.3690819436276693
2,1.521,11.394,4.824,2.32450549280997
3,1.515,11.324,4.547,2.2113894412766375
4,1.5,11.293,4.228,2.101150909943088
5,1.496,10.688,3.804,1.9522333944269432
6,1.498,10.049,3.399,1.8468945662172245
7,1.496,8.451,2.841,1.538927568874596
8,1.497,7.339,2.387,1.28692456579159
9,1.497,6.446,2.103,0.999440998486569
