Iteration,Min,Max,Average,Std. Dev.
0,1.496,13.458,4.935,2.55223862008658
1,1.496,13.458,4.935,2.55223862008658
2,1.496,13.406,4.906,2.540813968755109
3,1.496,13.377,4.843,2.51544445034264
4,1.496,13.309,4.743,2.4613176893198547
5,1.496,13.202,4.614,2.414074772883446
6,1.496,13.167,4.473,2.3603713444424885
7,1.496,12.978,4.292,2.2742813608361803
8,1.496,12.699,4.078,2.1688070702173428
9,1.496,12.423,3.826,2.082188161178207
