Iteration,Min,Max,Average,Std. Dev.
0,3.069,10.866,5.865,2.309745427909875
1,3.069,10.866,5.865,2.309745427909875
2,3.067,10.815,5.823,2.2942652932443854
3,2.945,10.526,5.698,2.246064305734005
4,2.798,10.418,5.537,2.262673534125653
5,2.732,10.187,5.402,2.2229846809239477
6,2.625,10.002,5.193,2.144748858479872
7,2.586,9.646,4.867,2.008732527793212
8,2.409,8.359,4.513,1.6902458195808134
9,2.387,7.335,4.117,1.3890714025683637
