Iteration,Min,Max,Average,Std. Dev.
0,1.496,13.458,4.935,2.55223862008658
1,1.496,13.458,4.935,2.55223862008658
2,1.496,13.222,4.807,2.5011415750371517
3,1.496,13.097,4.538,2.397379697850626
4,1.496,12.822,4.132,2.193629666348583
5,1.496,12.394,3.644,2.042244315489354
6,1.496,12.257,3.179,1.865962950091257
7,1.496,11.53,2.662,1.5786085491104507
8,1.496,10.469,2.195,1.2287675808489056
9,1.496,9.437,1.877,0.9492666292536492
