Iteration,Min,Max,Average,Std. Dev.
0,3.069,10.866,5.865,2.309745427909875
1,3.069,10.866,5.865,2.309745427909875
2,3.063,10.748,5.768,2.27520423550636
3,2.825,10.154,5.51,2.1770961824005646
4,2.562,9.945,5.21,2.2123440995553763
5,2.456,9.537,4.974,2.1439749918659152
6,2.3,9.219,4.622,1.9990998951981909
7,2.246,8.628,4.11,1.7797409885248967
8,2.047,6.582,3.584,1.2431966990130587
9,2.024,5.013,3.029,0.781129061075017
