Iteration,Min,Max,Average,Std. Dev.
0,3.069,10.866,5.865,2.309745427909875
1,3.069,10.866,5.865,2.309745427909875
2,3.062,10.726,5.751,2.2694097381258604
3,2.801,10.064,5.463,2.1598834749507945
4,2.523,9.837,5.139,2.2005595847370745
5,2.414,9.414,4.892,2.1317615132563072
6,2.259,9.091,4.534,1.9819786135929438
7,2.207,8.503,4.027,1.7611149231347845
8,2.02,6.499,3.515,1.232241190198446
9,1.999,4.978,2.981,0.7798904574890335
