Iteration,Min,Max,Average,Std. Dev.
0,1.496,13.458,4.935,2.55223862008658
1,1.496,13.458,4.935,2.55223862008658
2,1.496,13.249,4.822,2.5069426508455055
3,1.496,13.166,4.643,2.4369530394694117
4,1.496,13.033,4.424,2.3227473776764502
5,1.496,12.86,4.197,2.244107367992477
6,1.496,12.812,3.993,2.169042987706251
7,1.496,12.592,3.771,2.0659201074926474
8,1.497,12.292,3.541,1.9472597073883238
9,1.496,12.019,3.303,1.8520864823952725
