Iteration,Min,Max,Average,Std. Dev.
0,1.526,11.555,4.929,2.3690819436276693
1,1.526,11.555,4.929,2.3690819436276693
2,1.525,11.546,4.923,2.3665357591924367
3,1.525,11.542,4.907,2.3597092512828075
4,1.525,11.541,4.889,2.353175603695982
5,1.526,11.507,4.864,2.3443997044485303
6,1.525,11.473,4.836,2.3391417911797694
7,1.524,11.386,4.795,2.322159433946372
8,1.524,11.325,4.747,2.308672014966262
9,1.524,11.277,4.697,2.291916921478072
