Iteration,Min,Max,Average,Std. Dev.
0,1.496,13.458,4.935,2.55223862008658
1,1.496,13.458,4.935,2.55223862008658
2,1.496,13.359,4.881,2.530581281456326
3,1.496,13.309,4.773,2.4874982520967412
4,1.496,13.205,4.614,2.402721541641052
5,1.496,13.048,4.421,2.334252468498726
6,1.496,12.999,4.224,2.260689798579019
7,1.496,12.746,3.982,2.1473120345690733
8,1.496,12.381,3.709,2.009175766189465
9,1.496,12.029,3.404,1.8954814958679578
