Iteration,Min,Max,Average,Std. Dev.
0,3.069,10.866,5.865,2.309745427909875
1,3.069,10.866,5.865,2.309745427909875
2,3.066,10.795,5.807,2.2886802676291924
3,2.911,10.421,5.645,2.226243718143363
4,2.73,10.285,5.445,2.2467676160412373
5,2.652,10.007,5.284,2.198551420264335
6,2.531,9.788,5.038,2.1037002209362585
7,2.488,9.375,4.664,1.945899144718409
8,2.301,7.91,4.266,1.5766410503204524
9,2.278,6.757,3.831,1.2326896032739871
