Iteration,Min,Max,Average,Std. Dev.
0,1.526,11.555,4.929,2.3690819436276693
1,1.526,11.555,4.929,2.3690819436276693
2,1.525,11.521,4.907,2.3594857957134594
3,1.524,11.505,4.841,2.3311966912077535
4,1.523,11.497,4.758,2.302143905265773
5,1.518,11.33,4.635,2.2602762832119425
6,1.511,11.151,4.498,2.2355253038098217
7,1.506,10.684,4.288,2.1485011733712405
8,1.501,10.351,4.044,2.077368920606786
9,1.498,10.078,3.794,1.986289354783938
