Iteration,Min,Max,Average,Std. Dev.
0,1.496,13.458,4.935,2.55223862008658
1,1.496,13.458,4.935,2.55223862008658
2,1.496,13.291,4.845,2.5160605308526565
3,1.496,13.212,4.673,2.4483914924618397
4,1.496,13.054,4.429,2.321513300619499
5,1.496,12.822,4.145,2.2255171732512045
6,1.496,12.752,3.868,2.1237876366080943
7,1.496,12.395,3.542,1.9686714023267688
8,1.496,11.886,3.188,1.7802249902855047
9,1.496,11.402,2.812,1.6254948187591594
