Iteration,Min,Max,Average,Std. Dev.
0,1.526,11.555,4.929,2.3690819436276693
1,1.526,11.555,4.929,2.3690819436276693
2,1.519,11.307,4.769,2.3017538650652294
3,1.512,11.222,4.425,2.1648084184148795
4,1.498,11.191,4.088,2.0443448418205237
5,1.496,10.653,3.694,1.9075835824594596
6,1.497,10.12,3.35,1.8226429803958024
7,1.496,8.879,2.908,1.5838338692863143
8,1.498,8.055,2.521,1.4040091036257203
9,1.496,7.431,2.26,1.1984986727286084
