Iteration,Min,Max,Average,Std. Dev.
0,1.526,11.555,4.929,2.3690819436276693
1,1.526,11.555,4.929,2.3690819436276693
2,1.524,11.513,4.901,2.3570485597261865
3,1.524,11.496,4.834,2.328212492669536
4,1.524,11.49,4.763,2.3023709388662654
5,1.519,11.369,4.668,2.2703601356982652
6,1.514,11.247,4.572,2.2529639246515796
7,1.51,10.952,4.436,2.1973017954505636
8,1.507,10.752,4.282,2.1552241557512977
9,1.504,10.597,4.128,2.1053446044229904
