Iteration,Min,Max,Average,Std. Dev.
0,1.496,13.458,4.935,2.55223862008658
1,1.496,13.458,4.935,2.55223862008658
2,1.496,13.416,4.912,2.543135600592476
3,1.496,13.399,4.875,2.528003003920869
4,1.496,13.37,4.827,2.501806220584943
5,1.496,13.331,4.775,2.481805653290811
6,1.496,13.32,4.726,2.462206777625302
7,1.496,13.268,4.671,2.4348994339487957
8,1.496,13.197,4.611,2.4045583795020526
9,1.496,13.131,4.545,2.3818649668781178
