Iteration,Min,Max,Average,Std. Dev.
0,1.496,13.458,4.935,2.55223862008658
1,1.496,13.458,4.935,2.55223862008658
2,1.496,13.235,4.814,2.5039332773433665
3,1.496,13.117,4.56,2.4055614542166595
4,1.496,12.857,4.175,2.2116063111785302
5,1.496,12.453,3.711,2.0661752381211467
6,1.496,12.324,3.263,1.8990861474206862
7,1.496,11.638,2.757,1.6248426013525494
8,1.496,10.636,2.276,1.290856116955148
9,1.496,9.662,1.926,1.0054707793504727
