Iteration,Min,Max,Average,Std. Dev.
0,1.526,11.555,4.929,2.3690819436276693
1,1.526,11.555,4.929,2.3690819436276693
2,1.522,11.442,4.855,2.3374783018037792
3,1.522,11.405,4.703,2.2733462047598807
4,1.513,11.392,4.558,2.220689823700674
5,1.507,11.179,4.386,2.1631722403800793
6,1.502,10.972,4.224,2.1352868516719066
7,1.499,10.5,4.012,2.047870831178222
8,1.497,10.189,3.794,1.9775990413553113
9,1.496,9.959,3.591,1.9015487674196823
