Iteration,Min,Max,Average,Std. Dev.
0,1.496,13.458,4.935,2.55223862008658
1,1.496,13.458,4.935,2.55223862008658
2,1.496,12.795,4.577,2.4133010574497167
3,1.496,12.52,4.0,2.207275515329161
4,1.496,12.053,3.306,1.8973859766509167
5,1.496,11.423,2.719,1.6682657150707694
6,1.496,11.244,2.331,1.433860590266608
7,1.496,10.398,2.044,1.13521711608571
8,1.496,9.236,1.831,0.8732824051529858
9,1.496,8.171,1.708,0.6994200565287176
