Iteration,Min,Max,Average,Std. Dev.
0,3.069,10.866,5.865,2.309745427909875
1,3.069,10.866,5.865,2.309745427909875
2,3.061,10.708,5.735,2.264458756796683
3,2.767,9.958,5.41,2.140832708874057
4,2.459,9.7,5.045,2.1895110040070795
5,2.34,9.222,4.767,2.113977953708437
6,2.174,8.855,4.362,1.9413966969244578
7,2.119,8.184,3.798,1.6959124280105113
8,1.944,5.91,3.232,1.0892538629365758
9,1.927,4.207,2.657,0.6132197128360914
