Iteration,Min,Max,Average,Std. Dev.
0,3.069,10.866,5.865,2.309745427909875
1,3.069,10.866,5.865,2.309745427909875
2,3.057,10.632,5.674,2.2453955002331076
3,2.73,9.738,5.285,2.0970776613320443
4,2.423,9.465,4.905,2.156540430683925
5,2.316,9.04,4.646,2.0952034689777768
6,2.182,8.742,4.312,1.949155224532113
7,2.14,8.247,3.88,1.7496678624861954
8,1.996,6.655,3.47,1.3253827676783119
9,1.979,5.481,3.045,0.9610408374333693
