Iteration,Min,Max,Average,Std. Dev.
0,1.526,11.555,4.929,2.3690819436276693
1,1.526,11.555,4.929,2.3690819436276693
2,1.525,11.537,4.917,2.364009739652347
3,1.525,11.531,4.891,2.3523371353686318
4,1.525,11.528,4.863,2.3422632130557206
5,1.525,11.484,4.828,2.3301801589943776
6,1.525,11.44,4.792,2.323512666019594
7,1.524,11.337,4.743,2.3032607320588414
8,1.522,11.267,4.687,2.2878895870434994
9,1.521,11.214,4.631,2.2697555558511184
