Iteration,Min,Max,Average,Std. Dev.
0,1.496,13.458,4.935,2.55223862008658
1,1.496,13.458,4.935,2.55223862008658
2,1.496,13.291,4.844,2.5159756704761667
3,1.496,13.198,4.644,2.437419148440132
4,1.496,12.983,4.327,2.274791221008995
5,1.496,12.639,3.929,2.1458809261511185
6,1.496,12.527,3.522,1.9978893716895063
7,1.496,11.916,3.036,1.749856629958039
8,1.496,11.013,2.521,1.4494137982305422
9,1.496,10.123,2.091,1.167216613071642
