Iteration,Min,Max,Average,Std. Dev.
0,1.526,11.555,4.929,2.3690819436276693
1,1.526,11.555,4.929,2.3690819436276693
2,1.518,11.285,4.754,2.296014712365691
3,1.508,11.181,4.342,2.1334585930310133
4,1.496,11.139,3.91,1.9803370844284671
5,1.496,10.367,3.385,1.7947497735886473
6,1.496,9.574,2.945,1.6519063070047937
7,1.496,7.66,2.384,1.2922646307441354
8,1.496,6.48,2.098,1.005041659204779
9,1.498,5.368,1.915,0.7676142377910076
