Iteration,Min,Max,Average,Std. Dev.
0,1.496,13.458,4.935,2.55223862008658
1,1.496,13.458,4.935,2.55223862008658
2,1.496,13.416,4.912,2.5431571040991066
3,1.496,13.392,4.859,2.521870362334091
4,1.496,13.333,4.772,2.4746718509593126
5,1.496,13.236,4.656,2.432168459362691
6,1.496,13.203,4.527,2.382453183256249
7,1.496,13.024,4.357,2.301162180737711
8,1.496,12.757,4.152,2.2002219923649635
9,1.496,12.489,3.905,2.11689250950231
