Iteration,Min,Max,Average,Std. Dev.
0,3.069,10.866,5.865,2.309745427909875
1,3.069,10.866,5.865,2.309745427909875
2,3.069,10.857,5.857,2.3068744699326347
3,3.046,10.804,5.835,2.2979909818050723
4,3.018,10.784,5.804,2.301562035836402
5,3.005,10.742,5.778,2.2948670974082077
6,2.983,10.709,5.739,2.2819632090949904
7,2.975,10.645,5.677,2.257757431095204
8,2.935,10.413,5.607,2.205757317380956
9,2.93,10.226,5.53,2.153730298639443
