Iteration,Min,Max,Average,Std. Dev.
0,1.496,13.458,4.935,2.55223862008658
1,1.496,13.458,4.935,2.55223862008658
2,1.496,13.322,4.861,2.5227081859573626
3,1.496,13.247,4.698,2.458293982318142
4,1.496,13.072,4.44,2.3237704773633765
5,1.496,12.793,4.112,2.2145125458345767
6,1.496,12.702,3.77,2.0896077623213474
7,1.496,12.207,3.349,1.8830301843877764
8,1.496,11.475,2.878,1.6310213318374132
9,1.496,10.753,2.408,1.4080820045689322
