Iteration,Min,Max,Average,Std. Dev.
0,3.069,10.866,5.865,2.309745427909875
1,3.069,10.866,5.865,2.309745427909875
2,3.059,10.674,5.708,2.2557924559875913
3,2.75,9.859,5.353,2.1208918735052293
4,2.443,9.595,4.983,2.174054974871934
5,2.331,9.146,4.717,2.1056767291554026
6,2.182,8.817,4.35,1.947427659680017
7,2.134,8.243,3.858,1.7260410528605743
8,1.971,6.346,3.378,1.2208575520868594
9,1.953,4.932,2.889,0.7915470663766304
