Iteration,Min,Max,Average,Std. Dev.
0,1.496,13.458,4.935,2.55223862008658
1,1.496,13.458,4.935,2.55223862008658
2,1.496,13.426,4.918,2.5453742000062642
3,1.496,13.409,4.88,2.5300656165874313
4,1.496,13.369,4.82,2.49724101559977
5,1.496,13.304,4.742,2.468114287226069
6,1.496,13.283,4.657,2.4347332734288165
7,1.496,13.17,4.547,2.3814458107147702
8,1.496,13.003,4.415,2.3162370527078218
9,1.496,12.838,4.258,2.263341199992696
