Iteration,Min,Max,Average,Std. Dev.
0,1.526,11.555,4.929,2.3690819436276693
1,1.526,11.555,4.929,2.3690819436276693
2,1.511,10.983,4.562,2.223425114478416
3,1.498,10.807,3.88,1.975672351456574
4,1.497,10.748,3.27,1.7725169599651647
5,1.5,9.798,2.696,1.5686618347815118
6,1.499,8.874,2.33,1.4090541547175712
7,1.5,6.809,1.959,1.031242502964831
8,1.496,5.786,1.832,0.8095739552527823
9,1.496,4.531,1.741,0.5865017340270403
