Iteration,Min,Max,Average,Std. Dev.
0,3.069,10.866,5.865,2.309745427909875
1,3.069,10.866,5.865,2.309745427909875
2,3.064,10.772,5.788,2.2820402969868807
3,2.897,10.35,5.605,2.2111491159615317
4,2.717,10.21,5.401,2.233297432126234
5,2.645,9.959,5.25,2.190746707868535
6,2.543,9.774,5.04,2.109257628452635
7,2.508,9.448,4.739,1.9798324288670226
8,2.363,8.34,4.432,1.7008386187114615
9,2.345,7.487,4.103,1.4440628062043652
