Iteration,Min,Max,Average,Std. Dev.
0,1.496,13.458,4.935,2.55223862008658
1,1.496,13.458,4.935,2.55223862008658
2,1.496,13.26,4.827,2.509233122963749
3,1.496,13.16,4.612,2.4253702259036163
4,1.496,12.952,4.298,2.264087570116728
5,1.496,12.637,3.924,2.1425093586440624
6,1.496,12.539,3.559,2.009906318880376
7,1.496,12.029,3.135,1.7963716218417427
8,1.496,11.295,2.684,1.544926902612166
9,1.496,10.588,2.269,1.3115183045126069
