Iteration,Min,Max,Average,Std. Dev.
0,1.496,13.458,4.935,2.55223862008658
1,1.496,13.458,4.935,2.55223862008658
2,1.496,13.375,4.89,2.5340844528255313
3,1.496,13.34,4.815,2.5041132483036392
4,1.496,13.282,4.72,2.4525515132274567
5,1.496,13.204,4.617,2.4139418168444884
6,1.496,13.182,4.52,2.3763957593286142
7,1.496,13.078,4.411,2.3237021827155733
8,1.496,12.935,4.293,2.2647383489544834
9,1.496,12.804,4.164,2.220447041574901
