Iteration,Min,Max,Average,Std. Dev.
0,1.496,13.458,4.935,2.55223862008658
1,1.496,13.458,4.935,2.55223862008658
2,1.496,13.424,4.917,2.5449693770219612
3,1.496,13.405,4.874,2.527900228425478
4,1.496,13.358,4.805,2.4899718226469107
5,1.496,13.28,4.712,2.455569573707243
6,1.496,13.254,4.608,2.415177234590373
7,1.496,13.111,4.471,2.3492445418813164
8,1.496,12.897,4.305,2.2673906459748134
9,1.496,12.683,4.105,2.200174885559229
