Iteration,Min,Max,Average,Std. Dev.
0,1.526,11.555,4.929,2.3690819436276693
1,1.526,11.555,4.929,2.3690819436276693
2,1.51,10.912,4.517,2.2076119957931173
3,1.497,10.713,3.758,1.9430666137786223
4,1.496,10.647,3.087,1.7271482130604403
5,1.5,9.577,2.506,1.4982999681641473
6,1.497,8.534,2.169,1.3203397043618743
7,1.498,6.208,1.866,0.909291225313524
8,1.496,5.292,1.76,0.6848250151991857
9,1.496,3.76,1.667,0.4394897378584115
