Iteration,Min,Max,Average,Std. Dev.
0,3.069,10.866,5.865,2.309745427909875
1,3.069,10.866,5.865,2.309745427909875
2,3.065,10.782,5.796,2.2848668152527494
3,2.905,10.384,5.623,2.2181001552733592
4,2.727,10.248,5.425,2.2391388630784905
5,2.655,9.993,5.273,2.195461461838784
6,2.548,9.8,5.056,2.111402490356959
7,2.511,9.454,4.737,1.9754039390823332
8,2.355,8.259,4.408,1.6749256100892511
9,2.335,7.332,4.051,1.3968754745321714
