Iteration,Min,Max,Average,Std. Dev.
0,3.069,10.866,5.865,2.309745427909875
1,3.069,10.866,5.865,2.309745427909875
2,3.067,10.831,5.836,2.29903378628384
3,2.989,10.643,5.755,2.2674389162752075
4,2.895,10.575,5.651,2.2786628309977113
5,2.853,10.436,5.567,2.255721885946257
6,2.787,10.326,5.443,2.2112390236350077
7,2.762,10.123,5.25,2.1319643628984806
8,2.65,9.394,5.041,1.9572355205908722
9,2.635,8.814,4.808,1.7908129119718397
