Iteration,Min,Max,Average,Std. Dev.
0,1.526,11.555,4.929,2.3690819436276693
1,1.526,11.555,4.929,2.3690819436276693
2,1.524,11.492,4.888,2.3514303092451914
3,1.523,11.465,4.779,2.3050130528047283
4,1.517,11.453,4.653,2.2604060422404038
5,1.511,11.219,4.477,2.2009260989067148
6,1.504,10.974,4.291,2.168237784601186
7,1.499,10.36,4.021,2.0549412474276614
8,1.497,9.932,3.728,1.9560801251747049
9,1.496,9.591,3.442,1.838305508519478
