Iteration,Min,Max,Average,Std. Dev.
0,1.526,11.555,4.929,2.3690819436276693
1,1.526,11.555,4.929,2.3690819436276693
2,1.52,11.352,4.797,2.3133991158084246
3,1.512,11.269,4.468,2.1808383504642586
4,1.498,11.234,4.105,2.0544339820142694
5,1.497,10.569,3.643,1.890521389797034
6,1.496,9.877,3.224,1.7705626060640423
7,1.501,8.176,2.661,1.4466027415081042
8,1.496,7.008,2.265,1.1794003443528382
9,1.496,6.087,2.022,0.90985949218726
