Iteration,Min,Max,Average,Std. Dev.
0,1.526,11.555,4.929,2.3690819436276693
1,1.526,11.555,4.929,2.3690819436276693
2,1.521,11.403,4.83,2.3269119352980647
3,1.516,11.337,4.568,2.219558690530837
4,1.501,11.308,4.266,2.1150897328897726
5,1.496,10.736,3.863,1.97433178321897
6,1.498,10.134,3.473,1.877782483084167
7,1.497,8.626,2.934,1.5852615306529727
8,1.496,7.576,2.468,1.3483905573838062
9,1.497,6.732,2.164,1.0707490756045217
