Iteration,Min,Max,Average,Std. Dev.
0,1.496,13.458,4.935,2.55223862008658
1,1.496,13.458,4.935,2.55223862008658
2,1.496,13.379,4.892,2.5350515272981693
3,1.496,13.343,4.814,2.503890285781478
4,1.496,13.276,4.708,2.4464370799729163
5,1.496,13.18,4.586,2.40135474707716
6,1.496,13.152,4.466,2.355220591487001
7,1.496,13.012,4.324,2.2873687842319446
8,1.496,12.814,4.166,2.2089204196332437
9,1.496,12.628,3.989,2.147976042993634
