Iteration,Min,Max,Average,Std. Dev.
0,1.496,13.458,4.935,2.55223862008658
1,1.496,13.458,4.935,2.55223862008658
2,1.496,12.675,4.514,2.389846619953092
3,1.496,12.366,3.869,2.163838639933691
4,1.496,11.866,3.14,1.8370595894103154
5,1.496,11.212,2.583,1.5872559733388403
6,1.496,11.03,2.239,1.3587270404145393
7,1.496,10.194,1.986,1.0851129438357263
8,1.496,9.059,1.805,0.8432691678131458
9,1.496,8.03,1.704,0.6878370931223696
