Iteration,Min,Max,Average,Std. Dev.
0,3.069,10.866,5.865,2.309745427909875
1,3.069,10.866,5.865,2.309745427909875
2,3.068,10.847,5.85,2.304055355212631
3,3.039,10.772,5.817,2.2909478761649
4,3.007,10.749,5.781,2.295139878516591
5,2.994,10.71,5.755,2.2896597269612418
6,2.977,10.683,5.723,2.2795114535535133
7,2.971,10.638,5.678,2.262158138270627
8,2.946,10.489,5.632,2.2284635985289447
9,2.942,10.375,5.585,2.1963924224178797
