Iteration,Min,Max,Average,Std. Dev.
0,1.526,11.555,4.929,2.3690819436276693
1,1.526,11.555,4.929,2.3690819436276693
2,1.522,11.448,4.859,2.339068095253589
3,1.521,11.401,4.673,2.2614160024416146
4,1.508,11.381,4.458,2.1864292395999767
5,1.501,10.978,4.165,2.0863612123126236
6,1.496,10.555,3.863,2.027262290747518
7,1.497,9.497,3.443,1.8221586998763843
8,1.497,8.759,3.024,1.640355057188063
9,1.501,8.166,2.645,1.4522750029020683
