Iteration,Min,Max,Average,Std. Dev.
0,3.069,10.866,5.865,2.309745427909875
1,3.069,10.866,5.865,2.309745427909875
2,3.067,10.819,5.827,2.2956084601170126
3,2.997,10.639,5.748,2.2643982271726673
4,2.926,10.584,5.667,2.273309782134034
5,2.899,10.499,5.61,2.2603272433631325
6,2.862,10.44,5.541,2.2370812592607696
7,2.849,10.344,5.447,2.1990616200513737
8,2.799,10.032,5.353,2.1255726939173027
9,2.794,9.796,5.256,2.0577996232446067
