Iteration,Min,Max,Average,Std. Dev.
0,1.526,11.555,4.929,2.3690819436276693
1,1.526,11.555,4.929,2.3690819436276693
2,1.514,11.129,4.655,2.257395588200185
3,1.502,10.991,4.11,2.0479810261129376
4,1.498,10.942,3.6,1.8687589729673881
5,1.498,10.134,3.057,1.6852117442456522
6,1.503,9.338,2.656,1.54923741342867
7,1.496,7.522,2.204,1.2046017703591232
8,1.498,6.368,1.997,0.9613389129289854
9,1.499,5.463,1.848,0.7559992390562732
