Iteration,Min,Max,Average,Std. Dev.
0,1.526,11.555,4.929,2.3690819436276693
1,1.526,11.555,4.929,2.3690819436276693
2,1.522,11.448,4.86,2.339207337285795
3,1.522,11.415,4.723,2.281158655034392
4,1.515,11.404,4.597,2.235086231605341
5,1.51,11.229,4.452,2.1866160401509194
6,1.504,11.061,4.318,2.1636272799495995
7,1.501,10.686,4.145,2.0940488762562204
8,1.499,10.442,3.966,2.0408640270253033
9,1.498,10.264,3.799,1.9843474514096162
