Iteration,Min,Max,Average,Std. Dev.
0,1.496,13.458,4.935,2.55223862008658
1,1.496,13.458,4.935,2.55223862008658
2,1.496,12.779,4.569,2.4102966086169917
3,1.497,12.511,4.005,2.209010937453129
4,1.497,12.078,3.347,1.914991326853572
5,1.496,11.512,2.793,1.705536557452976
6,1.496,11.355,2.418,1.4895145023476477
7,1.496,10.63,2.12,1.2198509199750516
8,1.496,9.646,1.897,0.9641546021685083
9,1.496,8.754,1.729,0.7814600438541721
