Iteration,Min,Max,Average,Std. Dev.
0,3.069,10.866,5.865,2.309745427909875
1,3.069,10.866,5.865,2.309745427909875
2,3.066,10.807,5.817,2.2920508274496387
3,2.985,10.592,5.723,2.2546543344917818
4,2.903,10.528,5.629,2.2648202811830225
5,2.873,10.433,5.565,2.2503039221946795
6,2.833,10.369,5.49,2.224780708174448
7,2.82,10.267,5.39,2.1841256093554238
8,2.769,9.941,5.292,2.1068576689882987
9,2.763,9.697,5.192,2.0361872494896227
