Iteration,Min,Max,Average,Std. Dev.
0,3.069,10.866,5.865,2.309745427909875
1,3.069,10.866,5.865,2.309745427909875
2,3.065,10.792,5.804,2.28768282329271
3,2.914,10.421,5.643,2.225516253790763
4,2.741,10.289,5.451,2.245413814420523
5,2.668,10.034,5.301,2.201250911873715
6,2.558,9.836,5.078,2.1157058543623286
7,2.519,9.473,4.745,1.9745533308900138
8,2.352,8.2,4.395,1.655205806436056
9,2.331,7.204,4.014,1.358030529352149
