Iteration,Min,Max,Average,Std. Dev.
0,3.069,10.866,5.865,2.309745427909875
1,3.069,10.866,5.865,2.309745427909875
2,3.049,10.491,5.56,2.2143923511377257
3,2.551,9.067,4.945,1.983886864842064
4,2.128,8.633,4.374,2.096348455694038
5,1.994,7.958,3.992,2.0119821231379746
6,1.844,7.473,3.486,1.7439596511798086
7,1.817,6.655,2.855,1.432070182045681
8,1.733,4.104,2.306,0.7109057595333682
9,1.498,2.375,1.958,0.285016482337879
