Iteration,Min,Max,Average,Std. Dev.
0,1.496,13.458,4.935,2.55223862008658
1,1.496,13.458,4.935,2.55223862008658
2,1.496,13.379,4.892,2.5350109411638204
3,1.496,13.337,4.802,2.498847238201694
4,1.496,13.246,4.663,2.424834234756186
5,1.496,13.104,4.491,2.3629245709152036
6,1.496,13.058,4.309,2.294689311501669
7,1.496,12.819,4.08,2.1872549278690037
8,1.496,12.469,3.817,2.0557475443339057
9,1.496,12.128,3.517,1.9466136910276832
