Iteration,Min,Max,Average,Std. Dev.
0,3.069,10.866,5.865,2.309745427909875
1,3.069,10.866,5.865,2.309745427909875
2,3.053,10.568,5.622,2.23069366183993
3,2.621,9.374,5.105,2.0355367888867733
4,2.228,8.999,4.598,2.124995863660013
5,2.096,8.39,4.247,2.041533898561789
6,1.935,7.945,3.765,1.8159345086879943
7,1.892,7.179,3.151,1.5352989685969607
8,1.904,4.734,2.58,0.8558566038678467
9,1.575,3.013,2.094,0.38983670809775584
