Iteration,Min,Max,Average,Std. Dev.
0,1.526,11.555,4.929,2.3690819436276693
1,1.526,11.555,4.929,2.3690819436276693
2,1.523,11.47,4.874,2.345200354680298
3,1.523,11.437,4.741,2.2888048336181708
4,1.515,11.424,4.598,2.2379609470014223
5,1.508,11.182,4.412,2.1753227745622676
6,1.502,10.936,4.224,2.142604621099492
7,1.498,10.344,3.963,2.032924448554584
8,1.496,9.94,3.69,1.9387089765447094
9,1.496,9.628,3.428,1.831649037039373
