Iteration,Min,Max,Average,Std. Dev.
0,1.496,13.458,4.935,2.55223862008658
1,1.496,13.458,4.935,2.55223862008658
2,1.496,13.261,4.828,2.5095336047739267
3,1.496,13.157,4.603,2.4220744131964973
4,1.496,12.928,4.263,2.2483037245953765
5,1.496,12.571,3.848,2.1154267868603025
6,1.496,12.458,3.438,1.9657550661209058
7,1.496,11.853,2.962,1.719274966782958
8,1.496,10.971,2.47,1.4236378534222154
9,1.496,10.112,2.069,1.1472523139442932
