Iteration,Min,Max,Average,Std. Dev.
0,1.526,11.555,4.929,2.3690819436276693
1,1.526,11.555,4.929,2.3690819436276693
2,1.522,11.448,4.86,2.339276720937362
3,1.52,11.399,4.665,2.2581322360145104
4,1.507,11.377,4.431,2.1772012196314754
5,1.499,10.918,4.103,2.0646443061842086
6,1.496,10.428,3.763,1.9940786541797126
7,1.497,9.179,3.284,1.7491804948986027
8,1.502,8.298,2.814,1.5399663563337973
9,1.503,7.579,2.435,1.3039891453521668
