Iteration,Min,Max,Average,Std. Dev.
0,3.069,10.866,5.865,2.309745427909875
1,3.069,10.866,5.865,2.309745427909875
2,3.054,10.585,5.636,2.2344930949028123
3,2.617,9.398,5.122,2.040615250111832
4,2.213,9.014,4.601,2.130316608508651
5,2.075,8.361,4.231,2.0397924802522676
6,1.904,7.873,3.708,1.7938842943713058
7,1.862,7.011,3.032,1.4938291665090415
8,1.985,4.241,2.422,0.7055905297086883
9,1.496,2.34,1.982,0.2715186374635309
