Iteration,Min,Max,Average,Std. Dev.
0,1.526,11.555,4.929,2.3690819436276693
1,1.526,11.555,4.929,2.3690819436276693
2,1.524,11.493,4.889,2.351578580190414
3,1.523,11.463,4.768,2.300539359296852
4,1.515,11.448,4.617,2.2480999817999194
5,1.508,11.142,4.395,2.1725455545952364
6,1.5,10.811,4.151,2.1289232953211585
7,1.497,9.952,3.788,1.967997432344145
8,1.496,9.338,3.403,1.8159718610862778
9,1.496,8.832,3.026,1.6448222867729396
