Iteration,Min,Max,Average,Std. Dev.
0,3.069,10.866,5.865,2.309745427909875
1,3.069,10.866,5.865,2.309745427909875
2,3.059,10.679,5.712,2.256995562042177
3,2.793,9.962,5.399,2.137184927793574
4,2.538,9.744,5.091,2.1807581193041683
5,2.446,9.403,4.88,2.1289550795340744
6,2.329,9.166,4.611,2.0166724997805785
7,2.291,8.774,4.257,1.8562950093181274
8,2.152,7.506,3.916,1.5246099414374037
9,2.136,6.561,3.559,1.2303775463471194
