Iteration,Min,Max,Average,Std. Dev.
0,1.526,11.555,4.929,2.3690819436276693
1,1.526,11.555,4.929,2.3690819436276693
2,1.522,11.413,4.837,2.3297830175241803
3,1.521,11.367,4.648,2.2507711649610793
4,1.509,11.351,4.467,2.185437720305824
5,1.503,11.084,4.254,2.1143775416650064
6,1.498,10.825,4.056,2.0789958880485955
7,1.496,10.233,3.798,1.9687128792409723
8,1.496,9.844,3.544,1.8746319663559674
9,1.497,9.555,3.309,1.77832749842778
