Iteration,Min,Max,Average,Std. Dev.
0,3.069,10.866,5.865,2.309745427909875
1,3.069,10.866,5.865,2.309745427909875
2,3.05,10.515,5.579,2.2191665436002466
3,2.579,9.179,5.001,2.0020010457220834
4,2.171,8.771,4.459,2.105502883089025
5,2.04,8.138,4.097,2.023500222317152
6,1.887,7.684,3.612,1.7829256250898537
7,1.851,6.921,3.006,1.4935937770500676
8,1.832,4.523,2.466,0.8228422702545771
9,1.554,2.859,2.021,0.3778722435421598
