Iteration,Min,Max,Average,Std. Dev.
0,1.496,13.458,4.935,2.55223862008658
1,1.496,13.458,4.935,2.55223862008658
2,1.496,13.431,4.921,2.5464755079832315
3,1.496,13.418,4.89,2.5342511461313797
4,1.496,13.387,4.844,2.5089391277831625
5,1.496,13.34,4.786,2.486931001392013
6,1.496,13.325,4.724,2.4623020050853976
7,1.496,13.245,4.645,2.4238811431174208
8,1.496,13.129,4.553,2.3775937425366296
9,1.496,13.016,4.443,2.340431706975464
