Iteration,Min,Max,Average,Std. Dev.
0,3.069,10.866,5.865,2.309745427909875
1,3.069,10.866,5.865,2.309745427909875
2,3.06,10.689,5.72,2.2595636431216426
3,2.773,9.936,5.392,2.134673044699885
4,2.486,9.693,5.049,2.182205860665228
5,2.379,9.278,4.801,2.1178202598932776
6,2.237,8.974,4.462,1.973556670904057
7,2.19,8.447,4.003,1.7675309411892843
8,2.025,6.698,3.553,1.3044834009091415
9,2.006,5.387,3.084,0.9026996107049363
