Iteration,Min,Max,Average,Std. Dev.
0,1.496,13.458,4.935,2.55223862008658
1,1.496,13.458,4.935,2.55223862008658
2,1.496,13.312,4.856,2.5204605101652495
3,1.496,13.231,4.68,2.451301823579382
4,1.496,13.043,4.402,2.3072816339176376
5,1.496,12.741,4.05,2.19123031149363
6,1.496,12.643,3.686,2.058537136626468
7,1.496,12.11,3.242,1.8375205634191671
8,1.496,11.321,2.75,1.570693258994366
9,1.496,10.543,2.286,1.3256697525288565
