Iteration,Min,Max,Average,Std. Dev.
0,3.069,10.866,5.865,2.309745427909875
1,3.069,10.866,5.865,2.309745427909875
2,3.05,10.513,5.577,2.218719651072883
3,2.547,9.097,4.966,1.9895371994829196
4,2.112,8.653,4.381,2.101652621093385
5,1.973,7.931,3.979,2.009811331731286
6,1.82,7.398,3.434,1.713288651006793
7,1.807,6.479,2.747,1.379521476629916
8,1.719,3.602,2.176,0.5616205196573988
9,1.516,2.47,1.943,0.2652836804045411
