Iteration,Min,Max,Average,Std. Dev.
0,3.069,10.866,5.865,2.309745427909875
1,3.069,10.866,5.865,2.309745427909875
2,3.062,10.725,5.75,2.2692314571232317
3,2.859,10.187,5.515,2.1784095006129296
4,2.66,10.023,5.28,2.207812236611947
5,2.587,9.767,5.12,2.1669298867347484
6,2.491,9.59,4.917,2.0866950252747998
7,2.46,9.298,4.645,1.967372717673771
8,2.34,8.353,4.38,1.7267295118236023
9,2.325,7.643,4.104,1.5099250155689299
