Iteration,Min,Max,Average,Std. Dev.
0,1.496,13.458,4.935,2.55223862008658
1,1.496,13.458,4.935,2.55223862008658
2,1.496,13.441,4.926,2.5486086477814096
3,1.496,13.433,4.908,2.541273192954435
4,1.496,13.415,4.881,2.5265919208466876
5,1.496,13.389,4.848,2.5140602502185665
6,1.496,13.381,4.814,2.500350654196562
7,1.496,13.339,4.772,2.479478750027874
8,1.496,13.279,4.723,2.4547661863891084
9,1.496,13.221,4.666,2.4350790875473765
