Iteration,Min,Max,Average,Std. Dev.
0,1.496,13.458,4.935,2.55223862008658
1,1.496,13.458,4.935,2.55223862008658
2,1.496,13.392,4.899,2.5378691435107728
3,1.496,13.357,4.824,2.507625119608157
4,1.496,13.281,4.708,2.4455420331967455
5,1.496,13.163,4.564,2.3930953860824475
6,1.496,13.125,4.412,2.3351361386534517
7,1.496,12.926,4.219,2.2440346509167686
8,1.496,12.635,3.996,2.133753132311733
9,1.496,12.35,3.738,2.043388292211195
