Iteration,Min,Max,Average,Std. Dev.
0,1.526,11.555,4.929,2.3690819436276693
1,1.526,11.555,4.929,2.3690819436276693
2,1.512,11.019,4.585,2.231534429131355
3,1.496,10.853,3.942,1.993819170613337
4,1.497,10.799,3.365,1.798025561564213
5,1.497,9.909,2.802,1.6051485076955505
6,1.497,9.044,2.426,1.4575343500347062
7,1.503,7.11,2.027,1.0981469779214454
8,1.497,6.033,1.885,0.8759143771523995
9,1.496,4.966,1.779,0.6727609490013242
