Iteration,Min,Max,Average,Std. Dev.
0,3.069,10.866,5.865,2.309745427909875
1,3.069,10.866,5.865,2.309745427909875
2,3.057,10.63,5.672,2.244993105069133
3,2.748,9.774,5.299,2.102406296321779
4,2.462,9.52,4.945,2.158115112769035
5,2.364,9.142,4.71,2.1043120919381115
6,2.243,8.884,4.418,1.97856165670069
7,2.206,8.467,4.045,1.8056564181504493
8,2.072,7.139,3.693,1.453839460546968
9,2.056,6.161,3.325,1.1485893318607656
