Iteration,Min,Max,Average,Std. Dev.
0,1.526,11.555,4.929,2.3690819436276693
1,1.526,11.555,4.929,2.3690819436276693
2,1.525,11.544,4.922,2.365870224184061
3,1.525,11.539,4.9,2.356319811902387
4,1.525,11.536,4.872,2.3465101658766163
5,1.526,11.48,4.83,2.3323340952074343
6,1.525,11.421,4.784,2.3235132296610685
7,1.523,11.266,4.712,2.2935507461697155
8,1.52,11.155,4.625,2.2693934252739325
9,1.518,11.065,4.533,2.2385783205789833
