Iteration,Min,Max,Average,Std. Dev.
0,1.526,11.555,4.929,2.3690819436276693
1,1.526,11.555,4.929,2.3690819436276693
2,1.521,11.412,4.836,2.3295098100742635
3,1.521,11.368,4.655,2.2535000122979825
4,1.51,11.354,4.487,2.192683186343314
5,1.505,11.119,4.297,2.1290764722945568
6,1.499,10.895,4.122,2.098640944562574
7,1.497,10.393,3.898,2.005242674925761
8,1.496,10.067,3.675,1.929577128131625
9,1.496,9.828,3.472,1.8503998874657546
