Iteration,Min,Max,Average,Std. Dev.
0,3.069,10.866,5.865,2.309745427909875
1,3.069,10.866,5.865,2.309745427909875
2,3.068,10.836,5.841,2.300731208464598
3,3.006,10.688,5.776,2.2754841428652686
4,2.933,10.635,5.696,2.284393530967294
5,2.902,10.532,5.632,2.2679678578260614
6,2.853,10.453,5.542,2.236502384128426
7,2.835,10.31,5.404,2.1805204343116467
8,2.754,9.804,5.257,2.0611380287267287
9,2.744,9.405,5.094,1.947643327793652
