Iteration,Min,Max,Average,Std. Dev.
0,1.496,13.458,4.935,2.55223862008658
1,1.496,13.458,4.935,2.55223862008658
2,1.496,12.753,4.555,2.4051117711444574
3,1.496,12.462,3.944,2.188643171293043
4,1.496,11.965,3.218,1.8647145787934523
5,1.496,11.296,2.63,1.6182375068369597
6,1.496,11.105,2.258,1.377122685261947
7,1.496,10.207,1.989,1.0806371899831784
8,1.496,8.973,1.802,0.8278877547092375
9,1.496,7.842,1.709,0.6716502213826676
