Iteration,Min,Max,Average,Std. Dev.
0,1.526,11.555,4.929,2.3690819436276693
1,1.526,11.555,4.929,2.3690819436276693
2,1.523,11.483,4.882,2.348941420229267
3,1.523,11.452,4.758,2.296151306344318
4,1.515,11.439,4.613,2.2453768695037244
5,1.508,11.171,4.414,2.1776962690903363
6,1.501,10.89,4.203,2.140571208666907
7,1.497,10.188,3.899,2.0101465853019955
8,1.496,9.698,3.577,1.8922673707319095
9,1.496,9.307,3.265,1.757921786131693
