Iteration,Min,Max,Average,Std. Dev.
0,3.069,10.866,5.865,2.309745427909875
1,3.069,10.866,5.865,2.309745427909875
2,3.05,10.512,5.577,2.2186477366931308
3,2.604,9.233,5.023,2.010134773680897
4,2.22,8.854,4.515,2.1076790583809153
5,2.097,8.291,4.184,2.0353488288227917
6,1.953,7.899,3.754,1.8313489257658944
7,1.913,7.256,3.225,1.5779072457132954
8,1.848,5.247,2.756,1.0197753254982425
9,1.593,3.821,2.278,0.6103914271717279
