Iteration,Min,Max,Average,Std. Dev.
0,1.496,13.458,4.935,2.55223862008658
1,1.496,13.458,4.935,2.55223862008658
2,1.496,13.374,4.89,2.534041597196903
3,1.496,13.335,4.803,2.499459529679561
4,1.496,13.256,4.68,2.433510452486698
5,1.496,13.14,4.536,2.3807699845903874
6,1.496,13.105,4.39,2.3255041282246296
7,1.496,12.928,4.214,2.2422516883048345
8,1.496,12.675,4.016,2.1443122918502424
9,1.496,12.434,3.794,2.0661285791407353
