Iteration,Min,Max,Average,Std. Dev.
0,1.496,13.458,4.935,2.55223862008658
1,1.496,13.458,4.935,2.55223862008658
2,1.496,13.276,4.836,2.5127690938014893
3,1.496,13.185,4.639,2.4355412747479748
4,1.496,12.994,4.35,2.286401007441908
5,1.496,12.705,4.005,2.172772090441347
6,1.496,12.616,3.665,2.0491778836557444
7,1.496,12.149,3.266,1.8513375235696123
8,1.496,11.477,2.833,1.6174159085299553
9,1.496,10.829,2.41,1.4087195409328317
