Iteration,Min,Max,Average,Std. Dev.
0,1.526,11.555,4.929,2.3690819436276693
1,1.526,11.555,4.929,2.3690819436276693
2,1.518,11.269,4.744,2.291859310529082
3,1.508,11.164,4.329,2.128747246596758
4,1.496,11.125,3.91,1.9791049057195786
5,1.496,10.411,3.415,1.8062544382748105
6,1.497,9.689,3.004,1.6786206130294061
7,1.501,7.98,2.48,1.3562426012449111
8,1.496,6.836,2.164,1.097980284247748
9,1.497,5.961,1.963,0.867055236591555
