Iteration,Min,Max,Average,Std. Dev.
0,1.526,11.555,4.929,2.3690819436276693
1,1.526,11.555,4.929,2.3690819436276693
2,1.517,11.233,4.722,2.2829921912832294
3,1.509,11.134,4.321,2.126210083044033
4,1.497,11.101,3.958,1.9936317340620364
5,1.496,10.571,3.562,1.8594498736997949
6,1.496,10.06,3.236,1.7785848702287117
7,1.496,8.913,2.834,1.5606814749117304
8,1.496,8.168,2.49,1.4014532462521478
9,1.497,7.621,2.261,1.2227602257102206
