Iteration,Min,Max,Average,Std. Dev.
0,1.496,13.458,4.935,2.55223862008658
1,1.496,13.458,4.935,2.55223862008658
2,1.496,12.961,4.666,2.446751378425188
3,1.496,12.735,4.186,2.270398295354516
4,1.497,12.307,3.551,1.9788273143521982
5,1.496,11.696,2.933,1.7725347309886939
6,1.496,11.514,2.48,1.529295721147503
7,1.496,10.611,2.114,1.2025357796434892
8,1.496,9.342,1.859,0.9084648016276831
9,1.496,8.152,1.728,0.716094671707981
