Iteration,Min,Max,Average,Std. Dev.
0,1.526,11.555,4.929,2.3690819436276693
1,1.526,11.555,4.929,2.3690819436276693
2,1.524,11.519,4.906,2.358970055268569
3,1.524,11.506,4.852,2.335837797102872
4,1.524,11.502,4.797,2.3158205624856945
5,1.523,11.413,4.727,2.2919058667237735
6,1.518,11.325,4.656,2.279038181029685
7,1.515,11.117,4.559,2.2392108886228987
8,1.512,10.977,4.449,2.2094286949693527
9,1.51,10.871,4.34,2.174712435544541
