Iteration,Min,Max,Average,Std. Dev.
0,1.496,13.458,4.935,2.55223862008658
1,1.496,13.458,4.935,2.55223862008658
2,1.496,13.383,4.894,2.535928935820989
3,1.496,13.339,4.799,2.497976654923243
4,1.496,13.233,4.643,2.4145688962106377
5,1.496,13.058,4.436,2.3417183427675075
6,1.496,13.0,4.209,2.257099088488507
7,1.496,12.676,3.912,2.118277502500979
8,1.496,12.192,3.565,1.9403162431309242
9,1.496,11.708,3.166,1.792073522139292
