Iteration,Min,Max,Average,Std. Dev.
0,3.069,10.866,5.865,2.309745427909875
1,3.069,10.866,5.865,2.309745427909875
2,3.065,10.778,5.793,2.283578904631273
3,2.943,10.455,5.652,2.2280832111928026
4,2.823,10.36,5.513,2.2434661574644292
5,2.779,10.217,5.42,2.22080563336403
6,2.722,10.121,5.308,2.180605279272985
7,2.704,9.968,5.16,2.118452842249304
8,2.631,9.478,5.015,1.9992081646096496
9,2.622,9.11,4.867,1.8910459964387747
