Iteration,Min,Max,Average,Std. Dev.
0,1.526,11.555,4.929,2.3690819436276693
1,1.526,11.555,4.929,2.3690819436276693
2,1.52,11.352,4.798,2.3135260096287125
3,1.515,11.282,4.515,2.198876861821499
4,1.501,11.257,4.236,2.09955185014843
5,1.497,10.818,3.906,1.9863020433599086
6,1.498,10.383,3.604,1.9222504348511764
7,1.496,9.373,3.218,1.7251476329268092
8,1.501,8.701,2.854,1.5656136344333007
9,1.498,8.192,2.548,1.4108128403613849
