Iteration,Min,Max,Average,Std. Dev.
0,1.496,13.458,4.935,2.55223862008658
1,1.496,13.458,4.935,2.55223862008658
2,1.496,13.34,4.871,2.5264688368574433
3,1.496,13.277,4.735,2.4728093383424863
4,1.496,13.14,4.529,2.364001855185839
5,1.496,12.926,4.273,2.2757820927758416
6,1.496,12.858,4.007,2.177797946319918
7,1.496,12.498,3.679,2.0235699641860565
8,1.496,11.972,3.311,1.8294506877436536
9,1.496,11.458,2.905,1.6702532809234119
