Iteration,Min,Max,Average,Std. Dev.
0,3.069,10.866,5.865,2.309745427909875
1,3.069,10.866,5.865,2.309745427909875
2,3.055,10.606,5.652,2.239173603780123
3,2.672,9.559,5.198,2.0671565890674035
4,2.314,9.231,4.747,2.1417211044166047
5,2.19,8.696,4.433,2.0661027048115788
6,2.034,8.31,4.007,1.8732697730067749
7,1.988,7.646,3.456,1.6228333359008569
8,1.875,5.506,2.942,1.0411113525748366
9,1.87,3.954,2.436,0.5916305667253896
