Iteration,Min,Max,Average,Std. Dev.
0,3.069,10.866,5.865,2.309745427909875
1,3.069,10.866,5.865,2.309745427909875
2,3.045,10.424,5.506,2.201492788968911
3,2.505,8.83,4.819,1.9458780440672867
4,2.069,8.357,4.212,2.0749347002154725
5,1.894,7.656,3.818,1.9962138321544747
6,1.804,7.16,3.315,1.7032644557076912
7,1.798,6.345,2.702,1.372405496962865
8,1.639,3.851,2.196,0.6598098093699134
9,1.497,2.264,1.945,0.26255971623115304
