Iteration,Min,Max,Average,Std. Dev.
0,3.069,10.866,5.865,2.309745427909875
1,3.069,10.866,5.865,2.309745427909875
2,3.067,10.831,5.836,2.2990587378939225
3,3.003,10.672,5.767,2.271929038605878
4,2.932,10.62,5.688,2.2807247389390812
5,2.903,10.525,5.628,2.2659519527409837
6,2.859,10.456,5.548,2.2384072032684923
7,2.844,10.335,5.431,2.1909396816297693
8,2.778,9.923,5.309,2.093708145044371
9,2.77,9.603,5.178,2.0024429340355305
