Iteration,Min,Max,Average,Std. Dev.
0,3.069,10.866,5.865,2.309745427909875
1,3.069,10.866,5.865,2.309745427909875
2,3.052,10.538,5.598,2.2240971630834445
3,2.608,9.29,5.057,2.020414672016092
4,2.218,8.909,4.546,2.1148926359945714
5,2.09,8.318,4.202,2.036331539435376
6,1.937,7.896,3.743,1.8189180020014795
7,1.896,7.187,3.168,1.5492269916805146
8,1.873,4.947,2.658,0.9280277224013936
9,1.803,3.363,2.176,0.48790786168689587
