Iteration,Min,Max,Average,Std. Dev.
0,1.526,11.555,4.929,2.3690819436276693
1,1.526,11.555,4.929,2.3690819436276693
2,1.517,11.239,4.725,2.2844890756264724
3,1.507,11.131,4.293,2.1150127966189283
4,1.496,11.091,3.872,1.9636310190870327
5,1.496,10.406,3.39,1.797835434533186
6,1.496,9.723,2.998,1.6788491805922374
7,1.505,8.135,2.507,1.3791336309373503
8,1.5,7.083,2.19,1.1446451228040326
9,1.498,6.29,1.989,0.922332913206617
