Iteration,Min,Max,Average,Std. Dev.
0,3.069,10.866,5.865,2.309745427909875
1,3.069,10.866,5.865,2.309745427909875
2,3.068,10.847,5.85,2.304041962375851
3,3.032,10.759,5.811,2.2888703612279713
4,2.99,10.728,5.764,2.2942520885544777
5,2.972,10.671,5.728,2.2855662842590196
6,2.945,10.629,5.679,2.269121988867625
7,2.935,10.553,5.605,2.239805378046277
8,2.891,10.29,5.526,2.1794413610621968
9,2.885,10.084,5.441,2.121477681430943
