Iteration,Min,Max,Average,Std. Dev.
0,3.069,10.866,5.865,2.309745427909875
1,3.069,10.866,5.865,2.309745427909875
2,3.062,10.733,5.756,2.2712569630959996
3,2.843,10.168,5.51,2.1766585517761796
4,2.618,9.985,5.248,2.2085856182039683
5,2.532,9.673,5.06,2.157456380610916
6,2.415,9.446,4.804,2.053961285993564
7,2.375,9.055,4.449,1.897905139995062
8,2.222,7.75,4.095,1.561574975967676
9,2.204,6.759,3.721,1.257140210233923
