Iteration,Min,Max,Average,Std. Dev.
0,3.069,10.866,5.865,2.309745427909875
1,3.069,10.866,5.865,2.309745427909875
2,3.067,10.829,5.835,2.2984382497844225
3,2.995,10.652,5.758,2.2682820300610795
4,2.912,10.591,5.666,2.278280143246718
5,2.877,10.477,5.595,2.2600439532093133
6,2.825,10.392,5.497,2.225677611500804
7,2.806,10.24,5.351,2.1659232370302
8,2.723,9.712,5.197,2.0404338736696808
9,2.713,9.299,5.029,1.9223413238046507
