Iteration,Min,Max,Average,Std. Dev.
0,3.069,10.866,5.865,2.309745427909875
1,3.069,10.866,5.865,2.309745427909875
2,3.069,10.857,5.857,2.306881241220982
3,3.051,10.812,5.838,2.2992729097968514
4,3.029,10.797,5.815,2.3020199883651933
5,3.02,10.769,5.796,2.2977446679943823
6,3.006,10.747,5.771,2.2897761493599265
7,3.001,10.71,5.734,2.2754645572874246
8,2.979,10.578,5.693,2.246522395227078
9,2.976,10.475,5.65,2.2177399615132196
