Iteration,Min,Max,Average,Std. Dev.
0,3.069,10.866,5.865,2.309745427909875
1,3.069,10.866,5.865,2.309745427909875
2,3.064,10.772,5.788,2.2819775368050625
3,2.86,10.273,5.572,2.199371932144267
4,2.626,10.091,5.309,2.2277301569088253
5,2.527,9.722,5.098,2.163985210196023
6,2.377,9.429,4.772,2.0333918430854974
7,2.324,8.874,4.285,1.8272983338516673
8,2.114,6.915,3.773,1.3204858608445897
9,2.089,5.393,3.225,0.8697520249921985
