Iteration,Min,Max,Average,Std. Dev.
0,3.069,10.866,5.865,2.309745427909875
1,3.069,10.866,5.865,2.309745427909875
2,3.058,10.655,5.693,2.25111608648633
3,2.761,9.85,5.342,2.116987236520046
4,2.479,9.604,4.997,2.1683211435591603
5,2.38,9.221,4.762,2.1116278272404934
6,2.254,8.954,4.46,1.9826357823675846
7,2.213,8.511,4.067,1.8022582942602432
8,2.07,7.081,3.69,1.4241955169337916
9,2.053,6.021,3.296,1.094078070905285
