Iteration,Min,Max,Average,Std. Dev.
0,3.069,10.866,5.865,2.309745427909875
1,3.069,10.866,5.865,2.309745427909875
2,3.067,10.819,5.827,2.295542750582985
3,2.963,10.569,5.718,2.253582056185336
4,2.839,10.478,5.582,2.267810396909794
5,2.784,10.293,5.472,2.2364377911470257
6,2.698,10.147,5.307,2.175703309151426
7,2.667,9.874,5.052,2.0697725610061792
8,2.525,8.9,4.778,1.831920444707891
9,2.507,8.128,4.473,1.60696684158641
