Iteration,Min,Max,Average,Std. Dev.
0,1.526,11.555,4.929,2.3690819436276693
1,1.526,11.555,4.929,2.3690819436276693
2,1.523,11.484,4.882,2.3489885101641046
3,1.523,11.458,4.776,2.3035709510185476
4,1.518,11.448,4.666,2.2640477735745677
5,1.513,11.271,4.527,2.2171280173466457
6,1.507,11.094,4.389,2.1929324879196113
7,1.503,10.676,4.199,2.115420275745306
8,1.5,10.395,3.993,2.0545895355567434
9,1.498,10.181,3.794,1.9847562330460768
