Iteration,Min,Max,Average,Std. Dev.
0,1.496,13.458,4.935,2.55223862008658
1,1.496,13.458,4.935,2.55223862008658
2,1.496,13.408,4.908,2.541372618008358
3,1.496,13.383,4.854,2.519548190215895
4,1.496,13.331,4.774,2.4761548998218226
5,1.496,13.253,4.676,2.439881335839624
6,1.496,13.228,4.575,2.40058808230696
7,1.496,13.103,4.45,2.3403986256303226
8,1.496,12.921,4.306,2.268846415874888
9,1.496,12.746,4.139,2.2122252997533614
