Iteration,Min,Max,Average,Std. Dev.
0,3.069,10.866,5.865,2.309745427909875
1,3.069,10.866,5.865,2.309745427909875
2,3.062,10.725,5.75,2.269142047273772
3,2.815,10.094,5.475,2.164178482598737
4,2.558,9.883,5.175,2.2017496588027416
5,2.459,9.508,4.953,2.1406960863322535
6,2.321,9.229,4.64,2.0113574375253287
7,2.274,8.734,4.203,1.8188840183837371
8,2.099,7.062,3.765,1.3816157181284856
9,2.079,5.792,3.302,0.9933535116172194
