Iteration,Min,Max,Average,Std. Dev.
0,3.069,10.866,5.865,2.309745427909875
1,3.069,10.866,5.865,2.309745427909875
2,3.052,10.542,5.601,2.224859451699292
3,2.639,9.368,5.091,2.0324892615509205
4,2.277,9.02,4.62,2.1192377254559007
5,2.158,8.503,4.311,2.051214984351134
6,2.018,8.145,3.914,1.8679348336744066
7,1.977,7.56,3.421,1.634961635552759
8,1.866,5.72,2.973,1.1331343214715017
9,1.773,4.398,2.512,0.738244339144093
