Iteration,Min,Max,Average,Std. Dev.
0,3.069,10.866,5.865,2.309745427909875
1,3.069,10.866,5.865,2.309745427909875
2,3.068,10.838,5.842,2.3012076640090764
3,3.001,10.68,5.774,2.274712423696318
4,2.918,10.621,5.683,2.2847443690756375
5,2.88,10.495,5.607,2.2640485921622817
6,2.818,10.394,5.492,2.223306349424516
7,2.795,10.202,5.31,2.1489982472757547
8,2.685,9.503,5.11,1.9828542428725477
9,2.671,8.942,4.883,1.8228862578595586
