Iteration,Min,Max,Average,Std. Dev.
0,1.526,11.555,4.929,2.3690819436276693
1,1.526,11.555,4.929,2.3690819436276693
2,1.513,11.055,4.608,2.239777948213898
3,1.497,10.9,4.004,2.013194701100505
4,1.496,10.849,3.461,1.825586386650115
5,1.496,10.019,2.915,1.6429346948456383
6,1.496,9.214,2.534,1.5071928869943743
7,1.499,7.411,2.12,1.166114339369115
8,1.496,6.28,1.95,0.9382076974031208
9,1.497,5.404,1.821,0.7448595562981524
