Iteration,Min,Max,Average,Std. Dev.
0,3.069,10.866,5.865,2.309745427909875
1,3.069,10.866,5.865,2.309745427909875
2,3.064,10.773,5.789,2.282227772434266
3,2.887,10.331,5.597,2.2082690566021412
4,2.692,10.179,5.377,2.2320361548978562
5,2.613,9.896,5.209,2.183613654719896
6,2.497,9.682,4.968,2.0889663107628254
7,2.456,9.296,4.617,1.9380956393583963
8,2.29,7.967,4.254,1.6007750814541277
9,2.27,6.938,3.864,1.2900973195892051
