Iteration,Min,Max,Average,Std. Dev.
0,1.496,13.458,4.935,2.55223862008658
1,1.496,13.458,4.935,2.55223862008658
2,1.496,12.67,4.511,2.388912672315984
3,1.496,12.345,3.833,2.152118378352956
4,1.496,11.789,3.051,1.8007060744860706
5,1.496,11.041,2.474,1.5215860271197743
6,1.496,10.827,2.152,1.2676978623017565
7,1.496,9.823,1.902,0.9981302058822619
8,1.496,8.446,1.76,0.7723473088238654
9,1.496,7.184,1.717,0.6369613150759185
