Iteration,Min,Max,Average,Std. Dev.
0,1.526,11.555,4.929,2.3690819436276693
1,1.526,11.555,4.929,2.3690819436276693
2,1.515,11.172,4.682,2.267697519043858
3,1.503,11.04,4.164,2.0666006817690397
4,1.497,10.992,3.661,1.8892602539851584
5,1.497,10.157,3.104,1.6973691627696457
6,1.502,9.324,2.681,1.5525181528461942
7,1.498,7.387,2.198,1.1866950674739603
8,1.498,6.256,1.988,0.9293216130306917
9,1.497,5.156,1.838,0.7086909993702846
