Iteration,Min,Max,Average,Std. Dev.
0,1.496,13.458,4.935,2.55223862008658
1,1.496,13.458,4.935,2.55223862008658
2,1.496,13.092,4.737,2.473899737025833
3,1.496,12.948,4.427,2.3561505466326014
4,1.496,12.715,4.05,2.1695803615539666
5,1.496,12.411,3.671,2.049644274506453
6,1.497,12.327,3.35,1.9305736758464593
7,1.496,11.938,3.018,1.7571236719119097
8,1.496,11.411,2.685,1.5672979061686738
9,1.496,10.932,2.38,1.3903003242453709
