Iteration,Min,Max,Average,Std. Dev.
0,3.069,10.866,5.865,2.309745427909875
1,3.069,10.866,5.865,2.309745427909875
2,3.069,10.854,5.856,2.306143688813877
3,3.047,10.801,5.833,2.297029861823188
4,3.023,10.784,5.805,2.300194985110961
5,3.013,10.752,5.785,2.2955553418450423
6,2.998,10.729,5.758,2.2869254866600848
7,2.992,10.689,5.718,2.2716651572505455
8,2.969,10.552,5.676,2.2412060260964
9,2.966,10.446,5.631,2.2113878382866887
