Iteration,Min,Max,Average,Std. Dev.
0,1.496,13.458,4.935,2.55223862008658
1,1.496,13.458,4.935,2.55223862008658
2,1.496,13.243,4.819,2.505706056824352
3,1.496,13.135,4.586,2.4152727269005996
4,1.496,12.91,4.246,2.2420965421236034
5,1.496,12.568,3.844,2.1129738703005727
6,1.496,12.462,3.455,1.9711948060933828
7,1.496,11.91,3.01,1.7422605311591461
8,1.496,11.113,2.547,1.4719840514854365
9,1.496,10.346,2.147,1.2180656090787143
