Iteration,Min,Max,Average,Std. Dev.
0,1.526,11.555,4.929,2.3690819436276693
1,1.526,11.555,4.929,2.3690819436276693
2,1.523,11.465,4.87,2.343870948418581
3,1.522,11.434,4.743,2.289865630253252
4,1.516,11.423,4.617,2.2442542849863787
5,1.51,11.229,4.463,2.1922888371452696
6,1.504,11.038,4.312,2.166366274172331
7,1.501,10.593,4.111,2.0842734692333256
8,1.498,10.298,3.899,2.018880021558457
9,1.497,10.076,3.698,1.9462238038909059
