Iteration,Min,Max,Average,Std. Dev.
0,1.526,11.555,4.929,2.3690819436276693
1,1.526,11.555,4.929,2.3690819436276693
2,1.521,11.394,4.825,2.3246079326475577
3,1.518,11.335,4.588,2.2270703927019997
4,1.504,11.313,4.344,2.1406598306669444
5,1.498,10.914,4.043,2.038523131770218
6,1.496,10.513,3.758,1.9809561382723138
7,1.498,9.563,3.382,1.796909140400957
8,1.497,8.923,3.02,1.6394401507337728
9,1.497,8.433,2.695,1.4881572613009182
