Iteration,Min,Max,Average,Std. Dev.
0,3.069,10.866,5.865,2.309745427909875
1,3.069,10.866,5.865,2.309745427909875
2,3.061,10.719,5.744,2.2673890059835937
3,2.863,10.182,5.51,2.1764970903603738
4,2.671,10.023,5.283,2.205615745427152
5,2.603,9.786,5.131,2.168580175250346
6,2.516,9.625,4.947,2.0963311683183767
7,2.487,9.368,4.705,1.990158622494621
8,2.381,8.546,4.471,1.7818389423951402
9,2.368,7.934,4.231,1.5949206788291197
