Iteration,Min,Max,Average,Std. Dev.
0,1.526,11.555,4.929,2.3690819436276693
1,1.526,11.555,4.929,2.3690819436276693
2,1.521,11.386,4.819,2.3223853728024295
3,1.515,11.317,4.543,2.2099167106969184
4,1.501,11.288,4.238,2.103548103158116
5,1.496,10.734,3.843,1.9658610328117856
6,1.498,10.16,3.469,1.8744759865107452
7,1.497,8.748,2.962,1.6002814562864114
8,1.498,7.776,2.512,1.3829463253574703
9,1.496,7.007,2.212,1.1283852903097822
