Iteration,Min,Max,Average,Std. Dev.
0,1.526,11.555,4.929,2.3690819436276693
1,1.526,11.555,4.929,2.3690819436276693
2,1.521,11.397,4.827,2.325407045686552
3,1.516,11.333,4.569,2.2198008255906676
4,1.502,11.306,4.283,2.120133263756544
5,1.497,10.789,3.911,1.9915182876172621
6,1.496,10.254,3.554,1.9090691267116549
7,1.496,8.937,3.07,1.651821790144156
8,1.514,8.031,2.622,1.4459315515002065
9,1.496,7.314,2.302,1.2091296132108054
