Iteration,Min,Max,Average,Std. Dev.
0,1.526,11.555,4.929,2.3690819436276693
1,1.526,11.555,4.929,2.3690819436276693
2,1.517,11.233,4.721,2.282800444182626
3,1.506,11.115,4.258,2.101471252019194
4,1.496,11.071,3.791,1.9356622905685779
5,1.497,10.267,3.248,1.7461493639528451
6,1.497,9.453,2.814,1.601175931151689
7,1.497,7.524,2.29,1.238141654032526
8,1.497,6.369,2.04,0.9642075272185558
9,1.496,5.26,1.875,0.7355299222712698
