Iteration,Min,Max,Average,Std. Dev.
0,1.496,13.458,4.935,2.55223862008658
1,1.496,13.458,4.935,2.55223862008658
2,1.496,13.342,4.872,2.526941910613352
3,1.496,13.274,4.725,2.4686233619496343
4,1.496,13.108,4.482,2.3419428873399264
5,1.496,12.835,4.165,2.235631601542518
6,1.496,12.745,3.825,2.111094202576458
7,1.496,12.239,3.396,1.9018671213968943
8,1.496,11.484,2.909,1.6421599399023386
9,1.496,10.728,2.415,1.4138262610399233
