Iteration,Min,Max,Average,Std. Dev.
0,3.069,10.866,5.865,2.309745427909875
1,3.069,10.866,5.865,2.309745427909875
2,3.042,10.365,5.459,2.191270468888459
3,2.442,8.562,4.685,1.9052813877905426
4,1.985,8.027,4.021,2.0525541388284956
5,1.762,7.235,3.596,1.9691746007579296
6,1.636,6.667,3.042,1.6134875287511519
7,1.582,5.735,2.419,1.2162610716334428
8,1.577,2.963,2.01,0.4241155694105899
9,1.516,2.613,1.929,0.34456814312819595
