Iteration,Min,Max,Average,Std. Dev.
0,1.496,13.458,4.935,2.55223862008658
1,1.496,13.458,4.935,2.55223862008658
2,1.496,13.343,4.873,2.5272139938328717
3,1.496,13.279,4.734,2.4723797711809823
4,1.496,13.132,4.515,2.3572240671998728
5,1.496,12.895,4.236,2.2619946421442827
6,1.496,12.818,3.941,2.1533561610904304
7,1.496,12.4,3.57,1.9773644708826676
8,1.496,11.782,3.152,1.755362413097265
9,1.496,11.172,2.698,1.5713948210295303
