Iteration,Min,Max,Average,Std. Dev.
0,1.496,13.458,4.935,2.55223862008658
1,1.496,13.458,4.935,2.55223862008658
2,1.496,13.065,4.723,2.4682791975367064
3,1.496,12.887,4.34,2.3249081409258956
4,1.497,12.55,3.829,2.0790098580273986
5,1.496,12.068,3.291,1.911223759142887
6,1.496,11.924,2.845,1.7184370377181972
7,1.496,11.212,2.402,1.4388039043778158
8,1.496,10.21,2.053,1.11966246227857
9,1.496,9.269,1.809,0.8822123815890132
