Iteration,Min,Max,Average,Std. Dev.
0,3.069,10.866,5.865,2.309745427909875
1,3.069,10.866,5.865,2.309745427909875
2,3.055,10.601,5.648,2.238031210871814
3,2.711,9.639,5.23,2.0786260877633316
4,2.398,9.353,4.835,2.1443265748311244
5,2.292,8.929,4.574,2.085653881775405
6,2.163,8.638,4.247,1.941002107761895
7,2.123,8.165,3.833,1.7472204638169015
8,1.989,6.667,3.445,1.346970904456254
9,1.973,5.571,3.039,1.0088473235481754
