Iteration,Min,Max,Average,Std. Dev.
0,3.069,10.866,5.865,2.309745427909875
1,3.069,10.866,5.865,2.309745427909875
2,3.061,10.717,5.743,2.267015494104463
3,2.833,10.117,5.482,2.1664508135778284
4,2.605,9.929,5.213,2.2007770856116484
5,2.52,9.621,5.025,2.151566692652174
6,2.407,9.403,4.777,2.050976229597812
7,2.37,9.035,4.441,1.9020044555079603
8,2.228,7.824,4.111,1.5893328554373485
9,2.211,6.911,3.764,1.3077265986084787
