Iteration,Min,Max,Average,Std. Dev.
0,3.069,10.866,5.865,2.309745427909875
1,3.069,10.866,5.865,2.309745427909875
2,3.066,10.796,5.807,2.28877657190564
3,2.962,10.526,5.69,2.2423606540047993
4,2.857,10.444,5.57,2.2552804470609837
5,2.817,10.315,5.486,2.2347518442176457
6,2.763,10.227,5.384,2.1983259460319893
7,2.745,10.083,5.244,2.1403052238328226
8,2.674,9.614,5.106,2.027143634401803
9,2.666,9.259,4.962,1.9237029718854586
