Iteration,Min,Max,Average,Std. Dev.
0,1.526,11.555,4.929,2.3690819436276693
1,1.526,11.555,4.929,2.3690819436276693
2,1.524,11.51,4.9,2.356313121243419
3,1.524,11.488,4.812,2.318834772931208
4,1.52,11.477,4.702,2.2803415693328097
5,1.513,11.255,4.539,2.2248979210189748
6,1.506,11.015,4.357,2.192748597174975
7,1.501,10.392,4.083,2.0776935959453557
8,1.497,9.947,3.775,1.9764477505278242
9,1.496,9.581,3.467,1.8500016819519987
