Iteration,Min,Max,Average,Std. Dev.
0,1.526,11.555,4.929,2.3690819436276693
1,1.526,11.555,4.929,2.3690819436276693
2,1.514,11.126,4.653,2.256665425020789
3,1.503,10.994,4.129,2.0554730853171996
4,1.497,10.95,3.657,1.8869859603823937
5,1.496,10.24,3.159,1.723653516589306
6,1.5,9.553,2.788,1.6072313116052306
7,1.498,8.013,2.357,1.3141605633542812
8,1.497,7.017,2.108,1.096422783356493
9,1.504,6.288,1.946,0.9043412013779389
