Iteration,Min,Max,Average,Std. Dev.
0,3.069,10.866,5.865,2.309745427909875
1,3.069,10.866,5.865,2.309745427909875
2,3.067,10.825,5.831,2.297283290782099
3,2.976,10.606,5.737,2.2604947689084143
4,2.867,10.527,5.617,2.2732412481709234
5,2.818,10.364,5.519,2.2461144946321987
6,2.742,10.237,5.374,2.1935824187420945
7,2.714,9.999,5.151,2.100946169119201
8,2.586,9.147,4.909,1.8948902164812422
9,2.57,8.471,4.639,1.6993509790892998
