Iteration,Min,Max,Average,Std. Dev.
0,3.069,10.866,5.865,2.309745427909875
1,3.069,10.866,5.865,2.309745427909875
2,3.056,10.624,5.668,2.243563411430049
3,2.698,9.652,5.245,2.0832504037766806
4,2.359,9.347,4.823,2.1505586076447236
5,2.24,8.85,4.528,2.0789956773462075
6,2.089,8.492,4.131,1.9019403832135562
7,2.042,7.879,3.614,1.666514498798453
8,1.904,5.893,3.125,1.1324780637514849
9,1.891,4.439,2.629,0.701588222385144
