Iteration,Min,Max,Average,Std. Dev.
0,1.526,11.555,4.929,2.3690819436276693
1,1.526,11.555,4.929,2.3690819436276693
2,1.512,11.016,4.583,2.2307808265916416
3,1.497,10.84,3.905,1.98162486101667
4,1.498,10.779,3.278,1.7732589020474174
5,1.499,9.751,2.672,1.5518515221450797
6,1.505,8.736,2.287,1.3762334873723572
7,1.497,6.427,1.92,0.9592695211683372
8,1.496,5.471,1.8,0.7239977740202331
9,1.496,3.898,1.696,0.4659785486177452
