Iteration,Min,Max,Average,Std. Dev.
0,1.526,11.555,4.929,2.3690819436276693
1,1.526,11.555,4.929,2.3690819436276693
2,1.514,11.127,4.653,2.2567667300040335
3,1.501,10.979,4.079,2.036369525882279
4,1.498,10.925,3.523,1.8442863459436079
5,1.496,9.992,2.928,1.6348186093307502
6,1.5,9.057,2.498,1.474693410729648
7,1.504,6.887,2.039,1.0725566107313345
8,1.497,5.848,1.878,0.8279957633336775
9,1.496,4.41,1.767,0.5898485035891089
