Iteration,Min,Max,Average,Std. Dev.
0,1.526,11.555,4.929,2.3690819436276693
1,1.526,11.555,4.929,2.3690819436276693
2,1.522,11.442,4.856,2.337624756224443
3,1.521,11.396,4.671,2.2603446222621337
4,1.508,11.377,4.465,2.1880488333573345
5,1.501,11.009,4.192,2.0954173927143227
6,1.497,10.628,3.916,2.0428492232175492
7,1.496,9.693,3.536,1.8637681439739513
8,1.496,9.049,3.158,1.7022707276447453
9,1.498,8.54,2.805,1.5391681047642212
