Iteration,Min,Max,Average,Std. Dev.
0,1.526,11.555,4.929,2.3690819436276693
1,1.526,11.555,4.929,2.3690819436276693
2,1.524,11.516,4.903,2.3578978284273293
3,1.524,11.496,4.826,2.3249991622814377
4,1.521,11.487,4.73,2.291211490275794
5,1.516,11.293,4.587,2.2425364792809046
6,1.508,11.083,4.427,2.214061145701075
7,1.503,10.538,4.185,2.1131028952278417
8,1.499,10.149,3.907,2.0275100524021354
9,1.497,9.83,3.627,1.9191018683938335
