Iteration,Min,Max,Average,Std. Dev.
0,0.111,31.675,6.754,6.808124995885279
1,0.111,31.675,6.754,6.808124995885279
2,0.115,29.818,6.177,6.481995205294997
3,0.08,27.663,5.188,5.789717563265929
4,0.055,23.94,3.933,4.918941892810252
5,-0.07,19.16,2.833,4.067314791089117
6,-0.122,18.098,2.021,3.479967290235447
7,-0.114,16.835,1.404,2.829578579625737
8,-0.119,16.784,1.063,2.502227962341344
9,-0.121,14.458,0.737,1.887344102862637
