Iteration,Min,Max,Average,Std. Dev.
0,0.215,23.524,6.084,5.103618277713391
1,0.215,23.524,6.084,5.103618277713391
2,0.208,22.867,5.899,4.92401240326041
3,0.192,20.205,5.464,4.500880721886684
4,0.108,20.161,4.98,4.311915236828762
5,-0.002,16.626,4.17,3.6311543399210264
6,-0.009,13.188,3.204,2.8150177215313503
7,-0.103,12.178,2.259,2.5101572515741943
8,-0.113,10.633,1.532,2.288180261427282
9,-0.121,7.733,0.976,1.8309519013552789
