Iteration,Min,Max,Average,Std. Dev.
0,1.639,19.734,9.093,6.119611718451688
1,1.639,19.734,9.093,6.119611718451688
2,1.589,19.722,8.91,6.022649438007784
3,1.443,19.443,8.497,5.795557927364855
4,1.389,19.298,7.98,5.4894760549435775
5,1.37,18.846,7.672,5.219572631757443
6,1.303,18.496,7.286,4.950265298277923
7,1.075,17.995,6.854,4.698725592228043
8,0.881,17.7,6.56,4.613479054455767
9,0.666,17.411,6.352,4.575460156485044
