Iteration,Min,Max,Average,Std. Dev.
0,1.639,19.734,9.093,6.119611718451688
1,1.639,19.734,9.093,6.119611718451688
2,1.6,19.725,8.948,6.042151536991109
3,1.456,19.417,8.521,5.803209851517965
4,1.392,19.236,7.901,5.428915617122481
5,1.364,18.644,7.486,5.073884251706135
6,1.247,18.069,6.914,4.708410134180555
7,0.847,16.284,6.219,4.129100606874454
8,0.648,14.796,5.8,3.728906916496345
9,1.622,13.23,5.589,3.1709381059210187
