Iteration,Min,Max,Average,Std. Dev.
0,1.639,19.734,9.093,6.119611718451688
1,1.639,19.734,9.093,6.119611718451688
2,1.241,19.654,8.032,5.634984322029791
3,0.802,18.663,6.918,5.140312958180887
4,1.095,18.281,6.047,4.676827227209846
5,1.176,13.649,5.066,3.361129669617051
6,1.471,4.985,3.671,1.0446890995543792
7,1.483,4.206,2.797,0.8218459241499269
8,0.917,2.637,1.892,0.5520034151613639
9,-0.019,2.096,0.794,0.6971686258118158
