Iteration,Min,Max,Average,Std. Dev.
0,0.111,31.675,6.754,6.808124995885279
1,0.111,31.675,6.754,6.808124995885279
2,0.116,30.98,6.533,6.684209594880986
3,0.101,28.753,6.04,6.335273555438531
4,0.083,26.246,5.244,5.758120401910478
5,0.059,22.34,4.19,4.915323929965651
6,-0.057,20.382,3.209,4.255660154860945
7,-0.094,18.046,2.213,3.458702656838297
8,-0.106,17.474,1.546,3.0356489310702015
9,-0.118,15.624,1.097,2.390020289874074
