Iteration,Min,Max,Average,Std. Dev.
0,0.215,23.524,6.084,5.103618277713391
1,0.215,23.524,6.084,5.103618277713391
2,0.204,22.459,5.794,4.823770388360931
3,0.156,19.345,5.321,4.367513209277201
4,0.094,19.304,4.925,4.2126634878586255
5,0.012,17.158,4.387,3.765966063992127
6,0.007,15.249,3.83,3.303534312492436
7,-0.014,14.752,3.273,3.148105734503886
8,-0.086,14.067,2.837,3.0507928722618476
9,-0.122,13.71,2.408,2.8548604262708395
