Iteration,Min,Max,Average,Std. Dev.
0,0.111,31.675,6.754,6.808124995885279
1,0.111,31.675,6.754,6.808124995885279
2,0.113,31.42,6.672,6.762212909764024
3,0.114,30.815,6.529,6.666764659634226
4,0.111,30.264,6.34,6.53298482562578
5,0.101,28.963,6.096,6.3337531162387
6,0.093,28.433,5.841,6.160926905206658
7,0.08,26.862,5.58,5.93437088885366
8,0.063,24.521,5.334,5.691424140167651
9,0.049,24.317,5.061,5.482569812673139
