Iteration,Min,Max,Average,Std. Dev.
0,0.215,23.524,6.084,5.103618277713391
1,0.215,23.524,6.084,5.103618277713391
2,0.208,22.903,5.909,4.933227330101241
3,0.197,20.405,5.496,4.529884919074067
4,0.115,20.363,5.034,4.348690898496053
5,0.01,16.851,4.266,3.70145086425548
6,0.003,13.787,3.346,2.931709544285571
7,-0.113,12.816,2.42,2.646103989004418
8,-0.119,11.314,1.703,2.4233634203364476
9,-0.104,8.849,1.075,1.9910411389364011
