Iteration,Min,Max,Average,Std. Dev.
0,0.111,31.675,6.754,6.808124995885279
1,0.111,31.675,6.754,6.808124995885279
2,0.117,30.436,6.364,6.588825387305781
3,0.09,28.174,5.623,6.063250014358993
4,0.068,25.053,4.568,5.318289293940535
5,0.012,20.608,3.441,4.44536145621853
6,-0.085,18.662,2.528,3.828858160403511
7,-0.049,17.203,1.717,3.120250993137042
8,-0.124,17.162,1.26,2.7391635615549372
9,-0.115,15.135,0.905,2.118724539772289
