Iteration,Min,Max,Average,Std. Dev.
0,1.639,19.734,9.093,6.119611718451688
1,1.639,19.734,9.093,6.119611718451688
2,1.5,19.703,8.64,5.8886170340546595
3,1.069,19.062,7.714,5.545172729782038
4,0.929,18.8,6.939,5.0296701116859275
5,0.885,17.849,6.461,4.561299212380249
6,0.742,14.321,5.691,3.5030682453092754
7,0.833,6.679,4.671,1.5991422863145326
8,1.798,5.495,4.109,0.9802695590181287
9,2.371,4.901,3.387,0.7992713278227044
