Iteration,Min,Max,Average,Std. Dev.
0,0.215,23.524,6.084,5.103618277713391
1,0.215,23.524,6.084,5.103618277713391
2,0.214,23.44,6.059,5.079272119565997
3,0.214,23.162,6.002,5.020650014062175
4,0.212,23.158,5.938,4.991140810721871
5,0.193,22.824,5.836,4.897502687273089
6,0.193,22.579,5.711,4.771306911590272
7,0.185,22.496,5.543,4.647617297300101
8,0.158,22.364,5.375,4.567599922835287
9,0.142,22.036,5.192,4.472257926579611
