Iteration,Min,Max,Average,Std. Dev.
0,0.215,23.524,6.084,5.103618277713391
1,0.215,23.524,6.084,5.103618277713391
2,0.202,22.267,5.748,4.77946357759313
3,0.135,18.521,5.202,4.26114561022431
4,0.067,18.471,4.747,4.086866735276305
5,-0.02,16.585,4.122,3.5724227304425638
6,-0.024,13.673,3.477,3.0203930873886007
7,-0.093,13.103,2.861,2.8394484003690033
8,-0.119,12.325,2.405,2.704302406833078
9,-0.124,11.483,1.935,2.4890659497731478
