Iteration,Min,Max,Average,Std. Dev.
0,0.111,31.675,6.754,6.808124995885279
1,0.111,31.675,6.754,6.808124995885279
2,0.114,29.665,6.131,6.45580716182042
3,0.079,27.606,5.115,5.7502060614937385
4,0.053,23.976,3.879,4.896395761194213
5,-0.071,19.387,2.831,4.0811808975502535
6,-0.121,18.106,2.062,3.5162110580120767
7,-0.119,16.991,1.466,2.8880649697907548
8,-0.122,16.948,1.12,2.5828312681299916
9,-0.122,15.115,0.817,2.0475898403176154
