Iteration,Min,Max,Average,Std. Dev.
0,0.111,31.675,6.754,6.808124995885279
1,0.111,31.675,6.754,6.808124995885279
2,0.117,30.69,6.442,6.633108547996509
3,0.097,28.475,5.848,6.214434786584106
4,0.077,25.964,4.992,5.60395332731669
5,0.056,22.234,3.987,4.816176876283928
6,-0.079,20.472,3.122,4.227190802023296
7,-0.114,17.654,2.269,3.5163906950117116
8,-0.124,17.627,1.659,3.1181936223682825
9,-0.113,16.461,1.268,2.6859481756522836
