Iteration,Min,Max,Average,Std. Dev.
0,0.215,23.524,6.084,5.103618277713391
1,0.215,23.524,6.084,5.103618277713391
2,0.206,22.687,5.852,4.878852548087329
3,0.175,19.744,5.388,4.430043582830053
4,0.106,19.7,4.931,4.252308518418042
5,0.001,16.798,4.231,3.6667225165074075
6,-0.004,13.967,3.444,3.0040519485068233
7,-0.119,13.192,2.661,2.7714213834764205
8,-0.121,12.051,2.07,2.5838737190430874
9,-0.119,10.364,1.442,2.264838212558242
