Iteration,Min,Max,Average,Std. Dev.
0,0.111,31.675,6.754,6.808124995885279
1,0.111,31.675,6.754,6.808124995885279
2,0.117,30.692,6.443,6.633527159917948
3,0.1,28.641,5.93,6.278935934188052
4,0.084,26.793,5.266,5.809151518429597
5,0.062,24.158,4.505,5.214545470892715
6,0.049,22.915,3.839,4.758201991873836
7,-0.08,19.438,3.204,4.168659151703955
8,-0.119,18.164,2.636,3.720187202488037
9,-0.106,17.683,2.127,3.481061071243062
