Iteration,Min,Max,Average,Std. Dev.
0,0.215,23.524,6.084,5.103618277713391
1,0.215,23.524,6.084,5.103618277713391
2,0.165,21.395,5.549,4.595237214495249
3,0.056,17.765,4.748,3.879615878869572
4,-0.025,17.013,4.111,3.638234973526535
5,-0.1,13.2,3.224,2.901107480679288
6,-0.103,8.789,2.37,2.1625241349123168
7,-0.121,8.206,1.713,1.9205091780266537
8,-0.114,7.468,1.252,1.811399423697946
9,-0.116,6.136,0.85,1.543108541420525
