Iteration,Min,Max,Average,Std. Dev.
0,0.111,31.675,6.754,6.808124995885279
1,0.111,31.675,6.754,6.808124995885279
2,0.113,29.261,6.011,6.3872912411624485
3,0.069,27.09,4.754,5.519028073402828
4,-0.046,22.404,3.278,4.4756388047151825
5,-0.099,18.243,2.183,3.602758274688031
6,-0.117,17.77,1.523,3.0378702693914263
7,-0.114,15.653,1.045,2.450266408888126
8,-0.123,15.555,0.72,2.0504665893029146
9,-0.12,11.163,0.416,1.338485245638607
