Iteration,Min,Max,Average,Std. Dev.
0,1.639,19.734,9.093,6.119611718451688
1,1.639,19.734,9.093,6.119611718451688
2,1.384,19.68,8.341,5.755317683342577
3,0.769,18.81,7.189,5.368913988389885
4,0.722,18.5,6.443,4.75800129207356
5,0.718,15.737,5.718,3.908015695262702
6,0.789,6.505,4.386,1.4890188304949663
7,1.34,4.648,3.502,1.0155433224829702
8,1.544,3.528,2.601,0.687848740654549
9,0.036,2.534,1.157,0.8448732587078226
