Iteration,Min,Max,Average,Std. Dev.
0,1.639,19.734,9.093,6.119611718451688
1,1.639,19.734,9.093,6.119611718451688
2,1.441,19.691,8.482,5.815838687663772
3,0.872,18.896,7.379,5.450879785395247
4,0.749,18.603,6.621,4.83617616688184
5,0.717,16.614,6.002,4.157135649065372
6,0.664,8.792,4.804,2.0289142771639943
7,1.555,4.88,3.766,1.1536229830606406
8,1.384,4.146,2.774,0.7963336678545366
9,0.086,2.594,1.317,0.8545121228937569
