Iteration,Min,Max,Average,Std. Dev.
0,0.215,23.524,6.084,5.103618277713391
1,0.215,23.524,6.084,5.103618277713391
2,0.192,21.906,5.662,4.6999582559931
3,0.093,17.938,4.923,4.024210629680262
4,0.006,17.278,4.261,3.7764594499653628
5,-0.09,13.32,3.264,2.9353534794288842
6,-0.105,8.764,2.252,2.096373435231205
7,-0.123,8.013,1.491,1.8125237088052102
8,-0.12,7.041,0.965,1.6669070065433838
9,-0.113,5.402,0.625,1.3359539551852515
