Iteration,Min,Max,Average,Std. Dev.
0,1.639,19.734,9.093,6.119611718451688
1,1.639,19.734,9.093,6.119611718451688
2,1.353,19.675,8.27,5.726065565679801
3,0.766,18.863,7.185,5.365694679993599
4,0.725,18.595,6.534,4.811272630064079
5,0.72,17.11,6.012,4.303906409519014
6,0.743,11.756,5.127,2.7669616421146617
7,1.525,4.986,4.14,0.9924302942859272
8,2.193,4.835,3.444,0.8029305229556276
9,1.242,3.52,2.491,0.8271579791155076
