Iteration,Min,Max,Average,Std. Dev.
0,1.639,19.734,9.093,6.119611718451688
1,1.639,19.734,9.093,6.119611718451688
2,1.54,19.711,8.755,5.944159073309141
3,1.213,19.175,7.978,5.613596094849497
4,1.09,18.93,7.186,5.163354258382972
5,1.047,18.187,6.72,4.731900088067682
6,0.89,16.141,6.051,4.036588355801407
7,0.666,10.333,5.169,2.457715433737612
8,1.148,7.12,4.736,1.619008845232144
9,3.663,6.393,4.484,0.799676916845398
