Iteration,Min,Max,Average,Std. Dev.
0,1.639,19.734,9.093,6.119611718451688
1,1.639,19.734,9.093,6.119611718451688
2,1.555,19.715,8.8,5.966593263590884
3,1.263,19.21,8.077,5.641635058809222
4,1.147,18.968,7.276,5.197898534028963
5,1.104,18.234,6.796,4.765159632818233
6,0.939,16.323,6.112,4.094575346331324
7,0.657,10.574,5.21,2.528483369927429
8,1.114,7.271,4.769,1.669225822639686
9,3.748,6.515,4.515,0.8239385706780579
