Iteration,Min,Max,Average,Std. Dev.
0,1.639,19.734,9.093,6.119611718451688
1,1.639,19.734,9.093,6.119611718451688
2,1.579,19.72,8.877,6.005439573254421
3,1.418,19.432,8.436,5.771329875251487
4,1.362,19.291,7.926,5.4802550501096805
5,1.344,18.872,7.638,5.227574889815363
6,1.286,18.548,7.294,4.978352294488586
7,1.094,18.145,6.919,4.759629357573706
8,0.929,17.94,6.667,4.694144616139266
9,0.7,17.754,6.479,4.685770791697469
