Iteration,Min,Max,Average,Std. Dev.
0,1.639,19.734,9.093,6.119611718451688
1,1.639,19.734,9.093,6.119611718451688
2,1.534,19.71,8.737,5.935238434601013
3,1.219,19.208,7.993,5.6190754612336
4,1.107,18.985,7.262,5.215155801338491
5,1.071,18.368,6.849,4.833640375040346
6,0.947,17.24,6.309,4.377237286146508
7,0.673,13.923,5.651,3.4237899974173365
8,0.751,11.753,5.315,2.812166964258138
9,2.187,9.954,5.154,2.1181071900154955
