Iteration,Min,Max,Average,Std. Dev.
0,1.639,19.734,9.093,6.119611718451688
1,1.639,19.734,9.093,6.119611718451688
2,1.504,19.704,8.65,5.893110792306389
3,1.063,19.04,7.699,5.541374315921813
4,0.915,18.766,6.897,4.99649315515443
5,0.868,17.627,6.379,4.479495156104884
6,0.713,12.914,5.482,3.1110217109646454
7,1.002,5.874,4.353,1.287601755189746
8,2.039,4.81,3.628,0.9421346133127324
9,0.995,3.772,2.321,1.0140349600275365
