Iteration,Min,Max,Average,Std. Dev.
0,0.215,23.524,6.084,5.103618277713391
1,0.215,23.524,6.084,5.103618277713391
2,0.062,19.124,5.114,4.21285261907306
3,-0.078,15.454,3.774,3.2029840466638126
4,-0.123,11.462,2.637,2.6715302445342943
5,-0.123,7.108,1.368,1.7406872331205476
6,-0.121,6.696,0.803,1.4811258743706277
7,-0.115,5.908,0.475,1.1528990584421444
8,-0.117,5.15,0.374,1.08157385323717
9,-0.121,4.703,0.32,0.8656602721670679
