Iteration,Min,Max,Average,Std. Dev.
0,0.111,31.675,6.754,6.808124995885279
1,0.111,31.675,6.754,6.808124995885279
2,0.114,31.268,6.623,6.735259616008034
3,0.114,30.389,6.417,6.597926550347359
4,0.106,29.637,6.164,6.418462946137686
5,0.094,27.97,5.855,6.168951567395617
6,0.086,27.313,5.549,5.964976675277293
7,0.071,25.527,5.254,5.71052487043943
8,0.053,23.535,4.983,5.442746124984481
9,0.04,22.613,4.698,5.223567328102936
