Iteration,Min,Max,Average,Std. Dev.
0,0.215,23.524,6.084,5.103618277713391
1,0.215,23.524,6.084,5.103618277713391
2,0.125,20.583,5.382,4.445045249952824
3,-0.009,16.883,4.269,3.5244372971745914
4,-0.094,14.661,3.291,3.116564014671869
5,-0.121,7.516,1.924,1.9838704291772251
6,-0.121,7.039,1.061,1.601077691427042
7,-0.114,6.177,0.601,1.2728987942430552
8,-0.099,5.479,0.5,1.1670143862231022
9,-0.12,4.795,0.397,0.9988356814047504
