Iteration,Min,Max,Average,Std. Dev.
0,0.215,23.524,6.084,5.103618277713391
1,0.215,23.524,6.084,5.103618277713391
2,0.208,22.867,5.899,4.923840168986397
3,0.196,20.493,5.507,4.539421821692689
4,0.128,20.456,5.102,4.378405350242494
5,0.033,17.512,4.468,3.84326327846838
6,0.027,15.304,3.737,3.244800869910308
7,-0.089,14.564,2.971,3.030619065851152
8,-0.11,13.436,2.373,2.8502919014047765
9,-0.118,12.258,1.714,2.534347870804218
