Iteration,Min,Max,Average,Std. Dev.
0,0.111,31.675,6.754,6.808124995885279
1,0.111,31.675,6.754,6.808124995885279
2,0.115,29.777,6.164,6.474951335166095
3,0.077,27.518,5.106,5.730846613889135
4,0.047,23.336,3.738,4.7751488935891295
5,-0.055,18.422,2.574,3.874350978212135
6,-0.076,17.966,1.762,3.2668928381800852
7,-0.118,16.219,1.196,2.617095408209401
8,-0.122,16.139,0.867,2.226299696377749
9,-0.119,12.33,0.529,1.5303554739553102
