Iteration,Min,Max,Average,Std. Dev.
0,0.111,31.675,6.754,6.808124995885279
1,0.111,31.675,6.754,6.808124995885279
2,0.113,31.433,6.676,6.764677432367463
3,0.113,30.799,6.527,6.663976743944761
4,0.11,30.176,6.315,6.5121942300028595
5,0.098,28.591,6.024,6.27249318835584
6,0.089,27.919,5.705,6.056162331370356
7,0.072,25.807,5.369,5.760511286853154
8,0.05,22.939,5.04,5.4358352287707
9,0.034,22.304,4.671,5.160558590454947
