Iteration,Min,Max,Average,Std. Dev.
0,0.111,31.675,6.754,6.808124995885279
1,0.111,31.675,6.754,6.808124995885279
2,0.116,30.859,6.495,6.662861941504218
3,0.104,28.955,6.067,6.369137986599019
4,0.09,27.272,5.513,5.9757068451649955
5,0.069,25.05,4.856,5.456049661270893
6,0.056,23.984,4.253,5.048138136685431
7,0.031,20.74,3.683,4.508560660267895
8,-0.061,19.303,3.152,4.046690382800291
9,-0.11,18.794,2.638,3.7737673809403596
