Iteration,Min,Max,Average,Std. Dev.
0,0.111,31.675,6.754,6.808124995885279
1,0.111,31.675,6.754,6.808124995885279
2,0.114,31.318,6.639,6.744093818443634
3,0.112,30.264,6.396,6.576775456950872
4,0.102,29.129,6.022,6.304892424401113
5,0.083,26.163,5.484,5.860458739372925
6,0.068,25.147,4.894,5.458975514438936
7,0.039,21.674,4.273,4.885628161742386
8,-0.009,20.551,3.647,4.327285822885639
9,-0.088,19.976,2.984,3.9710118553525198
