Iteration,Min,Max,Average,Std. Dev.
0,0.111,31.675,6.754,6.808124995885279
1,0.111,31.675,6.754,6.808124995885279
2,0.112,31.574,6.721,6.789871311100068
3,0.112,31.282,6.652,6.742948416620315
4,0.112,30.976,6.546,6.667295011044288
5,0.11,30.161,6.391,6.539966454793241
6,0.104,29.808,6.213,6.418118484919396
7,0.093,28.642,6.012,6.239653278218222
8,0.078,26.805,5.81,6.041183174117927
9,0.064,26.636,5.566,5.852193318962954
