Iteration,Min,Max,Average,Std. Dev.
0,0.215,23.524,6.084,5.103618277713391
1,0.215,23.524,6.084,5.103618277713391
2,0.207,22.83,5.889,4.914388390657864
3,0.199,20.9,5.566,4.594038706411941
4,0.154,20.875,5.292,4.480805292309797
5,0.089,19.396,4.927,4.167935332084606
6,0.085,18.369,4.547,3.848869842925582
7,0.078,18.053,4.13,3.698203983520435
8,0.024,17.611,3.765,3.646897395645211
9,-0.042,16.758,3.431,3.515989682608203
