Iteration,Min,Max,Average,Std. Dev.
0,0.111,31.675,6.754,6.808124995885279
1,0.111,31.675,6.754,6.808124995885279
2,0.113,29.49,6.079,6.425998871210499
3,0.076,27.433,4.982,5.667042665679331
4,0.028,23.522,3.674,4.760713189076421
5,-0.05,18.724,2.622,3.9333711379554863
6,-0.115,18.01,1.875,3.3664024044870757
7,-0.119,16.728,1.329,2.7525118720682413
8,-0.123,16.676,1.016,2.4536993781478786
9,-0.124,14.406,0.703,1.854967093043343
