Iteration,Min,Max,Average,Std. Dev.
0,1.639,19.734,9.093,6.119611718451688
1,1.639,19.734,9.093,6.119611718451688
2,1.54,19.711,8.755,5.944315132005044
3,1.179,19.115,7.908,5.593725546136863
4,1.037,18.84,7.046,5.074460756871775
5,0.984,17.797,6.507,4.5546448788397536
6,0.788,13.452,5.599,3.2623645130342243
7,0.903,6.191,4.43,1.3680136787568467
8,2.022,4.793,3.726,0.9839135000050359
9,0.761,3.881,2.256,1.1758265592027728
