Iteration,Min,Max,Average,Std. Dev.
0,0.215,23.524,6.084,5.103618277713391
1,0.215,23.524,6.084,5.103618277713391
2,0.21,23.094,5.961,4.983267507291569
3,0.21,22.009,5.763,4.783072203617633
4,0.198,21.996,5.6,4.711392956266623
5,0.165,21.264,5.391,4.526952373085984
6,0.162,20.769,5.175,4.325532208937486
7,0.151,20.62,4.924,4.178498501385716
8,0.118,20.417,4.701,4.10908577465411
9,0.073,19.96,4.491,4.018998331837378
