Iteration,Min,Max,Average,Std. Dev.
0,0.215,23.524,6.084,5.103618277713391
1,0.215,23.524,6.084,5.103618277713391
2,0.208,22.918,5.913,4.937075916296955
3,0.206,20.979,5.584,4.611099813890971
4,0.153,20.951,5.268,4.482067333383836
5,0.077,18.973,4.807,4.087358552617766
6,0.072,17.522,4.296,3.670152109677303
7,0.043,17.047,3.733,3.502713941689767
8,-0.027,16.342,3.253,3.421862360818761
9,-0.101,15.674,2.78,3.213712291047921
