Iteration,Min,Max,Average,Std. Dev.
0,0.215,23.524,6.084,5.103618277713391
1,0.215,23.524,6.084,5.103618277713391
2,0.21,23.036,5.945,4.967889022996808
3,0.209,21.334,5.647,4.671647963357558
4,0.158,21.308,5.336,4.543536535469388
5,0.087,19.231,4.855,4.128873687644183
6,0.082,17.646,4.298,3.6764175568311654
7,0.038,17.104,3.668,3.4936462194284696
8,-0.061,16.263,3.131,3.391058782309232
9,-0.123,15.489,2.574,3.1427712362387323
