Iteration,Min,Max,Average,Std. Dev.
0,0.215,23.524,6.084,5.103618277713391
1,0.215,23.524,6.084,5.103618277713391
2,0.207,22.76,5.871,4.897002675343304
3,0.184,20.106,5.444,4.480878599495386
4,0.119,20.066,5.022,4.314695069374486
5,0.019,17.107,4.378,3.7740673162528062
6,0.014,14.862,3.652,3.1734693088944272
7,-0.096,14.143,2.908,2.9626090935866003
8,-0.114,13.075,2.336,2.7878220101877793
9,-0.118,11.869,1.712,2.4898438842544226
