Iteration,Min,Max,Average,Std. Dev.
0,1.639,19.734,9.093,6.119611718451688
1,1.639,19.734,9.093,6.119611718451688
2,1.562,19.716,8.822,5.977465904559469
3,1.295,19.243,8.144,5.662208729657138
4,1.187,19.01,7.364,5.2355078028486846
5,1.147,18.321,6.894,4.819579004741609
6,0.991,16.822,6.244,4.250261203684491
7,0.657,12.035,5.407,2.915514581963542
8,0.923,9.003,4.989,2.0942111501877934
9,3.321,6.974,4.79,1.1653003672770723
