Iteration,Min,Max,Average,Std. Dev.
0,0.111,31.675,6.754,6.808124995885279
1,0.111,31.675,6.754,6.808124995885279
2,0.116,30.956,6.525,6.679928524266324
3,0.104,29.104,6.109,6.391952151726318
4,0.09,27.289,5.53,5.976576584025019
5,0.067,24.648,4.804,5.395989332570138
6,0.053,23.399,4.116,4.926715799787182
7,-0.016,20.144,3.442,4.295936275402408
8,-0.115,18.74,2.813,3.8042166570217097
9,-0.111,18.04,2.227,3.5449820675095784
