Iteration,Min,Max,Average,Std. Dev.
0,0.111,31.675,6.754,6.808124995885279
1,0.111,31.675,6.754,6.808124995885279
2,0.115,31.06,6.558,6.698352473281837
3,0.107,29.488,6.201,6.4528086177841
4,0.094,27.956,5.706,6.096817009329323
5,0.073,25.348,5.071,5.584736620726955
6,0.059,24.255,4.448,5.162401211023965
7,0.032,20.81,3.835,4.585886797228422
8,-0.063,19.667,3.248,4.081292167823186
9,-0.112,19.1,2.666,3.7868043419953925
