Iteration,Min,Max,Average,Std. Dev.
0,0.111,31.675,6.754,6.808124995885279
1,0.111,31.675,6.754,6.808124995885279
2,0.113,29.401,6.053,6.410981347861218
3,0.072,27.233,4.862,5.584839147607227
4,-0.022,22.781,3.432,4.5813341362952675
5,-0.07,18.302,2.328,3.709162405576909
6,-0.085,17.852,1.616,3.13269490616968
7,-0.107,15.994,1.116,2.5305420002130807
8,-0.123,15.909,0.791,2.162304876246451
9,-0.114,12.069,0.468,1.4590839909222197
