Iteration,Min,Max,Average,Std. Dev.
0,0.111,31.675,6.754,6.808124995885279
1,0.111,31.675,6.754,6.808124995885279
2,0.116,30.18,6.286,6.544350523351872
3,0.084,27.874,5.398,5.914243694651994
4,0.059,24.158,4.164,5.047713211542663
5,-0.052,19.142,2.969,4.1297096517403755
6,-0.12,18.133,2.057,3.500200583154437
7,-0.12,16.638,1.367,2.7995410797175313
8,-0.119,16.573,1.008,2.4025304196118595
9,-0.122,13.292,0.659,1.7255798467290768
