Iteration,Min,Max,Average,Std. Dev.
0,1.639,19.734,9.093,6.119611718451688
1,1.639,19.734,9.093,6.119611718451688
2,1.595,19.724,8.934,6.034740287305793
3,1.435,19.389,8.468,5.780321554572271
4,1.364,19.196,7.806,5.391499720289567
5,1.333,18.58,7.37,5.019420273355289
6,1.205,17.887,6.768,4.626273827135899
7,0.785,15.521,6.029,3.902914082462186
8,0.653,13.602,5.605,3.3799438714291696
9,2.084,11.681,5.407,2.661891315283597
