Iteration,Min,Max,Average,Std. Dev.
0,1.639,19.734,9.093,6.119611718451688
1,1.639,19.734,9.093,6.119611718451688
2,1.583,19.721,8.892,6.013105018772827
3,1.404,19.377,8.395,5.752059577018663
4,1.332,19.195,7.764,5.395471638568925
5,1.306,18.648,7.378,5.061853433106378
6,1.204,18.136,6.878,4.731853513808606
7,0.871,16.796,6.301,4.277993289332537
8,0.673,15.767,5.957,4.001162506830838
9,1.067,14.728,5.755,3.668119050436063
