Iteration,Min,Max,Average,Std. Dev.
0,0.111,31.675,6.754,6.808124995885279
1,0.111,31.675,6.754,6.808124995885279
2,0.114,31.188,6.598,6.721035401024361
3,0.109,29.887,6.3,6.51636179940709
4,0.098,28.579,5.872,6.207614476795554
5,0.078,25.841,5.299,5.739716306847691
6,0.064,24.823,4.708,5.339649329199649
7,0.037,21.45,4.113,4.78495402477584
8,-0.016,20.253,3.53,4.264630457841165
9,-0.089,19.723,2.931,3.9372560730942
