Iteration,Min,Max,Average,Std. Dev.
0,0.215,23.524,6.084,5.103618277713391
1,0.215,23.524,6.084,5.103618277713391
2,0.105,20.154,5.299,4.372276063111083
3,-0.032,16.573,4.129,3.4286072744937814
4,-0.107,13.966,3.127,2.9960859570818914
5,-0.124,7.45,1.801,1.9264455374893934
6,-0.121,6.998,1.015,1.5847178689109973
7,-0.106,6.19,0.583,1.2612163238090621
8,-0.099,5.557,0.481,1.166685896112887
9,-0.122,4.805,0.387,1.011534890636539
