Iteration,Min,Max,Average,Std. Dev.
0,0.215,23.524,6.084,5.103618277713391
1,0.215,23.524,6.084,5.103618277713391
2,0.208,22.87,5.9,4.9246683598509895
3,0.205,21.153,5.608,4.6334316737747585
4,0.165,21.131,5.369,4.533215969560688
5,0.108,19.942,5.062,4.26802112124527
6,0.105,19.132,4.748,3.9964978892900764
7,0.103,18.887,4.399,3.8473310937292338
8,0.057,18.553,4.091,3.7930241322949207
9,-0.002,17.804,3.812,3.686985481623591
