Iteration,Min,Max,Average,Std. Dev.
0,1.639,19.734,9.093,6.119611718451688
1,1.639,19.734,9.093,6.119611718451688
2,1.415,19.686,8.416,5.787167240363051
3,0.826,18.873,7.302,5.4216509451684605
4,0.728,18.582,6.572,4.816189137319
5,0.706,16.591,5.96,4.151100059966804
6,0.69,9.018,4.801,2.0699939916503127
7,1.707,4.907,3.779,1.115049462146099
8,1.344,4.288,2.875,0.8310458391904691
9,0.146,2.708,1.474,0.8583269106946139
