Iteration,Min,Max,Average,Std. Dev.
0,0.215,23.524,6.084,5.103618277713391
1,0.215,23.524,6.084,5.103618277713391
2,0.136,20.824,5.43,4.487727738013604
3,0.01,17.251,4.43,3.6376148916262685
4,-0.075,15.724,3.591,3.30296030572616
5,-0.124,8.117,2.4,2.2898501086592344
6,-0.123,7.465,1.434,1.7301222669731118
7,-0.123,6.631,0.875,1.4941871498128214
8,-0.122,6.155,0.621,1.2477671508161072
9,-0.122,4.671,0.467,1.0306090654763347
