Iteration,Min,Max,Average,Std. Dev.
0,0.215,23.524,6.084,5.103618277713391
1,0.215,23.524,6.084,5.103618277713391
2,0.202,22.312,5.758,4.78969121403846
3,0.13,18.146,5.118,4.189943752372853
4,0.043,17.781,4.493,3.9564529617713733
5,-0.069,14.441,3.51,3.1291302732243746
6,-0.08,9.79,2.449,2.229999384907245
7,-0.123,8.893,1.601,1.9133036256259208
8,-0.119,7.675,1.01,1.7416788953884004
9,-0.117,5.565,0.664,1.3521943810346306
