Iteration,Min,Max,Average,Std. Dev.
0,0.215,23.524,6.084,5.103618277713391
1,0.215,23.524,6.084,5.103618277713391
2,0.133,20.758,5.417,4.476011741782703
3,0.003,17.066,4.352,3.58262153472928
4,-0.085,15.153,3.42,3.2027731624777487
5,-0.121,7.649,2.091,2.082397695421163
6,-0.12,7.167,1.165,1.6401304438015984
7,-0.122,6.307,0.67,1.3464212877424369
8,-0.117,5.683,0.552,1.1909080880473815
9,-0.121,4.698,0.445,1.0466242112158606
