Iteration,Min,Max,Average,Std. Dev.
0,0.111,31.675,6.754,6.808124995885279
1,0.111,31.675,6.754,6.808124995885279
2,0.114,31.187,6.598,6.720827650229108
3,0.107,29.648,6.25,6.477337428714043
4,0.093,27.9,5.688,6.068369729176294
5,0.069,24.389,4.889,5.414581734030755
6,0.052,22.861,4.062,4.848899344815694
7,-0.058,20.155,3.198,4.067976350906159
8,-0.093,18.051,2.404,3.559678623191996
9,-0.124,17.115,1.735,3.2228681634991085
