Iteration,Min,Max,Average,Std. Dev.
0,0.111,31.675,6.754,6.808124995885279
1,0.111,31.675,6.754,6.808124995885279
2,0.115,31.125,6.578,6.709831917609284
3,0.104,29.28,6.166,6.4182020834838935
4,0.088,27.083,5.473,5.912835621400586
5,0.063,23.105,4.494,5.118240218034594
6,0.046,21.22,3.523,4.460152187286799
7,-0.117,18.937,2.507,3.6253433591898805
8,-0.122,17.623,1.742,3.187369131134022
9,-0.121,15.98,1.235,2.5766246102057724
