Iteration,Min,Max,Average,Std. Dev.
0,0.215,23.524,6.084,5.103618277713391
1,0.215,23.524,6.084,5.103618277713391
2,0.209,22.982,5.93,4.953487978478288
3,0.209,21.354,5.647,4.670991410433366
4,0.169,21.332,5.385,4.561552860736855
5,0.107,19.836,5.015,4.241559625759104
6,0.103,18.758,4.613,3.9029120132021777
7,0.081,18.411,4.155,3.737038597950405
8,0.021,17.906,3.747,3.677538741471601
9,-0.053,16.84,3.365,3.5246552375663445
