Iteration,Min,Max,Average,Std. Dev.
0,0.111,31.675,6.754,6.808124995885279
1,0.111,31.675,6.754,6.808124995885279
2,0.112,31.548,6.713,6.78513989536526
3,0.112,31.198,6.63,6.729205518899687
4,0.113,30.845,6.508,6.642146830932332
5,0.108,29.932,6.334,6.499916635396698
6,0.102,29.542,6.139,6.366870049406122
7,0.09,28.288,5.925,6.1772536768779105
8,0.074,26.338,5.713,5.968468888582003
9,0.061,26.161,5.462,5.774575777816248
