Iteration,Min,Max,Average,Std. Dev.
0,1.639,19.734,9.093,6.119611718451688
1,1.639,19.734,9.093,6.119611718451688
2,1.602,19.725,8.955,6.045978135971356
3,1.496,19.51,8.638,5.86020919264045
4,1.457,19.394,8.223,5.591418732710687
5,1.443,19.007,7.97,5.365485802522986
6,1.394,18.695,7.649,5.126111129085913
7,1.224,18.357,7.281,4.910034831459384
8,1.063,18.216,7.005,4.84913173202549
9,0.785,18.093,6.801,4.865470235080174
