Iteration,Min,Max,Average,Std. Dev.
0,0.111,31.675,6.754,6.808124995885279
1,0.111,31.675,6.754,6.808124995885279
2,0.116,30.954,6.524,6.679621969333814
3,0.101,28.767,6.04,6.337776436910069
4,0.084,26.42,5.285,5.792077099093746
5,0.06,22.823,4.302,5.006649056424167
6,-0.011,21.021,3.388,4.385701433113748
7,-0.119,18.509,2.456,3.613378434831523
8,-0.121,17.668,1.756,3.1917954941912967
9,-0.122,16.359,1.295,2.695379130202748
