Iteration,Min,Max,Average,Std. Dev.
0,1.639,19.734,9.093,6.119611718451688
1,1.639,19.734,9.093,6.119611718451688
2,1.486,19.7,8.599,5.869419945806785
3,1.053,19.081,7.69,5.539867562015128
4,0.922,18.837,6.973,5.063199506215165
5,0.885,18.082,6.551,4.653923180133429
6,0.768,15.876,5.941,3.94913975483158
7,0.71,10.407,5.144,2.441988865258328
8,1.196,7.548,4.738,1.6547675184211894
9,3.294,6.221,4.526,0.8679075040693927
