Iteration,Min,Max,Average,Std. Dev.
0,1.639,19.734,9.093,6.119611718451688
1,1.639,19.734,9.093,6.119611718451688
2,1.595,19.724,8.932,6.034044860658031
3,1.45,19.425,8.508,5.7986200690796235
4,1.389,19.258,7.929,5.452029488268295
5,1.365,18.724,7.558,5.1316849282018255
6,1.271,18.273,7.067,4.811378824650602
7,0.944,17.23,6.493,4.421241278326608
8,0.712,16.42,6.126,4.207175620496764
9,0.916,15.561,5.909,3.951144911742177
