Iteration,Min,Max,Average,Std. Dev.
0,0.111,31.675,6.754,6.808124995885279
1,0.111,31.675,6.754,6.808124995885279
2,0.113,31.451,6.682,6.767771958608992
3,0.113,30.719,6.511,6.650368361059377
4,0.107,29.877,6.229,6.4453071943154825
5,0.091,27.396,5.795,6.082889194184838
6,0.077,26.254,5.283,5.732574187605209
7,0.049,22.768,4.712,5.215782654441102
8,0.017,21.323,4.116,4.660545479800898
9,-0.015,20.806,3.449,4.256193132004367
