Iteration,Min,Max,Average,Std. Dev.
0,0.215,23.524,6.084,5.103618277713391
1,0.215,23.524,6.084,5.103618277713391
2,0.204,22.457,5.794,4.823398665602923
3,0.144,18.36,5.19,4.253519316989416
4,0.058,18.296,4.576,4.023317971368934
5,-0.062,14.744,3.587,3.1900536620088396
6,-0.078,10.066,2.492,2.2628342276998996
7,-0.123,9.1,1.602,1.9304943706083795
8,-0.118,7.768,0.99,1.7378157647445396
9,-0.12,5.484,0.66,1.3195893308154385
