Iteration,Min,Max,Average,Std. Dev.
0,0.215,23.524,6.084,5.103618277713391
1,0.215,23.524,6.084,5.103618277713391
2,0.074,19.424,5.167,4.2572557618204465
3,-0.066,15.879,3.888,3.2733566940906584
4,-0.121,12.418,2.809,2.781364331242599
5,-0.12,7.257,1.528,1.8097506563275487
6,-0.117,6.836,0.888,1.5274056700458774
7,-0.123,6.072,0.516,1.1982653144013018
8,-0.12,5.424,0.419,1.133125652484596
9,-0.113,4.831,0.356,0.9610338566028624
