Iteration,Min,Max,Average,Std. Dev.
0,0.111,31.675,6.754,6.808124995885279
1,0.111,31.675,6.754,6.808124995885279
2,0.115,31.106,6.572,6.70644136807239
3,0.107,29.576,6.225,6.466499204132739
4,0.094,28.027,5.724,6.105465622199105
5,0.073,25.216,5.064,5.570065774384901
6,0.058,24.046,4.403,5.120774862741264
7,0.029,20.755,3.743,4.5002704827689906
8,-0.092,19.461,3.106,3.9767402624008943
9,-0.12,18.808,2.482,3.6884239961603145
