Iteration,Min,Max,Average,Std. Dev.
0,0.111,31.675,6.754,6.808124995885279
1,0.111,31.675,6.754,6.808124995885279
2,0.111,28.919,5.904,6.325663540816424
3,0.067,26.983,4.604,5.445119138472213
4,-0.059,22.596,3.203,4.454269301803029
5,-0.1,18.2,2.221,3.6465360742718604
6,-0.116,17.807,1.598,3.119386046609087
7,-0.089,16.269,1.15,2.5693427139082265
8,-0.122,16.204,0.863,2.292914391356527
9,-0.113,13.487,0.557,1.6411940502687938
