Iteration,Min,Max,Average,Std. Dev.
0,1.639,19.734,9.093,6.119611718451688
1,1.639,19.734,9.093,6.119611718451688
2,1.453,19.694,8.513,5.829726439960663
3,0.907,18.926,7.437,5.47003649589892
4,0.774,18.639,6.679,4.867729900198803
5,0.737,16.929,6.098,4.250309015840003
6,0.656,9.963,4.991,2.3217962990677043
7,1.55,4.949,3.899,1.1659490848852598
8,1.346,4.42,2.899,0.867901630893074
9,0.124,2.703,1.497,0.945515401259231
