Iteration,Min,Max,Average,Std. Dev.
0,1.639,19.734,9.093,6.119611718451688
1,1.639,19.734,9.093,6.119611718451688
2,1.54,19.711,8.756,5.944534738502283
3,1.258,19.258,8.074,5.643258127078181
4,1.159,19.054,7.388,5.277211911858543
5,1.128,18.506,7.008,4.930535313297411
6,1.024,17.816,6.535,4.580770431981401
7,0.744,15.932,5.998,4.00493566733328
8,0.656,14.622,5.712,3.6371122211041835
9,1.277,13.444,5.551,3.230317347575881
