Iteration,Min,Max,Average,Std. Dev.
0,0.215,23.524,6.084,5.103618277713391
1,0.215,23.524,6.084,5.103618277713391
2,0.205,22.55,5.817,4.845586849547361
3,0.16,19.249,5.313,4.361043308901177
4,0.089,19.201,4.837,4.177665722445369
5,-0.013,16.552,4.124,3.5849369415275074
6,-0.018,13.43,3.342,2.9176280978428895
7,-0.121,12.685,2.584,2.686871733786644
8,-0.122,11.613,2.021,2.5081137779207374
9,-0.119,9.845,1.428,2.2077477361087996
