Iteration,Min,Max,Average,Std. Dev.
0,0.215,23.524,6.084,5.103618277713391
1,0.215,23.524,6.084,5.103618277713391
2,0.205,22.613,5.833,4.860808427071133
3,0.165,19.377,5.333,4.3801570855599055
4,0.093,19.328,4.842,4.1910982121314895
5,-0.015,16.44,4.086,3.5596664196691514
6,-0.021,13.082,3.238,2.8346312248258996
7,-0.12,12.26,2.423,2.5787695545976472
8,-0.122,11.062,1.814,2.3908771769158923
9,-0.12,8.808,1.209,2.0495579744744306
