Iteration,Min,Max,Average,Std. Dev.
0,0.111,31.675,6.754,6.808124995885279
1,0.111,31.675,6.754,6.808124995885279
2,0.117,30.499,6.383,6.599707628622449
3,0.095,28.382,5.743,6.1519454854271
4,0.075,25.951,4.888,5.5497107567292385
5,0.054,22.496,3.95,4.822650453434442
6,-0.077,20.908,3.173,4.286970942895386
7,-0.119,17.797,2.418,3.6349163017426376
8,-0.076,17.775,1.839,3.2379839049000467
9,-0.103,16.974,1.44,2.938185787348709
