Iteration,Min,Max,Average,Std. Dev.
0,0.215,23.524,6.084,5.103618277713391
1,0.215,23.524,6.084,5.103618277713391
2,0.184,21.765,5.63,4.670250684977561
3,0.083,17.895,4.876,3.9844999743004035
4,-0.003,17.22,4.227,3.7407999367860456
5,-0.091,13.4,3.275,2.9421538218562584
6,-0.095,8.906,2.322,2.1360952934747064
7,-0.122,8.209,1.594,1.8652782694000511
8,-0.116,7.309,1.08,1.7394488306973814
9,-0.12,5.726,0.707,1.4269754561940335
