Iteration,Min,Max,Average,Std. Dev.
0,0.111,31.675,6.754,6.808124995885279
1,0.111,31.675,6.754,6.808124995885279
2,0.118,30.606,6.416,6.618370216499836
3,0.095,28.374,5.773,6.163902864184746
4,0.074,25.659,4.849,5.507173152654556
5,0.054,21.676,3.796,4.685860333154228
6,-0.085,19.836,2.91,4.085556032903015
7,-0.105,17.513,2.057,3.3762623080444563
8,-0.122,17.482,1.498,2.987551896229445
9,-0.113,16.075,1.13,2.4880804520014155
