Iteration,Min,Max,Average,Std. Dev.
0,0.215,23.524,6.084,5.103618277713391
1,0.215,23.524,6.084,5.103618277713391
2,0.204,22.541,5.815,4.843463494573983
3,0.163,19.547,5.353,4.396816850798267
4,0.101,19.506,4.95,4.23899586031819
5,0.014,17.148,4.387,3.7695014675164487
6,0.009,15.181,3.79,3.2752778219171943
7,-0.036,14.634,3.19,3.107992755557892
8,-0.111,13.866,2.723,2.99188217625469
9,-0.123,13.321,2.248,2.7743647516510834
