Iteration,Min,Max,Average,Std. Dev.
0,0.111,31.675,6.754,6.808124995885279
1,0.111,31.675,6.754,6.808124995885279
2,0.112,31.595,6.728,6.793628090297448
3,0.112,31.35,6.67,6.754223957333665
4,0.112,31.086,6.578,6.688400147745148
5,0.111,30.357,6.439,6.574297305222186
6,0.106,30.036,6.276,6.462674193085831
7,0.095,28.95,6.088,6.294766693879473
8,0.081,27.218,5.895,6.106065729829556
9,0.068,27.057,5.659,5.921950089364376
