Iteration,Min,Max,Average,Std. Dev.
0,0.111,31.675,6.754,6.808124995885279
1,0.111,31.675,6.754,6.808124995885279
2,0.116,30.902,6.508,6.670373305411521
3,0.1,28.626,5.989,6.30326354933876
4,0.081,26.19,5.181,5.7202627623824895
5,0.058,22.373,4.149,4.89983335304545
6,-0.059,20.492,3.21,4.265683235168967
7,-0.106,18.005,2.264,3.496636426923588
8,-0.124,17.55,1.606,3.08305129296453
9,-0.118,16.011,1.177,2.521228514950405
