Iteration,Min,Max,Average,Std. Dev.
0,0.215,23.524,6.084,5.103618277713391
1,0.215,23.524,6.084,5.103618277713391
2,0.158,21.272,5.522,4.571304901780447
3,0.04,17.527,4.608,3.7716340281976226
4,-0.05,16.369,3.817,3.466792823866562
5,-0.119,9.761,2.652,2.467500890220409
6,-0.12,7.61,1.626,1.7952907743519457
7,-0.123,6.714,0.991,1.553982288589872
8,-0.124,6.218,0.668,1.3122684281586583
9,-0.122,4.684,0.48,1.049849870208289
