Iteration,Min,Max,Average,Std. Dev.
0,0.111,31.675,6.754,6.808124995885279
1,0.111,31.675,6.754,6.808124995885279
2,0.116,30.896,6.506,6.669382154125375
3,0.101,28.672,6.01,6.320082903241918
4,0.083,26.456,5.264,5.783475043765718
5,0.06,23.03,4.321,5.032745029074101
6,0.007,21.333,3.456,4.4425720676067435
7,-0.118,18.649,2.582,3.7004238264160305
8,-0.084,17.772,1.891,3.2751620016681837
9,-0.113,16.727,1.412,2.877586396903597
