Iteration,Min,Max,Average,Std. Dev.
0,0.215,23.524,6.084,5.103618277713391
1,0.215,23.524,6.084,5.103618277713391
2,0.206,22.736,5.865,4.890995442825447
3,0.183,20.135,5.447,4.483246131634056
4,0.121,20.097,5.05,4.326147680173141
5,0.029,17.415,4.463,3.8331617783258984
6,0.023,15.479,3.815,3.301005797160271
7,-0.052,14.854,3.144,3.1151832188671404
8,-0.121,13.938,2.619,2.9729752988070883
9,-0.121,13.14,2.059,2.7148190020959606
