Iteration,Min,Max,Average,Std. Dev.
0,0.111,31.675,6.754,6.808124995885279
1,0.111,31.675,6.754,6.808124995885279
2,0.113,31.351,6.65,6.750014784699226
3,0.112,30.344,6.418,6.589479073782395
4,0.103,29.218,6.045,6.318851080146609
5,0.083,26.116,5.495,5.862402293644767
6,0.068,25.046,4.878,5.44139393336188
7,0.036,21.666,4.217,4.83068065543828
8,-0.04,20.426,3.544,4.2461027767215
9,-0.106,19.78,2.832,3.8897020575045627
