Iteration,Min,Max,Average,Std. Dev.
0,0.215,23.524,6.084,5.103618277713391
1,0.215,23.524,6.084,5.103618277713391
2,0.171,21.521,5.576,4.620198324947281
3,0.058,17.644,4.7,3.8442176652781774
4,-0.036,16.609,3.915,3.5455775492750528
5,-0.116,10.196,2.725,2.5204687278863713
6,-0.118,7.612,1.649,1.8062707438377021
7,-0.123,6.669,0.976,1.5529264947164891
8,-0.123,6.131,0.673,1.291547194949954
9,-0.124,4.563,0.497,1.013809534221573
