Iteration,Min,Max,Average,Std. Dev.
0,0.215,23.524,6.084,5.103618277713391
1,0.215,23.524,6.084,5.103618277713391
2,0.204,22.517,5.809,4.837546865187207
3,0.151,18.677,5.234,4.292456424827894
4,0.068,18.617,4.65,4.071896475478791
5,-0.051,15.232,3.711,3.2840608098166255
6,-0.057,10.754,2.66,2.381781775517925
7,-0.121,9.791,1.767,2.0550451554583877
8,-0.119,8.433,1.124,1.8712193703964803
9,-0.111,5.947,0.744,1.4477096305408481
