Iteration,Min,Max,Average,Std. Dev.
0,1.639,19.734,9.093,6.119611718451688
1,1.639,19.734,9.093,6.119611718451688
2,1.557,19.715,8.807,5.970065887886226
3,1.3,19.273,8.16,5.6685219379264735
4,1.203,19.063,7.444,5.283713170899226
5,1.17,18.47,7.029,4.914707077362426
6,1.048,17.624,6.492,4.515005392252313
7,0.72,15.042,5.855,3.751201658941286
8,0.674,13.209,5.518,3.239239228801274
9,1.81,11.565,5.349,2.6314465824973055
