Iteration,Min,Max,Average,Std. Dev.
0,0.111,31.675,6.754,6.808124995885279
1,0.111,31.675,6.754,6.808124995885279
2,0.112,31.644,6.744,6.802369624053188
3,0.112,31.541,6.719,6.785851062757834
4,0.112,31.428,6.679,6.7573305017939305
5,0.112,31.108,6.617,6.706539666059812
6,0.111,30.966,6.543,6.6558596631729605
7,0.11,30.48,6.455,6.576621607789451
8,0.102,29.709,6.362,6.487763821175913
9,0.095,29.637,6.244,6.393554744884357
