Iteration,Min,Max,Average,Std. Dev.
0,1.639,19.734,9.093,6.119611718451688
1,1.639,19.734,9.093,6.119611718451688
2,1.519,19.707,8.694,5.914395754066601
3,1.106,19.063,7.775,5.559981107371283
4,0.958,18.785,6.939,5.017515390779867
5,0.906,17.631,6.405,4.484722573785776
6,0.731,12.709,5.468,3.055829595155529
7,1.014,5.814,4.306,1.2886597557601034
8,1.781,4.744,3.526,0.9525592992958503
9,0.635,3.543,2.073,1.0954397127216235
