Iteration,Min,Max,Average,Std. Dev.
0,0.215,23.524,6.084,5.103618277713391
1,0.215,23.524,6.084,5.103618277713391
2,0.168,21.464,5.564,4.608857958578987
3,0.059,17.746,4.748,3.879768875265349
4,-0.026,16.937,4.071,3.623817744299771
5,-0.104,12.52,3.103,2.809168420229174
6,-0.11,8.164,2.169,2.042417324923428
7,-0.123,7.547,1.487,1.7883794400921926
8,-0.119,6.773,1.009,1.6681414550996312
9,-0.114,5.775,0.661,1.3813127484266792
