Iteration,Min,Max,Average,Std. Dev.
0,1.639,19.734,9.093,6.119611718451688
1,1.639,19.734,9.093,6.119611718451688
2,1.566,19.717,8.836,5.984531799543646
3,1.288,19.211,8.124,5.654877993822463
4,1.168,18.954,7.274,5.181216521828896
5,1.119,18.115,6.744,4.706901234751009
6,0.921,15.333,5.934,3.8023963299259185
7,0.704,7.579,4.84,1.8466381436454982
8,1.659,6.123,4.304,1.125435732754378
9,2.4,5.434,3.637,0.9424206572855235
