Iteration,Min,Max,Average,Std. Dev.
0,0.111,31.675,6.754,6.808124995885279
1,0.111,31.675,6.754,6.808124995885279
2,0.116,30.212,6.296,6.549920084630994
3,0.087,27.997,5.468,5.965345233269119
4,0.063,24.697,4.345,5.179682325475376
5,-0.023,20.177,3.232,4.321387064885882
6,-0.102,18.279,2.36,3.7222736091163675
7,-0.067,17.133,1.624,3.038168434944515
8,-0.116,17.091,1.208,2.680208057226004
9,-0.123,15.118,0.873,2.085913059674041
