Iteration,Min,Max,Average,Std. Dev.
0,1.639,19.734,9.093,6.119611718451688
1,1.639,19.734,9.093,6.119611718451688
2,1.548,19.713,8.779,5.955866254292242
3,1.232,19.179,8.012,5.622766982862984
4,1.107,18.928,7.197,5.160731641894238
5,1.062,18.139,6.707,4.710830883491086
6,0.89,15.743,5.983,3.9196355269223826
7,0.681,9.076,5.014,2.156153517566291
8,1.347,6.486,4.543,1.331617807289349
9,3.645,5.986,4.16,0.7373406308745624
