Iteration,Min,Max,Average,Std. Dev.
0,1.639,19.734,9.093,6.119611718451688
1,1.639,19.734,9.093,6.119611718451688
2,1.602,19.725,8.955,6.045809828654451
3,1.479,19.465,8.586,5.834144557525285
4,1.428,19.316,8.07,5.5099124840298375
5,1.408,18.818,7.733,5.215801070542245
6,1.328,18.425,7.284,4.915233894208671
7,1.041,17.726,6.755,4.600984112774367
8,0.803,17.23,6.393,4.467504613056287
9,0.718,16.694,6.162,4.342681849253327
