Iteration,Min,Max,Average,Std. Dev.
0,0.111,31.675,6.754,6.808124995885279
1,0.111,31.675,6.754,6.808124995885279
2,0.113,31.353,6.65,6.75029057459749
3,0.114,30.624,6.479,6.63589737278614
4,0.109,29.982,6.26,6.4810600363502155
5,0.098,28.511,5.986,6.258005088518306
6,0.09,27.922,5.706,6.069969273487625
7,0.075,26.224,5.429,5.829875653585378
8,0.058,23.98,5.17,5.574641796366999
9,0.045,23.522,4.891,5.360660879086869
