Iteration,Min,Max,Average,Std. Dev.
0,1.639,19.734,9.093,6.119611718451688
1,1.639,19.734,9.093,6.119611718451688
2,1.504,19.704,8.651,5.893577789464995
3,1.12,19.136,7.808,5.570032463718316
4,0.995,18.903,7.088,5.133069235886804
5,0.959,18.242,6.681,4.742141189655511
6,0.84,16.699,6.128,4.198537449620319
7,0.664,12.514,5.433,3.018010654304363
8,0.909,10.035,5.08,2.3175836966543715
9,2.626,8.164,4.915,1.5625978375199951
