Iteration,Min,Max,Average,Std. Dev.
0,1.639,19.734,9.093,6.119611718451688
1,1.639,19.734,9.093,6.119611718451688
2,1.624,19.73,9.034,6.087965802999498
3,1.578,19.622,8.881,5.98884781203433
4,1.561,19.557,8.656,5.81532464563241
5,1.553,19.3,8.504,5.6728847096457535
6,1.527,19.052,8.297,5.50269498568951
7,1.433,18.784,8.039,5.326886092385224
8,1.337,18.691,7.817,5.25583034704442
9,1.126,18.626,7.641,5.279238161552426
