Iteration,Min,Max,Average,Std. Dev.
0,0.215,23.524,6.084,5.103618277713391
1,0.215,23.524,6.084,5.103618277713391
2,0.21,23.096,5.961,4.983827142825917
3,0.21,21.774,5.723,4.744673200541935
4,0.181,21.756,5.493,4.646599655292792
5,0.132,20.439,5.158,4.353523360841699
6,0.127,19.474,4.784,4.031985101717824
7,0.099,19.157,4.343,3.854408660857097
8,0.039,18.683,3.94,3.7882799318236455
9,-0.037,17.548,3.558,3.638671895638307
