Iteration,Min,Max,Average,Std. Dev.
0,1.639,19.734,9.093,6.119611718451688
1,1.639,19.734,9.093,6.119611718451688
2,1.635,19.733,9.078,6.111588929738227
3,1.623,19.699,9.032,6.080231874828242
4,1.618,19.676,8.956,6.01501950120042
5,1.615,19.567,8.898,5.958653279432173
6,1.605,19.443,8.811,5.883489301260222
7,1.569,19.279,8.691,5.793325290290806
8,1.531,19.212,8.577,5.743917751694245
9,1.443,19.16,8.478,5.75169279013661
