Iteration,Min,Max,Average,Std. Dev.
0,0.215,23.524,6.084,5.103618277713391
1,0.215,23.524,6.084,5.103618277713391
2,0.201,22.235,5.74,4.7721762582818315
3,0.122,18.082,5.065,4.14468103101197
4,0.032,17.503,4.409,3.8999857359231265
5,-0.079,13.799,3.369,3.0210070472935246
6,-0.109,9.062,2.268,2.114471456409653
7,-0.124,8.178,1.43,1.8012471183196472
8,-0.122,7.011,0.884,1.6083153118914035
9,-0.12,5.151,0.58,1.216728016170615
