Iteration,Min,Max,Average,Std. Dev.
0,1.639,19.734,9.093,6.119611718451688
1,1.639,19.734,9.093,6.119611718451688
2,1.583,19.721,8.892,6.01286614381906
3,1.373,19.309,8.315,5.719667433662589
4,1.28,19.084,7.551,5.294073801399985
5,1.241,18.395,7.064,4.877370379615038
6,1.078,17.095,6.378,4.341571689818529
7,0.667,12.492,5.494,3.0500277388084926
8,0.886,9.344,5.044,2.2000152342459276
9,3.511,7.162,4.843,1.1988001242049235
