Iteration,Min,Max,Average,Std. Dev.
0,0.215,23.524,6.084,5.103618277713391
1,0.215,23.524,6.084,5.103618277713391
2,0.21,23.095,5.961,4.9835476450719
3,0.21,21.532,5.683,4.706286252068185
4,0.162,21.508,5.38,4.580703968655965
5,0.095,19.429,4.897,4.163132013726389
6,0.089,17.81,4.326,3.6997344032745554
7,0.039,17.244,3.67,3.509474350396345
8,-0.076,16.346,3.108,3.3988949153979386
9,-0.121,15.518,2.511,3.1328032558843626
