Iteration,Min,Max,Average,Std. Dev.
0,1.639,19.734,9.093,6.119611718451688
1,1.639,19.734,9.093,6.119611718451688
2,1.599,19.725,8.947,6.041620353418424
3,1.462,19.433,8.538,5.811570970785836
4,1.403,19.265,7.958,5.458068646428496
5,1.378,18.713,7.577,5.128568212409626
6,1.278,18.239,7.06,4.795399149943384
7,0.926,17.045,6.444,4.363726864462995
8,0.69,16.081,6.053,4.108771528888428
9,1.069,15.042,5.833,3.778430704399558
