Iteration,Min,Max,Average,Std. Dev.
0,0.215,23.524,6.084,5.103618277713391
1,0.215,23.524,6.084,5.103618277713391
2,0.214,23.398,6.047,5.067160959167981
3,0.214,22.974,5.962,4.979813314619413
4,0.21,22.967,5.866,4.936502715346311
5,0.182,22.45,5.714,4.798267254562756
6,0.182,22.064,5.529,4.617311313287702
7,0.17,21.932,5.283,4.453102212530681
8,0.13,21.723,5.039,4.356561523914231
9,0.093,21.195,4.782,4.237191959699728
