Iteration,Min,Max,Average,Std. Dev.
0,0.215,23.524,6.084,5.103618277713391
1,0.215,23.524,6.084,5.103618277713391
2,0.208,22.917,5.913,4.936690191671476
3,0.201,20.617,5.528,4.559771207723999
4,0.128,20.58,5.115,4.395359556249672
5,0.032,17.455,4.449,3.8324758567549204
6,0.025,15.069,3.665,3.1896875372976874
7,-0.108,14.255,2.842,2.956481461689081
8,-0.12,12.994,2.2,2.7562332831190384
9,-0.118,11.538,1.503,2.404012826150371
