Iteration,Min,Max,Average,Std. Dev.
0,0.111,31.675,6.754,6.808124995885279
1,0.111,31.675,6.754,6.808124995885279
2,0.115,29.886,6.197,6.493727065345388
3,0.08,27.638,5.196,5.788383944175542
4,0.054,23.672,3.884,4.87257391151865
5,-0.067,18.588,2.724,3.9780302895531188
6,-0.106,18.037,1.882,3.3685251261607125
7,-0.12,16.48,1.277,2.704308473481289
8,-0.12,16.412,0.945,2.3340243516801875
9,-0.122,13.117,0.605,1.6669420335626464
