Iteration,Min,Max,Average,Std. Dev.
0,0.215,23.524,6.084,5.103618277713391
1,0.215,23.524,6.084,5.103618277713391
2,0.201,22.16,5.722,4.755223864801695
3,0.126,18.26,5.163,4.226471853406307
4,0.058,18.207,4.715,4.055401755878188
5,-0.023,16.59,4.118,3.566052072129674
6,-0.027,13.71,3.515,3.0487309299768435
7,-0.079,13.192,2.942,2.8819313823734705
8,-0.12,12.497,2.518,2.7640588425635584
9,-0.123,11.935,2.092,2.570133568874571
