Iteration,Min,Max,Average,Std. Dev.
0,0.215,23.524,6.084,5.103618277713391
1,0.215,23.524,6.084,5.103618277713391
2,0.206,22.646,5.842,4.868745023185125
3,0.177,20.14,5.443,4.478451895954646
4,0.123,20.107,5.106,4.343739696982211
5,0.048,18.166,4.655,3.9635101565215853
6,0.044,16.828,4.187,3.5789203159267733
7,0.039,16.418,3.697,3.433503617494561
8,-0.021,15.848,3.289,3.3716900010951267
9,-0.086,15.493,2.907,3.2058677576469465
