Iteration,Min,Max,Average,Std. Dev.
0,0.111,31.675,6.754,6.808124995885279
1,0.111,31.675,6.754,6.808124995885279
2,0.115,31.03,6.548,6.692928278633008
3,0.107,29.46,6.191,6.448649018868065
4,0.095,27.987,5.714,6.107144227766542
5,0.074,25.586,5.119,5.628707120884533
6,0.061,24.591,4.542,5.240107307963251
7,0.036,21.444,3.986,4.716860221240403
8,-0.01,19.985,3.455,4.23847556787783
9,-0.082,19.51,2.923,3.935464291117931
