Iteration,Min,Max,Average,Std. Dev.
0,0.111,31.675,6.754,6.808124995885279
1,0.111,31.675,6.754,6.808124995885279
2,0.115,31.063,6.559,6.698875012695564
3,0.103,29.115,6.124,6.392289946349409
4,0.087,26.88,5.421,5.881388870944608
5,0.062,23.142,4.461,5.106055499064379
6,0.046,21.333,3.529,4.473117248060709
7,-0.119,18.921,2.565,3.668791561086019
8,-0.116,17.694,1.817,3.2343000090407203
9,-0.123,16.322,1.313,2.7106841479994257
