Iteration,Min,Max,Average,Std. Dev.
0,0.111,31.675,6.754,6.808124995885279
1,0.111,31.675,6.754,6.808124995885279
2,0.115,31.023,6.546,6.691823268929377
3,0.105,29.261,6.149,6.416377695900372
4,0.091,27.468,5.577,6.003534056588868
5,0.068,24.599,4.834,5.406096734292563
6,0.053,23.286,4.114,4.914442775830176
7,-0.022,20.175,3.397,4.247367736821551
8,-0.12,18.628,2.726,3.744750305019693
9,-0.095,17.843,2.111,3.481761511082436
