Iteration,Min,Max,Average,Std. Dev.
0,1.639,19.734,9.093,6.119611718451688
1,1.639,19.734,9.093,6.119611718451688
2,1.368,19.677,8.304,5.739834266625603
3,0.773,18.853,7.2,5.374007437541564
4,0.722,18.574,6.521,4.800908194383495
5,0.715,16.826,5.954,4.220771944108601
6,0.741,10.431,4.948,2.411151441179605
7,1.698,4.971,3.935,0.9907381898926482
8,1.532,4.659,3.183,0.8629411231825329
9,0.67,3.144,2.034,0.885012264871974
