Iteration,Min,Max,Average,Std. Dev.
0,1.639,19.734,9.093,6.119611718451688
1,1.639,19.734,9.093,6.119611718451688
2,1.615,19.728,9.001,6.070025457303653
3,1.556,19.607,8.813,5.952323654368622
4,1.536,19.544,8.579,5.780669806198808
5,1.53,19.329,8.445,5.655612964718241
6,1.511,19.126,8.283,5.516197250804235
7,1.448,18.917,8.099,5.383066136230947
8,1.388,18.845,7.95,5.330158360096776
9,1.264,18.797,7.836,5.341397739657963
