Iteration,Min,Max,Average,Std. Dev.
0,1.639,19.734,9.093,6.119611718451688
1,1.639,19.734,9.093,6.119611718451688
2,1.461,19.695,8.532,5.838701194341621
3,0.951,18.981,7.513,5.492507544389752
4,0.815,18.712,6.781,4.93367564917668
5,0.778,17.525,6.283,4.437178302510009
6,0.675,12.84,5.422,3.0871457909130626
7,1.081,5.734,4.352,1.242325658211665
8,2.084,4.863,3.673,0.8840735289138906
9,1.35,3.905,2.589,0.8900474399099946
