Iteration,Min,Max,Average,Std. Dev.
0,0.215,23.524,6.084,5.103618277713391
1,0.215,23.524,6.084,5.103618277713391
2,0.21,23.046,5.947,4.970352752041659
3,0.209,21.178,5.623,4.648921868237305
4,0.144,21.147,5.256,4.500321108001845
5,0.061,18.392,4.652,3.9844318035255544
6,0.054,16.218,3.925,3.3980561375018796
7,-0.069,15.451,3.124,3.1789813429980414
8,-0.105,14.224,2.478,2.9925926027936893
9,-0.119,13.142,1.751,2.645067757127479
