Iteration,Min,Max,Average,Std. Dev.
0,0.111,31.675,6.754,6.808124995885279
1,0.111,31.675,6.754,6.808124995885279
2,0.113,31.354,6.651,6.750565051381412
3,0.113,30.461,6.443,6.6087877967452195
4,0.105,29.539,6.136,6.386744915612202
5,0.089,27.085,5.704,6.029921972651125
6,0.076,26.042,5.23,5.70828557919118
7,0.052,23.254,4.732,5.259362440245004
8,0.024,21.395,4.234,4.78302644303918
9,0.01,20.997,3.693,4.422227028620092
