Iteration,Min,Max,Average,Std. Dev.
0,0.111,31.675,6.754,6.808124995885279
1,0.111,31.675,6.754,6.808124995885279
2,0.111,28.89,5.871,6.3068072476064545
3,0.063,26.746,4.464,5.352556329034553
4,-0.069,21.776,2.959,4.264499389415574
5,-0.106,18.107,1.95,3.4308637465987193
6,-0.108,17.625,1.397,2.91308310937786
7,-0.108,15.324,0.951,2.3523150897051535
8,-0.111,15.219,0.649,1.9614857404907804
9,-0.121,10.794,0.363,1.2726490202699918
