Iteration,Min,Max,Average,Std. Dev.
0,0.215,23.524,6.084,5.103618277713391
1,0.215,23.524,6.084,5.103618277713391
2,0.212,23.256,6.006,5.027195033093035
3,0.212,22.533,5.868,4.885886655707154
4,0.207,22.524,5.742,4.829728887203152
5,0.177,21.949,5.572,4.67717560535994
6,0.177,21.549,5.387,4.498494957062432
7,0.166,21.425,5.162,4.351672044348422
8,0.133,21.249,4.955,4.273850577432507
9,0.099,20.838,4.751,4.1797415175500685
