Iteration,Min,Max,Average,Std. Dev.
0,0.111,31.675,6.754,6.808124995885279
1,0.111,31.675,6.754,6.808124995885279
2,0.112,31.515,6.702,6.779317466504848
3,0.113,30.996,6.581,6.695878434698425
4,0.112,30.406,6.38,6.550526142839761
5,0.099,28.685,6.069,6.291424399850009
6,0.088,27.9,5.696,6.035815142511927
7,0.066,25.135,5.27,5.6557834401173785
8,0.038,22.244,4.825,5.22240615877843
9,0.019,21.894,4.306,4.856266727461967
