Iteration,Min,Max,Average,Std. Dev.
0,1.639,19.734,9.093,6.119611718451688
1,1.639,19.734,9.093,6.119611718451688
2,1.575,19.719,8.864,5.998849465097407
3,1.367,19.333,8.305,5.717988225720113
4,1.284,19.136,7.624,5.344038874366205
5,1.253,18.558,7.214,4.988037073270694
6,1.137,17.897,6.681,4.623370275364017
7,0.785,15.905,6.055,4.007686269315832
8,0.649,14.399,5.705,3.5936768011189346
9,1.5,12.951,5.519,3.082379833700009
