Iteration,Min,Max,Average,Std. Dev.
0,0.215,23.524,6.084,5.103618277713391
1,0.215,23.524,6.084,5.103618277713391
2,0.213,23.289,6.015,5.036341801297334
3,0.212,22.425,5.85,4.8689127408889314
4,0.197,22.411,5.659,4.786024050437602
5,0.145,21.209,5.347,4.508175863239633
6,0.145,20.265,4.967,4.172765200677981
7,0.112,19.928,4.48,3.963253399720318
8,0.035,19.378,4.013,3.879636639805307
9,-0.049,17.964,3.55,3.6958703531016486
