Iteration,Min,Max,Average,Std. Dev.
0,0.111,31.675,6.754,6.808124995885279
1,0.111,31.675,6.754,6.808124995885279
2,0.109,28.745,5.707,6.213822302340314
3,0.056,26.365,4.149,5.174835071550602
4,-0.093,21.127,2.65,4.049640047265438
5,-0.107,17.958,1.743,3.2666791080431348
6,-0.075,17.454,1.297,2.8010265957848888
7,-0.114,14.938,0.87,2.264744586828491
8,-0.124,14.826,0.601,1.875774061449499
9,-0.121,10.383,0.316,1.2005370777767723
