Iteration,Min,Max,Average,Std. Dev.
0,0.111,31.675,6.754,6.808124995885279
1,0.111,31.675,6.754,6.808124995885279
2,0.115,31.105,6.572,6.706198594134465
3,0.105,29.294,6.166,6.420712289773375
4,0.089,27.222,5.51,5.943500808101951
5,0.064,23.552,4.601,5.205992986612673
6,0.047,21.83,3.7,4.591509032659262
7,-0.113,19.343,2.763,3.788136955876734
8,-0.098,17.799,1.987,3.3362558615972207
9,-0.109,16.617,1.429,2.881293337706447
