Iteration,Min,Max,Average,Std. Dev.
0,1.639,19.734,9.093,6.119611718451688
1,1.639,19.734,9.093,6.119611718451688
2,1.6,19.725,8.948,6.042327827871019
3,1.477,19.469,8.582,5.832504355459337
4,1.428,19.327,8.083,5.52077891385083
5,1.409,18.856,7.766,5.242802235510311
6,1.337,18.488,7.351,4.958305301888231
7,1.083,17.927,6.869,4.680160051123935
8,0.862,17.569,6.533,4.579257238136572
9,0.667,17.195,6.306,4.5153403383033455
