Iteration,Min,Max,Average,Std. Dev.
0,1.639,19.734,9.093,6.119611718451688
1,1.639,19.734,9.093,6.119611718451688
2,1.505,19.704,8.654,5.894974033382187
3,1.106,19.109,7.781,5.562684120228724
4,0.975,18.863,7.033,5.094398544920487
5,0.935,18.107,6.597,4.674165771564583
6,0.803,15.899,5.965,3.95848087191262
7,0.694,10.219,5.133,2.4061529599812532
8,1.193,7.227,4.715,1.601709863823916
9,3.444,6.235,4.487,0.8052288337310315
