Iteration,Min,Max,Average,Std. Dev.
0,0.215,23.524,6.084,5.103618277713391
1,0.215,23.524,6.084,5.103618277713391
2,0.209,23.008,5.937,4.960367814238622
3,0.209,21.383,5.653,4.677168862666242
4,0.167,21.36,5.38,4.563181719656539
5,0.103,19.72,4.981,4.218585554657354
6,0.099,18.514,4.539,3.8503286820645735
7,0.07,18.119,4.034,3.679667856938676
8,0.004,17.528,3.587,3.614493775508829
9,-0.073,16.566,3.159,3.437317749988546
