Iteration,Min,Max,Average,Std. Dev.
0,0.111,31.675,6.754,6.808124995885279
1,0.111,31.675,6.754,6.808124995885279
2,0.116,30.962,6.527,6.681025259303293
3,0.103,28.917,6.071,6.3617781108581735
4,0.086,26.744,5.388,5.868586324073169
5,0.062,23.551,4.504,5.161202278097805
6,0.047,21.956,3.672,4.591766353844665
7,-0.099,19.205,2.829,3.853611730048674
8,-0.062,17.896,2.115,3.4039117934141916
9,-0.103,17.009,1.571,3.06954445349375
