Iteration,Min,Max,Average,Std. Dev.
0,0.215,23.524,6.084,5.103618277713391
1,0.215,23.524,6.084,5.103618277713391
2,0.21,23.051,5.949,4.971770216445411
3,0.209,21.309,5.644,4.668989352447721
4,0.154,21.282,5.313,4.533274771198604
5,0.078,18.948,4.784,4.079048934715544
6,0.072,17.135,4.16,3.5754701723336573
7,0.016,16.503,3.459,3.3809487864862295
8,-0.116,15.505,2.875,3.2450720007489395
9,-0.122,14.697,2.237,2.9546392607740137
