Iteration,Min,Max,Average,Std. Dev.
0,0.215,23.524,6.084,5.103618277713391
1,0.215,23.524,6.084,5.103618277713391
2,0.214,23.424,6.054,5.074628842806658
3,0.214,23.072,5.983,5.001254948306566
4,0.211,23.066,5.899,4.963136026079697
5,0.185,22.602,5.762,4.837614483960207
6,0.185,22.25,5.591,4.668652587946256
7,0.174,22.129,5.358,4.509505045574251
8,0.135,21.931,5.124,4.412020734426157
9,0.102,21.425,4.872,4.292323677388247
