Iteration,Min,Max,Average,Std. Dev.
0,1.639,19.734,9.093,6.119611718451688
1,1.639,19.734,9.093,6.119611718451688
2,1.225,19.652,8.0,5.623646120558375
3,0.809,18.682,6.916,5.136111349783242
4,1.097,18.329,6.079,4.689265832211625
5,1.171,14.524,5.213,3.60724403206989
6,1.429,4.971,3.885,1.1309305502236673
7,1.352,4.405,3.018,0.938959093242277
8,0.781,3.106,2.264,0.7411047068805457
9,0.027,2.524,1.023,0.93994951704528
