Iteration,Min,Max,Average,Std. Dev.
0,0.215,23.524,6.084,5.103618277713391
1,0.215,23.524,6.084,5.103618277713391
2,0.211,23.117,5.967,4.989341481588495
3,0.21,21.795,5.728,4.7494705722990656
4,0.179,21.776,5.487,4.64726196619583
5,0.128,20.331,5.126,4.331495494535254
6,0.123,19.251,4.715,3.982339872172289
7,0.088,18.888,4.228,3.799897152667031
8,0.022,18.334,3.784,3.7318470007783566
9,-0.059,17.018,3.358,3.560484324202754
