Iteration,Min,Max,Average,Std. Dev.
0,0.111,31.675,6.754,6.808124995885279
1,0.111,31.675,6.754,6.808124995885279
2,0.115,31.062,6.558,6.6986140566747086
3,0.109,29.717,6.249,6.490189538851306
4,0.099,28.554,5.866,6.21836824945509
5,0.082,26.504,5.408,5.851083476138619
6,0.071,25.787,4.969,5.559522054297339
7,0.051,23.543,4.555,5.1865694630653225
8,0.03,21.068,4.172,4.811021881915318
9,0.018,20.789,3.78,4.526644155981105
