Iteration,Min,Max,Average,Std. Dev.
0,0.215,23.524,6.084,5.103618277713391
1,0.215,23.524,6.084,5.103618277713391
2,0.211,23.118,5.967,4.989607729137676
3,0.21,21.991,5.762,4.781741050264427
4,0.193,21.976,5.577,4.70170023551462
5,0.156,21.056,5.326,4.480144119112997
6,0.153,20.409,5.056,4.235040893183894
7,0.134,20.206,4.735,4.069265127650435
8,0.091,19.916,4.443,3.99618398496601
9,0.032,19.242,4.167,3.885515756309802
