Iteration,Min,Max,Average,Std. Dev.
0,0.215,23.524,6.084,5.103618277713391
1,0.215,23.524,6.084,5.103618277713391
2,0.192,21.91,5.663,4.700853114452729
3,0.101,18.096,5.021,4.10435956550106
4,0.028,17.632,4.509,3.911115896970821
5,-0.055,15.711,3.815,3.34364104214377
6,-0.059,11.936,3.119,2.7242926257083
7,-0.122,11.363,2.493,2.523021004491579
8,-0.122,10.605,2.052,2.3828914750492625
9,-0.12,9.144,1.596,2.169270331286129
