Iteration,Min,Max,Average,Std. Dev.
0,0.111,31.675,6.754,6.808124995885279
1,0.111,31.675,6.754,6.808124995885279
2,0.116,30.184,6.287,6.544983861441496
3,0.09,28.123,5.52,6.009730667351808
4,0.067,25.368,4.544,5.331654147307215
5,0.021,21.624,3.572,4.584783735614653
6,-0.063,19.987,2.809,4.053640521261082
7,-0.11,17.633,2.097,3.424824076231734
8,-0.123,17.609,1.597,3.0595775964388223
9,-0.115,16.71,1.277,2.7429492040381906
