Iteration,Min,Max,Average,Std. Dev.
0,0.111,31.675,6.754,6.808124995885279
1,0.111,31.675,6.754,6.808124995885279
2,0.112,31.554,6.715,6.786372325445322
3,0.112,31.186,6.628,6.727081528781667
4,0.112,30.784,6.49,6.627777468686552
5,0.106,29.668,6.281,6.455544251707396
6,0.099,29.172,6.036,6.287571778731312
7,0.083,27.48,5.757,6.038769508988742
8,0.063,24.769,5.47,5.756426401505218
9,0.046,24.518,5.128,5.4974948128055345
