Iteration,Min,Max,Average,Std. Dev.
0,1.639,19.734,9.093,6.119611718451688
1,1.639,19.734,9.093,6.119611718451688
2,1.562,19.716,8.822,5.977595189202426
3,1.266,19.188,8.079,5.64106656009647
4,1.14,18.924,7.215,5.154198667852221
5,1.089,18.03,6.677,4.66395153690192
6,0.885,14.764,5.828,3.6363354814330977
7,0.753,6.833,4.691,1.628628164337273
8,1.844,5.675,4.1,1.0546582054355262
9,1.884,4.879,3.167,1.0524737815263918
