Iteration,Min,Max,Average,Std. Dev.
0,0.111,31.675,6.754,6.808124995885279
1,0.111,31.675,6.754,6.808124995885279
2,0.116,30.939,6.52,6.676867728668655
3,0.1,28.621,5.998,6.30670006563308
4,0.081,26.047,5.156,5.697145348870948
5,0.058,21.95,4.061,4.824770676890522
6,-0.081,19.929,3.059,4.155817181428865
7,-0.111,17.595,2.06,3.3636111889775226
8,-0.12,17.357,1.44,2.9372306720449957
9,-0.107,15.216,1.005,2.2457426057572905
