Iteration,Min,Max,Average,Std. Dev.
0,1.639,19.734,9.093,6.119611718451688
1,1.639,19.734,9.093,6.119611718451688
2,1.575,19.719,8.865,5.9991174287691775
3,1.396,19.397,8.379,5.7479509227494106
4,1.33,19.238,7.815,5.433791011721606
5,1.31,18.774,7.492,5.150822640760768
6,1.237,18.405,7.098,4.877630123800698
7,1.0,17.803,6.667,4.611406924794241
8,0.813,17.424,6.39,4.5064511629157415
9,0.669,17.058,6.196,4.436550544144104
