Iteration,Min,Max,Average,Std. Dev.
0,0.111,31.675,6.754,6.808124995885279
1,0.111,31.675,6.754,6.808124995885279
2,0.115,31.059,6.557,6.698090260989366
3,0.104,29.203,6.142,6.406610225900816
4,0.089,27.16,5.495,5.937400370866696
5,0.064,23.746,4.622,5.232597784220621
6,0.048,22.13,3.77,4.650286818029775
7,-0.097,19.478,2.896,3.8823943333005935
8,-0.076,17.897,2.143,3.4201652178953776
9,-0.096,16.94,1.565,3.057993086364032
