Iteration,Min,Max,Average,Std. Dev.
0,1.639,19.734,9.093,6.119611718451688
1,1.639,19.734,9.093,6.119611718451688
2,1.512,19.706,8.673,5.904382671459288
3,1.076,19.036,7.72,5.546444363884325
4,0.924,18.753,6.887,4.984314924205467
5,0.872,17.463,6.336,4.423786301964147
6,0.703,11.813,5.332,2.8138037412402137
7,1.152,5.398,4.156,1.256052571971834
8,1.481,4.615,3.215,0.9315148434324586
9,0.228,3.289,1.696,1.0821744072928625
