Iteration,Min,Max,Average,Std. Dev.
0,0.215,23.524,6.084,5.103618277713391
1,0.215,23.524,6.084,5.103618277713391
2,0.212,23.27,6.01,5.03107639246455
3,0.212,22.382,5.841,4.859929761982263
4,0.198,22.369,5.654,4.778579104074288
5,0.149,21.237,5.357,4.514411586204061
6,0.148,20.367,5.002,4.199131066482465
7,0.118,20.063,4.553,3.996250366417476
8,0.049,19.577,4.123,3.913355826575968
9,-0.031,18.35,3.701,3.7471294879398274
