Iteration,Min,Max,Average,Std. Dev.
0,0.111,31.675,6.754,6.808124995885279
1,0.111,31.675,6.754,6.808124995885279
2,0.115,30.0,6.231,6.51319303342841
3,0.088,28.018,5.413,5.945678879549545
4,0.065,25.235,4.415,5.258569879794894
5,-0.003,21.552,3.47,4.535597760938066
6,-0.062,19.975,2.748,4.025004786007061
7,-0.113,17.647,2.082,3.4222130251498637
8,-0.121,17.625,1.609,3.065594423322804
9,-0.123,16.828,1.303,2.786700265217174
