Iteration,Min,Max,Average,Std. Dev.
0,0.215,23.524,6.084,5.103618277713391
1,0.215,23.524,6.084,5.103618277713391
2,0.204,22.519,5.81,4.8381516179529624
3,0.159,19.28,5.315,4.36304568607836
4,0.091,19.234,4.867,4.189650118043693
5,-0.004,16.789,4.218,3.650215344978865
6,-0.009,14.092,3.519,3.0596009476377515
7,-0.101,13.437,2.83,2.859326754532396
8,-0.116,12.505,2.315,2.7004195657254897
9,-0.121,11.354,1.764,2.4422794603670543
