Iteration,Min,Max,Average,Std. Dev.
0,0.215,23.524,6.084,5.103618277713391
1,0.215,23.524,6.084,5.103618277713391
2,0.201,22.166,5.723,4.756782918340139
3,0.117,18.08,5.052,4.133176068824042
4,0.031,17.522,4.425,3.8986819192796007
5,-0.074,14.244,3.461,3.0891100005149656
6,-0.079,9.652,2.443,2.2220986542313153
7,-0.122,8.821,1.634,1.9210896445266594
8,-0.12,7.706,1.062,1.7693524964360021
9,-0.11,5.73,0.693,1.406051397430988
