Iteration,Min,Max,Average,Std. Dev.
0,0.111,31.675,6.754,6.808124995885279
1,0.111,31.675,6.754,6.808124995885279
2,0.113,31.419,6.671,6.762103644022585
3,0.113,30.709,6.505,6.6491932550102995
4,0.108,29.982,6.26,6.472562517192941
5,0.095,28.06,5.913,6.186056104278222
6,0.084,27.227,5.528,5.923746620788382
7,0.063,24.538,5.116,5.558452093255003
8,0.038,22.028,4.705,5.156588676487907
9,0.021,21.721,4.247,4.82723297063336
