Iteration,Min,Max,Average,Std. Dev.
0,0.111,31.675,6.754,6.808124995885279
1,0.111,31.675,6.754,6.808124995885279
2,0.113,31.473,6.689,6.771845435822738
3,0.113,30.853,6.544,6.67241290614227
4,0.11,30.169,6.312,6.505208720896536
5,0.096,28.236,5.965,6.2166783579208
6,0.085,27.367,5.561,5.939934163682393
7,0.061,24.397,5.111,5.538320214808228
8,0.033,22.003,4.648,5.088826039679871
9,0.016,21.64,4.119,4.721082336790881
