Iteration,Min,Max,Average,Std. Dev.
0,0.215,23.524,6.084,5.103618277713391
1,0.215,23.524,6.084,5.103618277713391
2,0.213,23.365,6.037,5.057781876590455
3,0.213,22.853,5.936,4.953796445863579
4,0.209,22.845,5.827,4.904639036521312
5,0.178,22.269,5.658,4.752475656675842
6,0.178,21.843,5.459,4.55908682164939
7,0.165,21.7,5.198,4.390866087994563
8,0.124,21.477,4.945,4.2962822491061505
9,0.083,20.925,4.683,4.1776788435302254
