Iteration,Min,Max,Average,Std. Dev.
0,1.639,19.734,9.093,6.119611718451688
1,1.639,19.734,9.093,6.119611718451688
2,1.506,19.704,8.654,5.895437867175955
3,1.156,19.198,7.881,5.590155692532426
4,1.047,18.991,7.216,5.215730735570232
5,1.018,18.457,6.861,4.875035185517783
6,0.924,17.717,6.425,4.531596661450971
7,0.706,15.82,5.938,3.9603056399968
8,0.67,14.577,5.686,3.6056619693561043
9,1.252,13.516,5.543,3.2360625064392257
