Iteration,Min,Max,Average,Std. Dev.
0,0.111,31.675,6.754,6.808124995885279
1,0.111,31.675,6.754,6.808124995885279
2,0.117,30.643,6.428,6.624866317458445
3,0.1,28.639,5.913,6.271507813528168
4,0.084,26.888,5.272,5.820050089528202
5,0.063,24.442,4.555,5.262676074227519
6,0.05,23.304,3.935,4.839448062819926
7,-0.061,19.985,3.355,4.294288954725451
8,-0.1,18.465,2.832,3.8561789666763993
9,-0.12,17.916,2.35,3.6108060889818203
