Iteration,Min,Max,Average,Std. Dev.
0,0.215,23.524,6.084,5.103618277713391
1,0.215,23.524,6.084,5.103618277713391
2,0.202,22.279,5.75,4.782079824745843
3,0.132,18.216,5.155,4.2215156076356175
4,0.055,18.1,4.619,4.018801507929691
5,-0.045,15.706,3.829,3.3643353932906415
6,-0.05,11.795,2.988,2.6265646489449836
7,-0.111,11.048,2.23,2.373363184315511
8,-0.123,10.012,1.679,2.2129058098267365
9,-0.119,7.882,1.142,1.9072538093138947
