Iteration,Min,Max,Average,Std. Dev.
0,0.215,23.524,6.084,5.103618277713391
1,0.215,23.524,6.084,5.103618277713391
2,0.211,23.148,5.976,4.997588103023338
3,0.21,21.865,5.742,4.763077908320956
4,0.179,21.846,5.496,4.658968807097289
5,0.128,20.313,5.117,4.327097583497114
6,0.123,19.143,4.676,3.9556175909714573
7,0.082,18.742,4.15,3.767541397736448
8,0.01,18.116,3.672,3.6948417868355388
9,-0.075,16.867,3.203,3.502341140094395
