Iteration,Min,Max,Average,Std. Dev.
0,0.111,31.675,6.754,6.808124995885279
1,0.111,31.675,6.754,6.808124995885279
2,0.115,31.092,6.568,6.704017473091396
3,0.103,29.131,6.131,6.394647186880176
4,0.086,26.792,5.398,5.8599736552940564
5,0.062,22.747,4.374,5.032890605540049
6,-0.005,20.79,3.378,4.36110115170583
7,-0.106,18.557,2.344,3.5301802796484196
8,-0.112,17.521,1.619,3.09627375122958
9,-0.1,15.632,1.135,2.429812201337157
