Iteration,Min,Max,Average,Std. Dev.
0,1.639,19.734,9.093,6.119611718451688
1,1.639,19.734,9.093,6.119611718451688
2,1.573,19.719,8.859,5.9959921470487965
3,1.336,19.276,8.231,5.690353455052303
4,1.235,19.046,7.455,5.264483123314312
5,1.195,18.357,6.975,4.847649161067229
6,1.035,16.951,6.306,4.293484296899041
7,0.66,12.226,5.444,2.972889075816349
8,0.907,9.124,5.011,2.1350417989919714
9,3.425,7.06,4.811,1.170211759887195
