Iteration,Min,Max,Average,Std. Dev.
0,0.111,31.675,6.754,6.808124995885279
1,0.111,31.675,6.754,6.808124995885279
2,0.112,29.117,5.969,6.363163735098822
3,0.071,27.189,4.761,5.539884432472648
4,-0.028,23.107,3.417,4.60254957098654
5,-0.08,18.324,2.423,3.800243873239863
6,-0.097,17.917,1.749,3.2588432319412868
7,-0.116,16.616,1.266,2.6860083813844664
8,-0.123,16.563,0.978,2.414308688844366
9,-0.118,14.364,0.679,1.830826123730258
