Iteration,Min,Max,Average,Std. Dev.
0,0.215,23.524,6.084,5.103618277713391
1,0.215,23.524,6.084,5.103618277713391
2,0.211,23.185,5.986,5.007678187538617
3,0.211,22.301,5.821,4.839376981973854
4,0.206,22.29,5.677,4.775835424530804
5,0.172,21.643,5.489,4.607989611561044
6,0.172,21.199,5.289,4.417936436254548
7,0.161,21.063,5.051,4.269941374892292
8,0.127,20.874,4.836,4.195580731878067
9,0.087,20.441,4.629,4.103170618758181
