Iteration,Min,Max,Average,Std. Dev.
0,1.639,19.734,9.093,6.119611718451688
1,1.639,19.734,9.093,6.119611718451688
2,1.582,19.721,8.888,6.0109666353173035
3,1.389,19.348,8.356,5.736447889276325
4,1.309,19.151,7.676,5.355624183572526
5,1.278,18.558,7.253,4.992448739922433
6,1.156,17.87,6.694,4.614720221598398
7,0.78,15.692,6.027,3.9477179695565927
8,0.65,14.012,5.652,3.4868100874708863
9,1.714,12.38,5.461,2.896269577667336
