Iteration,Min,Max,Average,Std. Dev.
0,0.215,23.524,6.084,5.103618277713391
1,0.215,23.524,6.084,5.103618277713391
2,0.205,22.639,5.84,4.867127845079574
3,0.178,20.237,5.456,4.490862957517994
4,0.127,20.206,5.145,4.365326481932495
5,0.058,18.518,4.742,4.024360787223022
6,0.054,17.373,4.331,3.6848271331960567
7,0.053,17.028,3.899,3.545406920766872
8,0.002,16.559,3.533,3.4973500662039867
9,-0.061,16.139,3.2,3.3617188159799043
