Iteration,Min,Max,Average,Std. Dev.
0,0.215,23.524,6.084,5.103618277713391
1,0.215,23.524,6.084,5.103618277713391
2,0.213,23.313,6.022,5.043063001091414
3,0.213,22.584,5.881,4.8994506933999515
4,0.206,22.573,5.724,4.830256487747742
5,0.16,21.657,5.475,4.606845279418927
6,0.16,20.957,5.176,4.332054429611654
7,0.14,20.714,4.788,4.131226706109589
8,0.075,20.326,4.411,4.038765905417052
9,0.005,19.344,4.037,3.8887599118085805
