Iteration,Min,Max,Average,Std. Dev.
0,0.215,23.524,6.084,5.103618277713391
1,0.215,23.524,6.084,5.103618277713391
2,0.21,23.047,5.948,4.970662332031681
3,0.209,21.474,5.67,4.693817584559169
4,0.167,21.451,5.392,4.577704600818252
5,0.104,19.711,4.974,4.215618944340559
6,0.099,18.408,4.499,3.823465725338126
7,0.064,17.971,3.955,3.6467924708134336
8,-0.008,17.305,3.474,3.5734002341588025
9,-0.088,16.372,3.003,3.3735114472728704
