Iteration,Min,Max,Average,Std. Dev.
0,0.215,23.524,6.084,5.103618277713391
1,0.215,23.524,6.084,5.103618277713391
2,0.215,23.458,6.064,5.084311686036963
3,0.214,23.26,6.024,5.042215136237225
4,0.213,23.257,5.981,5.022453619497448
5,0.202,23.061,5.918,4.964203409175757
6,0.202,22.922,5.843,4.886981454769386
7,0.197,22.878,5.746,4.81016649177629
8,0.182,22.81,5.652,4.759312797722341
9,0.18,22.648,5.548,4.699279684924888
