Iteration,Min,Max,Average,Std. Dev.
0,1.639,19.734,9.093,6.119611718451688
1,1.639,19.734,9.093,6.119611718451688
2,1.63,19.732,9.056,6.0995299443649955
3,1.599,19.653,8.948,6.0276584435911325
4,1.586,19.601,8.776,5.88896164709243
5,1.58,19.381,8.651,5.770481110412821
6,1.558,19.155,8.471,5.621243928735883
7,1.477,18.893,8.237,5.456431116354467
8,1.39,18.799,8.024,5.381601958365469
9,1.193,18.731,7.85,5.403626526312033
