Iteration,Min,Max,Average,Std. Dev.
0,0.215,23.524,6.084,5.103618277713391
1,0.215,23.524,6.084,5.103618277713391
2,0.204,22.456,5.794,4.82313447217585
3,0.149,18.792,5.246,4.3020307621983
4,0.074,18.738,4.732,4.105858881469161
5,-0.03,16.09,3.956,3.461366950055837
6,-0.036,12.429,3.109,2.7268965034828225
7,-0.116,11.641,2.321,2.471229012416639
8,-0.123,10.521,1.741,2.2967115913285294
9,-0.118,8.172,1.17,1.972746911395138
