Iteration,Min,Max,Average,Std. Dev.
0,0.111,31.675,6.754,6.808124995885279
1,0.111,31.675,6.754,6.808124995885279
2,0.118,30.534,6.394,6.605851443962183
3,0.094,28.357,5.742,6.147123564713912
4,0.074,25.745,4.839,5.508858718713641
5,0.054,21.982,3.837,4.729011726633994
6,-0.086,20.253,3.002,4.158505791197189
7,-0.111,17.639,2.194,3.476366344262814
8,-0.124,17.613,1.625,3.089545886871602
9,-0.11,16.529,1.262,2.6943981170029887
