Iteration,Min,Max,Average,Std. Dev.
0,0.215,23.524,6.084,5.103618277713391
1,0.215,23.524,6.084,5.103618277713391
2,0.185,21.779,5.633,4.673110677426475
3,0.081,17.843,4.848,3.962329540910648
4,-0.009,17.079,4.145,3.6984770680770036
5,-0.1,12.34,3.081,2.793667011251626
6,-0.123,7.915,2.033,1.9746735839929694
7,-0.122,7.197,1.29,1.7009188318128545
8,-0.121,6.431,0.816,1.5214100369524861
9,-0.122,5.067,0.535,1.1967509765395914
