Iteration,Min,Max,Average,Std. Dev.
0,0.215,23.524,6.084,5.103618277713391
1,0.215,23.524,6.084,5.103618277713391
2,0.157,21.254,5.519,4.567840370175359
3,0.042,17.596,4.639,3.7950441542760256
4,-0.044,16.59,3.909,3.515083842742554
5,-0.114,11.112,2.86,2.62481528202391
6,-0.123,7.844,1.893,1.901707592427371
7,-0.122,6.97,1.245,1.6604417059539822
8,-0.118,6.519,0.814,1.5036767071505024
9,-0.12,5.46,0.532,1.2368908948270851
