Iteration,Min,Max,Average,Std. Dev.
0,0.215,23.524,6.084,5.103618277713391
1,0.215,23.524,6.084,5.103618277713391
2,0.207,22.754,5.87,4.895287458682309
3,0.186,20.35,5.479,4.512812846034454
4,0.131,20.316,5.122,4.369924630804291
5,0.047,18.065,4.613,3.9397269633854686
6,0.042,16.457,4.061,3.489760379254392
7,0.021,15.944,3.479,3.32648361250474
8,-0.067,15.202,3.005,3.230826733277699
9,-0.121,14.689,2.529,3.015899696293997
