Iteration,Min,Max,Average,Std. Dev.
0,1.639,19.734,9.093,6.119611718451688
1,1.639,19.734,9.093,6.119611718451688
2,1.477,19.698,8.576,5.858494846381402
3,0.984,18.991,7.567,5.507270169203666
4,0.841,18.716,6.802,4.941397458581027
5,0.799,17.453,6.282,4.415108633812375
6,0.677,12.258,5.355,2.9298388651512526
7,1.134,5.516,4.237,1.2039697804897957
8,1.834,4.774,3.453,0.9136447493136276
9,0.754,3.495,2.163,0.9814438872658381
