Iteration,Min,Max,Average,Std. Dev.
0,0.215,23.524,6.084,5.103618277713391
1,0.215,23.524,6.084,5.103618277713391
2,0.211,23.186,5.986,5.008125969092439
3,0.211,22.107,5.786,4.806093275977851
4,0.191,22.091,5.583,4.71852250772999
5,0.146,20.929,5.28,4.450464737256988
6,0.146,20.063,4.933,4.144806057926992
7,0.114,19.774,4.509,3.957016880054738
8,0.055,19.331,4.113,3.8822225913557245
9,-0.022,18.249,3.733,3.7337316327029875
