Iteration,Min,Max,Average,Std. Dev.
0,0.111,31.675,6.754,6.808124995885279
1,0.111,31.675,6.754,6.808124995885279
2,0.114,31.321,6.64,6.7446395747179055
3,0.111,30.153,6.373,6.558354456514833
4,0.099,28.788,5.927,6.232620070735837
5,0.077,25.346,5.256,5.676297583022918
6,0.06,24.014,4.51,5.166136371047084
7,0.024,21.048,3.71,4.424282188339143
8,-0.119,19.314,2.914,3.837870917646871
9,-0.094,18.38,2.146,3.5209829636094185
