Iteration,Min,Max,Average,Std. Dev.
0,0.111,31.675,6.754,6.808124995885279
1,0.111,31.675,6.754,6.808124995885279
2,0.116,30.897,6.507,6.669519753984743
3,0.098,28.563,5.956,6.278097387347999
4,0.079,25.848,5.069,5.636631356432207
5,0.057,21.566,3.934,4.737356868067759
6,-0.089,19.492,2.916,4.061055937805207
7,-0.071,17.277,1.923,3.2730063206070135
8,-0.113,17.233,1.349,2.839013405228605
9,-0.115,14.767,0.931,2.11681587899292
