Iteration,Min,Max,Average,Std. Dev.
0,1.639,19.734,9.093,6.119611718451688
1,1.639,19.734,9.093,6.119611718451688
2,1.476,19.698,8.573,5.857445917589518
3,1.056,19.117,7.7,5.543393841791034
4,0.936,18.894,7.034,5.114553736976901
5,0.904,18.289,6.664,4.752867928796353
6,0.809,17.055,6.183,4.302732885499601
7,0.669,13.868,5.605,3.3862345093975783
8,0.816,11.944,5.307,2.8298460436904733
9,2.002,10.435,5.163,2.24741789120884
