Iteration,Min,Max,Average,Std. Dev.
0,0.111,31.675,6.754,6.808124995885279
1,0.111,31.675,6.754,6.808124995885279
2,0.112,31.515,6.702,6.779248969727146
3,0.113,31.156,6.616,6.722651689557106
4,0.113,30.845,6.508,6.646376477837455
5,0.109,30.144,6.371,6.535912078643229
6,0.105,29.867,6.231,6.4411072035720744
7,0.097,29.074,6.089,6.317575206625663
8,0.088,27.915,5.957,6.189638369066549
9,0.079,27.814,5.809,6.072505303525835
