Iteration,Min,Max,Average,Std. Dev.
0,1.639,19.734,9.093,6.119611718451688
1,1.639,19.734,9.093,6.119611718451688
2,1.616,19.728,9.005,6.072401313373549
3,1.534,19.535,8.74,5.909760357962943
4,1.498,19.413,8.327,5.621719088679662
5,1.481,18.952,8.033,5.358876946711758
6,1.414,18.584,7.617,5.0687621156715785
7,1.159,18.075,7.103,4.778571894792847
8,0.915,17.767,6.711,4.679433729923529
9,0.666,17.422,6.452,4.6315107175549315
