Iteration,Min,Max,Average,Std. Dev.
0,0.111,31.675,6.754,6.808124995885279
1,0.111,31.675,6.754,6.808124995885279
2,0.114,31.266,6.623,6.73491185047712
3,0.11,30.055,6.345,6.543021504778575
4,0.099,28.744,5.916,6.231360897703496
5,0.078,25.67,5.306,5.728708014014656
6,0.063,24.521,4.65,5.281945643048328
7,0.032,21.257,3.967,4.644507159141431
8,-0.079,19.932,3.286,4.0769478133826125
9,-0.119,19.245,2.594,3.755836164168774
