Iteration,Min,Max,Average,Std. Dev.
0,1.639,19.734,9.093,6.119611718451688
1,1.639,19.734,9.093,6.119611718451688
2,1.557,19.715,8.808,5.970391725629069
3,1.335,19.345,8.242,5.698045257986653
4,1.258,19.173,7.637,5.3775831052953285
5,1.235,18.699,7.304,5.0817744785320995
6,1.157,18.297,6.905,4.803616649116872
7,0.916,17.543,6.477,4.510002312331457
8,0.747,17.048,6.221,4.373892243128912
9,0.703,16.584,6.044,4.2616481780140365
