Iteration,Min,Max,Average,Std. Dev.
0,0.111,31.675,6.754,6.808124995885279
1,0.111,31.675,6.754,6.808124995885279
2,0.118,30.633,6.424,6.623101607338385
3,0.098,28.526,5.855,6.226169802009283
4,0.08,26.361,5.092,5.685649435255905
5,0.057,23.242,4.221,5.006415565455104
6,-0.008,21.774,3.474,4.492089735549878
7,-0.09,18.552,2.746,3.8465284434890568
8,-0.077,17.94,2.14,3.4219527643380263
9,-0.123,17.284,1.668,3.1653719452987583
