Iteration,Min,Max,Average,Std. Dev.
0,0.111,31.675,6.754,6.808124995885279
1,0.111,31.675,6.754,6.808124995885279
2,0.114,31.189,6.598,6.721242654892448
3,0.111,30.079,6.341,6.547926846852138
4,0.102,29.088,6.012,6.313212729738756
5,0.087,26.88,5.602,5.98143765970771
6,0.076,26.217,5.194,5.708872841107917
7,0.057,24.077,4.798,5.357231593358858
8,0.035,21.503,4.426,4.991541920279249
9,0.022,21.238,4.038,4.705444855932801
