Iteration,Min,Max,Average,Std. Dev.
0,0.215,23.524,6.084,5.103618277713391
1,0.215,23.524,6.084,5.103618277713391
2,0.214,23.39,6.045,5.065017814261937
3,0.214,22.915,5.949,4.967722162952403
4,0.209,22.907,5.839,4.917808048993911
5,0.175,22.27,5.657,4.752707324647183
6,0.175,21.783,5.432,4.536392128927611
7,0.16,21.613,5.128,4.34907204042232
8,0.11,21.335,4.825,4.2455792865315525
9,0.058,20.622,4.51,4.10838918828928
