Iteration,Min,Max,Average,Std. Dev.
0,0.111,31.675,6.754,6.808124995885279
1,0.111,31.675,6.754,6.808124995885279
2,0.117,30.691,6.442,6.633282474813647
3,0.094,28.346,5.786,6.165032774784952
4,0.072,25.275,4.772,5.43949149806228
5,0.053,20.667,3.585,4.512751872928901
6,-0.092,18.576,2.582,3.84916224723521
7,-0.055,17.057,1.679,3.0915578747507357
8,-0.119,17.006,1.205,2.660997328073654
9,-0.122,14.177,0.821,1.9464800679718468
