Iteration,Min,Max,Average,Std. Dev.
0,0.215,23.524,6.084,5.103618277713391
1,0.215,23.524,6.084,5.103618277713391
2,0.212,23.22,5.996,5.017355807227474
3,0.211,22.083,5.784,4.804543068507755
4,0.182,22.065,5.542,4.701454863684008
5,0.126,20.448,5.145,4.352769760643104
6,0.125,19.167,4.665,3.949550012348759
7,0.075,18.708,4.077,3.74832970793004
8,-0.01,17.959,3.539,3.663367431471779
9,-0.096,16.725,2.991,3.4328708263041423
