Iteration,Min,Max,Average,Std. Dev.
0,3.069,10.866,5.865,2.309745427909875
1,3.069,10.866,5.865,2.309745427909875
2,3.053,10.562,5.617,2.2291848646637242
3,2.638,9.402,5.114,2.0391293641152943
4,2.266,9.048,4.634,2.124612223748161
5,2.142,8.498,4.31,2.0500971559047527
6,1.992,8.108,3.881,1.8516386820124042
7,1.949,7.453,3.34,1.5996070873471044
8,1.86,5.373,2.849,1.0292093983231894
9,1.859,3.881,2.366,0.5889517957475418
