Iteration,Min,Max,Average,Std. Dev.
0,3.069,10.866,5.865,2.309745427909875
1,3.069,10.866,5.865,2.309745427909875
2,3.059,10.68,5.713,2.257333795829239
3,2.778,9.931,5.387,2.13264044260493
4,2.502,9.696,5.055,2.1793605509791125
5,2.402,9.312,4.822,2.1205639730297854
6,2.271,9.038,4.514,1.9901251746797306
7,2.229,8.574,4.104,1.804195964776594
8,2.074,7.054,3.704,1.4032621518517643
9,2.057,5.917,3.286,1.0510837445783312
