Iteration,Min,Max,Average,Std. Dev.
0,1.526,11.555,4.929,2.3690819436276693
1,1.526,11.555,4.929,2.3690819436276693
2,1.523,11.47,4.874,2.345311617283033
3,1.522,11.429,4.71,2.2766019378356663
4,1.51,11.409,4.505,2.2059428011829003
5,1.502,10.991,4.207,2.103904128838093
6,1.496,10.539,3.887,2.0411431202683326
7,1.497,9.363,3.423,1.8126796418758901
8,1.498,8.523,2.955,1.6083225327321962
9,1.496,7.829,2.545,1.3818380861750694
