Iteration,Min,Max,Average,Std. Dev.
0,1.526,11.555,4.929,2.3690819436276693
1,1.526,11.555,4.929,2.3690819436276693
2,1.52,11.34,4.79,2.3103745263240643
3,1.513,11.262,4.476,2.183909014744656
4,1.499,11.232,4.155,2.070376886636523
5,1.496,10.698,3.767,1.9350865926191976
6,1.498,10.161,3.416,1.8500261348387887
7,1.496,8.887,2.958,1.6034065370516635
8,1.504,8.031,2.549,1.4141272587450493
9,1.496,7.373,2.27,1.1971622377396796
