Iteration,Min,Max,Average,Std. Dev.
0,3.069,10.866,5.865,2.309745427909875
1,3.069,10.866,5.865,2.309745427909875
2,3.065,10.777,5.792,2.2835194559991936
3,2.916,10.4,5.628,2.219628456668578
4,2.76,10.278,5.451,2.2388164526780714
5,2.699,10.069,5.323,2.2038284187057307
6,2.613,9.919,5.151,2.1386766106530373
7,2.584,9.661,4.908,2.0350905823835057
8,2.464,8.795,4.663,1.8199232962530318
9,2.45,8.133,4.402,1.6226168307411242
