Iteration,Min,Max,Average,Std. Dev.
0,1.526,11.555,4.929,2.3690819436276693
1,1.526,11.555,4.929,2.3690819436276693
2,1.523,11.465,4.87,2.3438120716102477
3,1.522,11.428,4.722,2.2812354828461325
4,1.512,11.413,4.557,2.2228824932404345
5,1.505,11.118,4.336,2.148130271398215
6,1.499,10.815,4.108,2.1076922674064997
7,1.496,10.069,3.79,1.968184296360148
8,1.496,9.555,3.464,1.8411005375079488
9,1.496,9.15,3.15,1.704457302029402
