Iteration,Min,Max,Average,Std. Dev.
0,3.069,10.866,5.865,2.309745427909875
1,3.069,10.866,5.865,2.309745427909875
2,3.069,10.859,5.859,2.3074682899836203
3,3.053,10.821,5.843,2.301111656762894
4,3.035,10.808,5.822,2.3034956810374267
5,3.027,10.783,5.806,2.299556038766736
6,3.014,10.763,5.783,2.2921917868697825
7,3.009,10.727,5.748,2.2787650162151003
8,2.987,10.601,5.709,2.251259007093943
9,2.985,10.502,5.667,2.2234612030240672
