Iteration,Min,Max,Average,Std. Dev.
0,1.496,13.458,4.935,2.55223862008658
1,1.496,13.458,4.935,2.55223862008658
2,1.496,13.177,4.783,2.4916873930347587
3,1.496,13.036,4.479,2.3756170106217973
4,1.496,12.741,4.039,2.157554503191502
5,1.496,12.294,3.532,2.001012792063528
6,1.496,12.155,3.068,1.8197427115285698
7,1.496,11.43,2.57,1.5340479820464386
8,1.496,10.385,2.142,1.1915624024342726
9,1.496,9.381,1.852,0.9277906936100223
