Iteration,Min,Max,Average,Std. Dev.
0,1.526,11.555,4.929,2.3690819436276693
1,1.526,11.555,4.929,2.3690819436276693
2,1.514,11.101,4.637,2.2506157486313905
3,1.499,10.953,4.058,2.030224532948213
4,1.497,10.901,3.518,1.8427304351622913
5,1.497,10.038,2.954,1.649897662687291
6,1.496,9.188,2.549,1.505430366668807
7,1.496,7.248,2.108,1.14053615346027
8,1.496,6.144,1.935,0.9008767845616328
9,1.496,5.057,1.807,0.6902720860485763
