Iteration,Min,Max,Average,Std. Dev.
0,3.069,10.866,5.865,2.309745427909875
1,3.069,10.866,5.865,2.309745427909875
2,3.069,10.854,5.855,2.3061351835717483
3,3.042,10.792,5.828,2.2955239251214192
4,3.01,10.769,5.793,2.299624009745502
5,2.996,10.723,5.764,2.2923318367353605
6,2.972,10.686,5.722,2.2783536442370536
7,2.963,10.619,5.656,2.252553122434594
8,2.922,10.377,5.584,2.197883091026586
9,2.917,10.184,5.503,2.143986854489886
