Iteration,Min,Max,Average,Std. Dev.
0,3.069,10.866,5.865,2.309745427909875
1,3.069,10.866,5.865,2.309745427909875
2,3.064,10.77,5.786,2.2813721751921245
3,2.869,10.287,5.577,2.2011441446229227
4,2.65,10.117,5.33,2.2279555142181704
5,2.559,9.785,5.137,2.1708990632160106
6,2.425,9.527,4.849,2.056156595657518
7,2.377,9.051,4.425,1.8745305638408227
8,2.186,7.392,3.983,1.4484424759695016
9,2.163,6.105,3.509,1.0601607215305542
