Iteration,Min,Max,Average,Std. Dev.
0,3.069,10.866,5.865,2.309745427909875
1,3.069,10.866,5.865,2.309745427909875
2,3.057,10.63,5.672,2.2448585167446327
3,2.682,9.628,5.237,2.0802257955316366
4,2.323,9.304,4.789,2.1511820688501038
5,2.196,8.753,4.469,2.0714520129609673
6,2.031,8.345,4.022,1.8706576972311468
7,1.982,7.629,3.434,1.608419080988894
8,1.88,5.29,2.87,0.9712164432834156
9,1.881,3.594,2.334,0.4996006458808752
