Iteration,Min,Max,Average,Std. Dev.
0,1.526,11.555,4.929,2.3690819436276693
1,1.526,11.555,4.929,2.3690819436276693
2,1.525,11.527,4.911,2.361077021049142
3,1.525,11.513,4.856,2.3374274497229055
4,1.524,11.507,4.786,2.313139434374707
5,1.52,11.368,4.684,2.278121681091592
6,1.514,11.218,4.569,2.2571791957978076
7,1.509,10.83,4.393,2.1841452061673152
8,1.505,10.553,4.185,2.1258783104365135
9,1.502,10.326,3.969,2.0509325492210038
