Iteration,Min,Max,Average,Std. Dev.
0,3.069,10.866,5.865,2.309745427909875
1,3.069,10.866,5.865,2.309745427909875
2,3.065,10.791,5.804,2.2874801254568307
3,2.891,10.372,5.622,2.2179224875937034
4,2.683,10.214,5.392,2.241567753287162
5,2.591,9.88,5.201,2.1831055624057907
6,2.448,9.609,4.9,2.065082932514508
7,2.396,9.087,4.437,1.8712926953020368
8,2.179,7.21,3.941,1.3919146466597332
9,2.152,5.734,3.402,0.9547926552382895
