Iteration,Min,Max,Average,Std. Dev.
0,1.526,11.555,4.929,2.3690819436276693
1,1.526,11.555,4.929,2.3690819436276693
2,1.513,11.09,4.63,2.2481550998971342
3,1.5,10.947,4.066,2.033762390884876
4,1.497,10.9,3.558,1.855244244963966
5,1.497,10.13,3.034,1.682431727618401
6,1.504,9.384,2.655,1.5567569883187593
7,1.5,7.712,2.231,1.2375775593733975
8,1.496,6.632,2.022,1.0099618151847525
9,1.496,5.846,1.874,0.8187699603357622
