Iteration,Min,Max,Average,Std. Dev.
0,1.526,11.555,4.929,2.3690819436276693
1,1.526,11.555,4.929,2.3690819436276693
2,1.521,11.385,4.819,2.3221703725122698
3,1.519,11.329,4.592,2.2287241308228216
4,1.506,11.31,4.376,2.150936624835688
5,1.5,10.99,4.124,2.0664416538465527
6,1.496,10.678,3.892,2.0225638358969524
7,1.497,9.966,3.594,1.8885766884224109
8,1.496,9.497,3.308,1.7706617884416103
9,1.496,9.149,3.044,1.659237971026331
