Iteration,Min,Max,Average,Std. Dev.
0,1.526,11.555,4.929,2.3690819436276693
1,1.526,11.555,4.929,2.3690819436276693
2,1.524,11.488,4.885,2.350096091338487
3,1.523,11.464,4.79,2.309121577240851
4,1.52,11.456,4.695,2.2746571802558373
5,1.515,11.31,4.578,2.235247026543397
6,1.51,11.168,4.464,2.215218353656118
7,1.506,10.835,4.31,2.1530500991555566
8,1.503,10.614,4.143,2.1066448134149103
9,1.501,10.449,3.983,2.053531329315337
