Iteration,Min,Max,Average,Std. Dev.
0,1.496,13.458,4.935,2.55223862008658
1,1.496,13.458,4.935,2.55223862008658
2,1.496,13.281,4.839,2.513738526150212
3,1.496,13.182,4.626,2.4305286748448216
4,1.496,12.954,4.29,2.2587969603804403
5,1.496,12.588,3.869,2.1238190501529153
6,1.496,12.468,3.442,1.9681381068990624
7,1.496,11.818,2.938,1.706723536004095
8,1.496,10.859,2.42,1.388190081741441
9,1.496,9.913,2.018,1.094273468779406
