Iteration,Min,Max,Average,Std. Dev.
0,3.069,10.866,5.865,2.309745427909875
1,3.069,10.866,5.865,2.309745427909875
2,3.067,10.819,5.827,2.295673872883585
3,2.976,10.598,5.731,2.258098984415103
4,2.874,10.522,5.617,2.270142978281018
5,2.831,10.38,5.53,2.246798997465225
6,2.767,10.273,5.408,2.2030008312824942
7,2.744,10.083,5.226,2.127904014872021
8,2.643,9.422,5.036,1.9687246579495246
9,2.631,8.906,4.828,1.819713603386113
