Iteration,Min,Max,Average,Std. Dev.
0,1.496,13.458,4.935,2.55223862008658
1,1.496,13.458,4.935,2.55223862008658
2,1.496,13.209,4.8,2.4984288266733072
3,1.496,13.106,4.578,2.4121365285854792
4,1.496,12.931,4.296,2.267769479352605
5,1.496,12.696,3.998,2.1683618522517945
6,1.496,12.629,3.729,2.070789834577879
7,1.497,12.315,3.435,1.9290503932153282
8,1.496,11.883,3.13,1.7657559027624639
9,1.496,11.485,2.818,1.6308490058556373
