Iteration,Min,Max,Average,Std. Dev.
0,3.069,10.866,5.865,2.309745427909875
1,3.069,10.866,5.865,2.309745427909875
2,3.065,10.778,5.793,2.2836382251390526
3,2.873,10.31,5.59,2.2060502964224202
4,2.652,10.14,5.343,2.232270308295256
5,2.558,9.793,5.144,2.1722268436816723
6,2.415,9.519,4.838,2.050687595564701
7,2.364,8.999,4.379,1.8562221655149083
8,2.157,7.164,3.894,1.384332741376734
9,2.132,5.732,3.373,0.9571841500407849
