Iteration,Min,Max,Average,Std. Dev.
0,1.526,11.555,4.929,2.3690819436276693
1,1.526,11.555,4.929,2.3690819436276693
2,1.523,11.476,4.878,2.3469253022397267
3,1.523,11.444,4.748,2.2918389063429943
4,1.515,11.43,4.603,2.2405459457230266
5,1.508,11.173,4.408,2.1748097438549103
6,1.501,10.908,4.207,2.1396155837096775
7,1.498,10.256,3.923,2.0187409730730925
8,1.496,9.807,3.624,1.9119037953527203
9,1.496,9.454,3.337,1.7905429240488682
