Iteration,Min,Max,Average,Std. Dev.
0,1.526,11.555,4.929,2.3690819436276693
1,1.526,11.555,4.929,2.3690819436276693
2,1.523,11.466,4.871,2.3440467712197917
3,1.522,11.433,4.738,2.2877997419416207
4,1.515,11.421,4.601,2.238706410617101
5,1.509,11.199,4.429,2.1805601905104726
6,1.503,10.978,4.257,2.1509158633831587
7,1.499,10.455,4.024,2.054167701063437
8,1.497,10.102,3.779,1.9738720380238273
9,1.496,9.833,3.546,1.8830511517685153
