Iteration,Min,Max,Average,Std. Dev.
0,1.526,11.555,4.929,2.3690819436276693
1,1.526,11.555,4.929,2.3690819436276693
2,1.524,11.501,4.894,2.353927407246246
3,1.524,11.478,4.801,2.313946889185653
4,1.519,11.468,4.692,2.2755561386941516
5,1.513,11.267,4.541,2.2243347897674073
6,1.507,11.057,4.38,2.1959388852565898
7,1.502,10.532,4.145,2.0988224341085
8,1.498,10.166,3.885,2.0176339676964945
9,1.496,9.874,3.628,1.918976429618295
