Iteration,Min,Max,Average,Std. Dev.
0,1.526,11.555,4.929,2.3690819436276693
1,1.526,11.555,4.929,2.3690819436276693
2,1.523,11.453,4.863,2.340645776170956
3,1.52,11.404,4.667,2.2589857142199126
4,1.506,11.38,4.422,2.1749167192705143
5,1.499,10.878,4.069,2.053121597429835
6,1.496,10.334,3.698,1.9726987535852698
7,1.496,8.919,3.168,1.6949924993577847
8,1.509,7.91,2.662,1.4605920416210596
9,1.497,7.074,2.291,1.1836918840206097
