Iteration,Min,Max,Average,Std. Dev.
0,1.526,11.555,4.929,2.3690819436276693
1,1.526,11.555,4.929,2.3690819436276693
2,1.523,11.456,4.864,2.341292244527368
3,1.522,11.417,4.709,2.275988619343841
4,1.512,11.402,4.543,2.216984325013273
5,1.505,11.12,4.328,2.144360813730406
6,1.499,10.833,4.111,2.10602330839521
7,1.497,10.14,3.814,1.9767750090080352
8,1.496,9.669,3.51,1.8612293449626445
9,1.496,9.303,3.221,1.737537643512444
