Iteration,Min,Max,Average,Std. Dev.
0,1.526,11.555,4.929,2.3690819436276693
1,1.526,11.555,4.929,2.3690819436276693
2,1.518,11.3,4.764,2.299829699779169
3,1.512,11.216,4.427,2.1656230164384596
4,1.498,11.188,4.108,2.0510310296001535
5,1.496,10.705,3.747,1.926224140706431
6,1.496,10.234,3.431,1.854601096156962
7,1.496,9.157,3.035,1.6461767613739484
8,1.508,8.45,2.675,1.4866721263171905
9,1.497,7.923,2.405,1.3203062525461724
