Iteration,Min,Max,Average,Std. Dev.
0,3.069,10.866,5.865,2.309745427909875
1,3.069,10.866,5.865,2.309745427909875
2,3.065,10.784,5.798,2.285364490397774
3,2.918,10.415,5.637,2.2230925022781833
4,2.759,10.292,5.458,2.242106833112297
5,2.695,10.072,5.325,2.2048605147253526
6,2.603,9.91,5.141,2.1347753154694518
7,2.571,9.626,4.876,2.0216382978137055
8,2.439,8.658,4.604,1.7805332283571365
9,2.422,7.911,4.311,1.5578499167239663
