Iteration,Min,Max,Average,Std. Dev.
0,3.069,10.866,5.865,2.309745427909875
1,3.069,10.866,5.865,2.309745427909875
2,3.068,10.843,5.846,2.3026149671108485
3,3.012,10.711,5.789,2.28050265189851
4,2.943,10.662,5.713,2.28904346847377
5,2.911,10.557,5.649,2.271959487947409
6,2.859,10.473,5.553,2.2383652358242907
7,2.839,10.313,5.401,2.176587565689479
8,2.746,9.731,5.233,2.039672029175319
9,2.733,9.264,5.042,1.9072100658337516
