Iteration,Min,Max,Average,Std. Dev.
0,3.069,10.866,5.865,2.309745427909875
1,3.069,10.866,5.865,2.309745427909875
2,3.054,10.585,5.636,2.2344302013107833
3,2.668,9.514,5.17,2.058145558160095
4,2.316,9.187,4.723,2.134745715160166
5,2.197,8.678,4.42,2.064527063442522
6,2.051,8.319,4.022,1.8837537383458212
7,2.007,7.718,3.516,1.6493452606121735
8,1.884,5.8,3.046,1.1302120398776367
9,1.873,4.409,2.575,0.7086829821132767
