Iteration,Min,Max,Average,Std. Dev.
0,1.526,11.555,4.929,2.3690819436276693
1,1.526,11.555,4.929,2.3690819436276693
2,1.523,11.476,4.878,2.3468734498572705
3,1.523,11.438,4.725,2.282537835853364
4,1.511,11.419,4.533,2.216395298522532
5,1.503,11.029,4.254,2.120951946863326
6,1.497,10.607,3.951,2.063389175454606
7,1.497,9.511,3.511,1.8522465626309403
8,1.497,8.727,3.062,1.6588611795136683
9,1.498,8.08,2.647,1.4494616277566077
