Iteration,Min,Max,Average,Std. Dev.
0,1.526,11.555,4.929,2.3690819436276693
1,1.526,11.555,4.929,2.3690819436276693
2,1.525,11.538,4.918,2.364269237444257
3,1.525,11.53,4.885,2.3499889520092965
4,1.525,11.526,4.843,2.3353220720637116
5,1.525,11.443,4.781,2.3141462741308767
6,1.521,11.353,4.712,2.3011529158483643
7,1.518,11.121,4.605,2.2566039123172046
8,1.514,10.955,4.476,2.2210451643115956
9,1.511,10.819,4.34,2.1758113404762747
