Iteration,Min,Max,Average,Std. Dev.
0,1.496,13.458,4.935,2.55223862008658
1,1.496,13.458,4.935,2.55223862008658
2,1.496,13.395,4.901,2.538538823379262
3,1.496,13.36,4.825,2.508183422685426
4,1.496,13.28,4.705,2.4435838496564544
5,1.496,13.151,4.55,2.3877045444502034
6,1.496,13.109,4.383,2.324378261357052
7,1.496,12.882,4.167,2.2226623038632014
8,1.496,12.547,3.914,2.097331728955356
9,1.496,12.216,3.619,1.9926404876471138
