Iteration,Min,Max,Average,Std. Dev.
0,1.496,13.458,4.935,2.55223862008658
1,1.496,13.458,4.935,2.55223862008658
2,1.496,12.832,4.597,2.4207865701739726
3,1.496,12.561,4.026,2.2158953565342445
4,1.496,12.074,3.312,1.8973816836151944
5,1.496,11.398,2.695,1.6576564807093446
6,1.496,11.201,2.292,1.405748527891657
7,1.496,10.249,2.003,1.0862001965935826
8,1.496,8.926,1.806,0.8229090681203031
9,1.496,7.699,1.718,0.6632934766368475
