Iteration,Min,Max,Average,Std. Dev.
0,3.069,10.866,5.865,2.309745427909875
1,3.069,10.866,5.865,2.309745427909875
2,3.048,10.468,5.541,2.209773825321654
3,2.523,8.956,4.889,1.966069349369414
4,2.086,8.495,4.29,2.0873238798856586
5,1.952,7.779,3.89,2.001952676292664
6,1.809,7.261,3.365,1.7024340886896083
7,1.803,6.39,2.716,1.3665222968928838
8,1.69,3.695,2.175,0.6004000449161765
9,1.504,2.368,1.958,0.2502177832956872
