Iteration,Min,Max,Average,Std. Dev.
0,1.526,11.555,4.929,2.3690819436276693
1,1.526,11.555,4.929,2.3690819436276693
2,1.525,11.521,4.907,2.359508389067396
3,1.524,11.508,4.851,2.3353249592135987
4,1.524,11.502,4.788,2.312922993942602
5,1.521,11.392,4.704,2.2840683588920068
6,1.516,11.279,4.615,2.26788011933381
7,1.512,11.001,4.487,2.2152215834460636
8,1.509,10.81,4.339,2.174924383446197
9,1.506,10.66,4.19,2.1263187650226913
