Iteration,Min,Max,Average,Std. Dev.
0,1.496,13.458,4.935,2.55223862008658
1,1.496,13.458,4.935,2.55223862008658
2,1.496,13.35,4.876,2.5287349746730046
3,1.496,13.287,4.739,2.474448063062762
4,1.496,13.133,4.514,2.356243424558294
5,1.496,12.88,4.219,2.2562463242249726
6,1.496,12.796,3.9,2.139215558513948
7,1.496,12.327,3.495,1.944321345069377
8,1.496,11.626,3.033,1.6986233411296574
9,1.496,10.925,2.543,1.489830687413554
