Iteration,Min,Max,Average,Std. Dev.
0,3.069,10.866,5.865,2.309745427909875
1,3.069,10.866,5.865,2.309745427909875
2,3.067,10.822,5.829,2.29631857989887
3,2.975,10.599,5.732,2.258635737540374
4,2.868,10.52,5.614,2.2711600034340496
5,2.822,10.366,5.52,2.245598961389329
6,2.751,10.247,5.386,2.1968874861578547
7,2.725,10.032,5.181,2.1122487311958387
8,2.61,9.271,4.964,1.9284032464624472
9,2.596,8.672,4.724,1.7550679002723644
