Iteration,Min,Max,Average,Std. Dev.
0,1.526,11.555,4.929,2.3690819436276693
1,1.526,11.555,4.929,2.3690819436276693
2,1.524,11.491,4.887,2.3510590584981275
3,1.523,11.462,4.77,2.3012018834838486
4,1.516,11.448,4.628,2.251653279015088
5,1.509,11.174,4.426,2.1829813375103693
6,1.501,10.882,4.207,2.144406917507232
7,1.497,10.137,3.887,2.005953118276435
8,1.496,9.611,3.545,1.8786192735952723
9,1.496,9.184,3.209,1.7322483796868864
