Iteration,Min,Max,Average,Std. Dev.
0,1.496,13.458,4.935,2.55223862008658
1,1.496,13.458,4.935,2.55223862008658
2,1.496,12.727,4.541,2.4000241624420373
3,1.496,12.439,3.937,2.1862156656856473
4,1.496,11.972,3.241,1.8757869920633312
5,1.496,11.362,2.683,1.6459884607131299
6,1.496,11.193,2.319,1.4238241275900951
7,1.496,10.412,2.048,1.1456785182405367
8,1.496,9.352,1.841,0.8946505766222547
9,1.496,8.392,1.706,0.7233954366321187
