Iteration,Min,Max,Average,Std. Dev.
0,1.496,13.458,4.935,2.55223862008658
1,1.496,13.458,4.935,2.55223862008658
2,1.496,13.167,4.778,2.489655491678343
3,1.496,13.047,4.519,2.3900438553324066
4,1.496,12.843,4.192,2.224753007213553
5,1.496,12.569,3.849,2.1131032181164966
6,1.497,12.491,3.543,2.0028069466810137
7,1.497,12.123,3.217,1.8390283123925284
8,1.496,11.618,2.878,1.6553709647430535
9,1.496,11.154,2.55,1.493821726511398
