Iteration,Min,Max,Average,Std. Dev.
0,1.526,11.555,4.929,2.3690819436276693
1,1.526,11.555,4.929,2.3690819436276693
2,1.52,11.363,4.805,2.316381399385438
3,1.513,11.285,4.493,2.190439013178332
4,1.499,11.252,4.149,2.070723673163621
5,1.496,10.624,3.709,1.9153081763963344
6,1.497,9.971,3.304,1.8049356363968303
7,1.496,8.367,2.757,1.497804033070194
8,1.498,7.264,2.335,1.2489513893880626
9,1.496,6.393,2.076,0.9747421303324018
