Iteration,Min,Max,Average,Std. Dev.
0,1.496,13.458,4.935,2.55223862008658
1,1.496,13.458,4.935,2.55223862008658
2,1.496,13.353,4.878,2.5294184421381862
3,1.496,13.312,4.788,2.4935266585382267
4,1.496,13.246,4.678,2.4340143550205515
5,1.496,13.159,4.562,2.3908913044235365
6,1.496,13.135,4.456,2.3501291276409186
7,1.496,13.025,4.339,2.294087418793681
8,1.496,12.876,4.216,2.232231384544158
9,1.496,12.741,4.083,2.186199236147054
