Iteration,Min,Max,Average,Std. Dev.
0,1.526,11.555,4.929,2.3690819436276693
1,1.526,11.555,4.929,2.3690819436276693
2,1.52,11.358,4.802,2.3150859958929098
3,1.515,11.287,4.513,2.198078540206961
4,1.5,11.259,4.217,2.0935749193066773
5,1.496,10.77,3.857,1.9691441237514382
6,1.496,10.278,3.526,1.894223127039258
7,1.496,9.113,3.094,1.6668359680366134
8,1.508,8.329,2.693,1.4875762724010804
9,1.496,7.727,2.392,1.29347564207427
