Iteration,Min,Max,Average,Std. Dev.
0,1.496,13.458,4.935,2.55223862008658
1,1.496,13.458,4.935,2.55223862008658
2,1.496,13.392,4.899,2.537801133679562
3,1.496,13.363,4.837,2.5127712834053315
4,1.496,13.312,4.754,2.4680921641302636
5,1.496,13.241,4.663,2.4335700686598347
6,1.496,13.221,4.574,2.3990271702963217
7,1.496,13.123,4.472,2.349527107570366
8,1.496,12.986,4.36,2.2933368711078552
9,1.496,12.858,4.235,2.2506458579101336
