Iteration,Min,Max,Average,Std. Dev.
0,1.526,11.555,4.929,2.3690819436276693
1,1.526,11.555,4.929,2.3690819436276693
2,1.522,11.448,4.859,2.3391377955058217
3,1.522,11.409,4.7,2.2722668039571623
4,1.512,11.394,4.536,2.2137188415571374
5,1.505,11.128,4.331,2.144492929291924
6,1.499,10.862,4.128,2.108921389694523
7,1.497,10.233,3.855,1.9916807490041
8,1.496,9.809,3.576,1.889639648190309
9,1.497,9.485,3.313,1.779871699610978
