Iteration,Min,Max,Average,Std. Dev.
0,1.526,11.555,4.929,2.3690819436276693
1,1.526,11.555,4.929,2.3690819436276693
2,1.521,11.412,4.836,2.3294183316492463
3,1.519,11.36,4.625,2.2419048634451912
4,1.506,11.34,4.408,2.1646517778767134
5,1.5,10.985,4.138,2.0735066740506953
6,1.496,10.629,3.878,2.0236887605468756
7,1.496,9.787,3.534,1.8630018230228547
8,1.496,9.219,3.197,1.7201169243849797
9,1.497,8.784,2.886,1.5816081790755885
