Iteration,Min,Max,Average,Std. Dev.
0,1.496,13.458,4.935,2.55223862008658
1,1.496,13.458,4.935,2.55223862008658
2,1.496,13.161,4.774,2.4882052523303146
3,1.496,13.011,4.453,2.3658860568780864
4,1.496,12.699,3.988,2.1372719631701367
5,1.496,12.226,3.457,1.973621741615021
6,1.496,12.078,2.981,1.7813416739361516
7,1.496,11.31,2.479,1.4825214560340934
8,1.496,10.203,2.073,1.1304235911352516
9,1.496,9.14,1.813,0.8714833594938967
