Iteration,Min,Max,Average,Std. Dev.
0,1.526,11.555,4.929,2.3690819436276693
1,1.526,11.555,4.929,2.3690819436276693
2,1.518,11.299,4.764,2.2996732389378907
3,1.509,11.201,4.372,2.144762121836289
4,1.496,11.161,3.961,1.9991812522828092
5,1.496,10.43,3.458,1.8216042784812319
6,1.496,9.68,3.029,1.6875461867241623
7,1.5,7.869,2.474,1.3459963089607243
8,1.496,6.65,2.153,1.0677918745665296
9,1.496,5.693,1.951,0.8265576000564673
