Iteration,Min,Max,Average,Std. Dev.
0,1.526,11.555,4.929,2.3690819436276693
1,1.526,11.555,4.929,2.3690819436276693
2,1.524,11.499,4.892,2.353190842042022
3,1.524,11.476,4.799,2.313366011806464
4,1.52,11.466,4.695,2.276384301774508
5,1.514,11.283,4.555,2.2289013953684456
6,1.508,11.094,4.409,2.203111890648518
7,1.503,10.63,4.2,2.1170833341726523
8,1.5,10.31,3.968,2.047582662472642
9,1.498,10.059,3.739,1.9644216302608097
