Iteration,Min,Max,Average,Std. Dev.
0,3.069,10.866,5.865,2.309745427909875
1,3.069,10.866,5.865,2.309745427909875
2,3.067,10.829,5.835,2.298464562863665
3,3.008,10.678,5.769,2.2724169411091366
4,2.945,10.631,5.698,2.2803034921270915
5,2.921,10.554,5.647,2.268671861994293
6,2.887,10.499,5.584,2.2474374723965553
7,2.875,10.409,5.495,2.2118496924649924
8,2.827,10.11,5.405,2.141912684900863
9,2.821,9.882,5.312,2.076838503108348
