Iteration,Min,Max,Average,Std. Dev.
0,1.496,13.458,4.935,2.55223862008658
1,1.496,13.458,4.935,2.55223862008658
2,1.496,13.326,4.863,2.52349769910808
3,1.496,13.269,4.739,2.4742445954108674
4,1.496,13.167,4.575,2.3872965920248728
5,1.496,13.025,4.394,2.3224761664349627
6,1.496,12.984,4.222,2.258073713527539
7,1.496,12.786,4.023,2.1650483705247483
8,1.496,12.511,3.809,2.0576333900882875
9,1.496,12.255,3.577,1.971600566051802
