Iteration,Min,Max,Average,Std. Dev.
0,1.496,13.458,4.935,2.55223862008658
1,1.496,13.458,4.935,2.55223862008658
2,1.496,12.712,4.533,2.3969822474450386
3,1.496,12.403,3.888,2.1702841685500776
4,1.496,11.877,3.133,1.8324571185447924
5,1.496,11.168,2.548,1.5691649402556758
6,1.496,10.966,2.199,1.3209104578809658
7,1.496,10.015,1.938,1.034317250466127
8,1.496,8.71,1.773,0.7914870621437446
9,1.496,7.513,1.708,0.6477254210822293
