Iteration,Min,Max,Average,Std. Dev.
0,1.496,13.458,4.935,2.55223862008658
1,1.496,13.458,4.935,2.55223862008658
2,1.496,13.167,4.777,2.4895101489829483
3,1.496,13.028,4.478,2.3750502359116292
4,1.496,12.751,4.059,2.166966096906907
5,1.496,12.345,3.587,2.0206495186674256
6,1.497,12.221,3.16,1.8566849411877053
7,1.496,11.592,2.699,1.6014950622330346
8,1.496,10.696,2.271,1.2969406102552976
9,1.496,9.844,1.944,1.0347663896944006
