Iteration,Min,Max,Average,Std. Dev.
0,1.526,11.555,4.929,2.3690819436276693
1,1.526,11.555,4.929,2.3690819436276693
2,1.52,11.356,4.8,2.31451606386604
3,1.514,11.279,4.493,2.190585774895762
4,1.499,11.249,4.167,2.076244804103715
5,1.496,10.681,3.761,1.9340132957979077
6,1.498,10.101,3.389,1.8399510087786426
7,1.496,8.701,2.894,1.5696519442261998
8,1.496,7.749,2.466,1.3595645617758971
9,1.496,7.006,2.188,1.1142730678480697
