Iteration,Min,Max,Average,Std. Dev.
0,3.069,10.866,5.865,2.309745427909875
1,3.069,10.866,5.865,2.309745427909875
2,3.047,10.453,5.53,2.206966111300725
3,2.537,8.964,4.886,1.9668367470891004
4,2.116,8.522,4.311,2.085723461200624
5,1.984,7.867,3.937,2.0078024586248535
6,1.844,7.406,3.457,1.747191002273614
7,1.817,6.648,2.867,1.4441066047679672
8,1.757,4.31,2.363,0.7812927919148408
9,1.538,2.709,1.982,0.34216742978615233
