Iteration,Min,Max,Average,Std. Dev.
0,1.526,11.555,4.929,2.3690819436276693
1,1.526,11.555,4.929,2.3690819436276693
2,1.525,11.528,4.911,2.361467878553519
3,1.525,11.517,4.865,2.3411845906171256
4,1.524,11.512,4.81,2.321748516383091
5,1.523,11.411,4.734,2.2957314215916576
6,1.518,11.307,4.652,2.2806788740587685
7,1.514,11.045,4.531,2.2308694938221016
8,1.511,10.863,4.39,2.1922339303193983
9,1.508,10.718,4.245,2.1447901568801453
