Iteration,Min,Max,Average,Std. Dev.
0,3.069,10.866,5.865,2.309745427909875
1,3.069,10.866,5.865,2.309745427909875
2,3.063,10.754,5.773,2.2770555090085263
3,2.823,10.163,5.517,2.1794734638097646
4,2.551,9.947,5.207,2.2150582654365323
5,2.439,9.509,4.958,2.141135421727904
6,2.27,9.16,4.573,1.983042738473207
7,2.212,8.495,4.006,1.7442938464727868
8,2.003,6.167,3.415,1.1310422972534406
9,1.981,4.385,2.798,0.6328796080952838
