Iteration,Min,Max,Average,Std. Dev.
0,1.526,11.555,4.929,2.3690819436276693
1,1.526,11.555,4.929,2.3690819436276693
2,1.516,11.198,4.699,2.274084226381797
3,1.507,11.087,4.256,2.1019469626108487
4,1.496,11.051,3.857,1.9563499808602822
5,1.496,10.461,3.424,1.8117481445548107
6,1.496,9.891,3.08,1.7177976178591698
7,1.507,8.613,2.659,1.4770266788537032
8,1.496,7.785,2.33,1.3016018577851727
9,1.498,7.176,2.126,1.1034676119242663
