Iteration,Min,Max,Average,Std. Dev.
0,3.069,10.866,5.865,2.309745427909875
1,3.069,10.866,5.865,2.309745427909875
2,3.06,10.69,5.721,2.2598874040435106
3,2.756,9.901,5.378,2.129663911753695
4,2.447,9.639,5.008,2.181114440107446
5,2.33,9.171,4.734,2.1087009990350856
6,2.172,8.821,4.345,1.9417283636762914
7,2.12,8.194,3.814,1.7066034096617533
8,1.952,6.098,3.29,1.1477758149526134
9,1.934,4.533,2.754,0.6920852330662383
