Iteration,Min,Max,Average,Std. Dev.
0,1.526,11.555,4.929,2.3690819436276693
1,1.526,11.555,4.929,2.3690819436276693
2,1.524,11.498,4.892,2.353078540736752
3,1.524,11.476,4.803,2.3149154382007846
4,1.52,11.468,4.707,2.280649797295869
5,1.515,11.307,4.582,2.238299721370669
6,1.509,11.144,4.454,2.2157096037416446
7,1.505,10.75,4.275,2.142368651665928
8,1.501,10.482,4.076,2.085501198337319
9,1.499,10.275,3.881,2.0179803222901116
