Iteration,Min,Max,Average,Std. Dev.
0,3.069,10.866,5.865,2.309745427909875
1,3.069,10.866,5.865,2.309745427909875
2,3.063,10.74,5.762,2.2731800026367606
3,2.81,10.11,5.488,2.169140343131194
4,2.534,9.887,5.17,2.2075410874570744
5,2.423,9.454,4.92,2.1357981216044593
6,2.261,9.116,4.546,1.980727321213256
7,2.205,8.487,4.007,1.7496033977692294
8,2.007,6.311,3.454,1.1757200569899426
9,1.986,4.653,2.878,0.6965003360734332
