Iteration,Min,Max,Average,Std. Dev.
0,1.526,11.555,4.929,2.3690819436276693
1,1.526,11.555,4.929,2.3690819436276693
2,1.517,11.251,4.733,2.28731329641604
3,1.507,11.14,4.294,2.115073695157378
4,1.496,11.098,3.85,1.957122280140211
5,1.497,10.339,3.331,1.775905711701121
6,1.496,9.571,2.907,1.639120793408372
7,1.497,7.752,2.379,1.2970859162730537
8,1.497,6.554,2.101,1.0268215032204926
9,1.498,5.609,1.922,0.8009430906325303
