Iteration,Min,Max,Average,Std. Dev.
0,3.069,10.866,5.865,2.309745427909875
1,3.069,10.866,5.865,2.309745427909875
2,3.057,10.643,5.683,2.2481069399462603
3,2.679,9.646,5.251,2.084604243088621
4,2.309,9.314,4.79,2.156217039191052
5,2.175,8.723,4.452,2.0701314288894634
6,1.999,8.276,3.965,1.8518812034298904
7,1.947,7.47,3.317,1.5698618462965863
8,1.91,4.815,2.687,0.8379547905820415
9,1.524,2.923,2.151,0.3569670580972282
