Iteration,Min,Max,Average,Std. Dev.
0,3.069,10.866,5.865,2.309745427909875
1,3.069,10.866,5.865,2.309745427909875
2,3.063,10.754,5.774,2.2770983226510606
3,2.89,10.304,5.577,2.2009347562851094
4,2.713,10.162,5.373,2.2244179178445704
5,2.646,9.931,5.23,2.1863090839958437
6,2.555,9.768,5.043,2.1141079535489173
7,2.525,9.494,4.787,2.0030413466582573
8,2.405,8.59,4.532,1.7757046925000204
9,2.391,7.904,4.263,1.5689801837309938
