Iteration,Min,Max,Average,Std. Dev.
0,3.069,10.866,5.865,2.309745427909875
1,3.069,10.866,5.865,2.309745427909875
2,3.069,10.861,5.861,2.3083068226264363
3,3.058,10.835,5.85,2.3038588171078924
4,3.044,10.825,5.834,2.3056556158355206
5,3.037,10.804,5.821,2.3023145335680413
6,3.026,10.787,5.802,2.296008391291974
7,3.022,10.756,5.77,2.284168365822422
8,3.002,10.64,5.735,2.2592685515774638
9,2.999,10.546,5.696,2.233309681410288
