Iteration,Min,Max,Average,Std. Dev.
0,1.526,11.555,4.929,2.3690819436276693
1,1.526,11.555,4.929,2.3690819436276693
2,1.512,11.044,4.601,2.237308137257371
3,1.496,10.878,3.956,1.9970230552509824
4,1.496,10.82,3.357,1.7950039670610443
5,1.497,9.847,2.761,1.5834306411804941
6,1.496,8.887,2.365,1.4181796692284536
7,1.502,6.7,1.965,1.0184083943213031
8,1.496,5.695,1.833,0.7851725291156999
9,1.497,4.255,1.737,0.5425428368753724
