Iteration,Min,Max,Average,Std. Dev.
0,3.069,10.866,5.865,2.309745427909875
1,3.069,10.866,5.865,2.309745427909875
2,3.068,10.837,5.841,2.300773271478811
3,3.027,10.729,5.794,2.2818722342461584
4,2.985,10.697,5.746,2.2873753774181727
5,2.969,10.649,5.713,2.2808156864123577
6,2.949,10.617,5.675,2.2688219181359397
7,2.942,10.566,5.624,2.249090813912319
8,2.915,10.404,5.574,2.2119167730621085
9,2.912,10.282,5.524,2.1773014265799397
