Iteration,Min,Max,Average,Std. Dev.
0,3.069,10.866,5.865,2.309745427909875
1,3.069,10.866,5.865,2.309745427909875
2,3.058,10.66,5.696,2.252206510326951
3,2.785,9.91,5.369,2.126653529208742
4,2.529,9.688,5.056,2.1728707444211808
5,2.44,9.356,4.849,2.1241980749506166
6,2.329,9.131,4.592,2.0169014946176302
7,2.294,8.768,4.261,1.8659509774230363
8,2.165,7.609,3.946,1.5626714464775269
9,2.15,6.752,3.62,1.2951761116336367
