Iteration,Min,Max,Average,Std. Dev.
0,1.496,13.458,4.935,2.55223862008658
1,1.496,13.458,4.935,2.55223862008658
2,1.496,13.197,4.793,2.4958380547325323
3,1.496,13.094,4.571,2.4094790748821726
4,1.496,12.927,4.298,2.2698039912276355
5,1.496,12.711,4.018,2.175794926482704
6,1.496,12.651,3.77,2.08585394369139
7,1.497,12.374,3.504,1.959264857530514
8,1.496,11.999,3.231,1.8137592119285104
9,1.496,11.658,2.953,1.6953774141853937
