Iteration,Min,Max,Average,Std. Dev.
0,1.526,11.555,4.929,2.3690819436276693
1,1.526,11.555,4.929,2.3690819436276693
2,1.515,11.158,4.673,2.2642592078072084
3,1.504,11.028,4.162,2.066462655116611
4,1.497,10.983,3.683,1.8962003584811868
5,1.496,10.229,3.164,1.721787033049107
6,1.5,9.488,2.771,1.5940152140021375
7,1.504,7.795,2.309,1.2732542631570578
8,1.497,6.69,2.068,1.0329169173838768
9,1.496,5.871,1.908,0.8315969397367203
