Iteration,Min,Max,Average,Std. Dev.
0,1.526,11.555,4.929,2.3690819436276693
1,1.526,11.555,4.929,2.3690819436276693
2,1.525,11.534,4.915,2.3630278727628418
3,1.525,11.524,4.876,2.3460116907671695
4,1.525,11.52,4.828,2.3291347987027913
5,1.524,11.428,4.759,2.3056676805708056
6,1.52,11.332,4.684,2.2916794457670555
7,1.516,11.085,4.571,2.2445711832091333
8,1.512,10.911,4.436,2.2075099724771188
9,1.51,10.771,4.295,2.1611818032006416
