Iteration,Min,Max,Average,Std. Dev.
0,3.069,10.866,5.865,2.309745427909875
1,3.069,10.866,5.865,2.309745427909875
2,3.068,10.833,5.838,2.299806632622325
3,2.99,10.65,5.759,2.268942183901572
4,2.894,10.58,5.653,2.280381155194972
5,2.85,10.434,5.566,2.2559910674787544
6,2.779,10.316,5.432,2.207976102954831
7,2.752,10.091,5.22,2.121165602862811
8,2.627,9.275,4.988,1.925345388349944
9,2.611,8.621,4.726,1.7375856837890358
