Iteration,Min,Max,Average,Std. Dev.
0,1.496,13.458,4.935,2.55223862008658
1,1.496,13.458,4.935,2.55223862008658
2,1.496,13.326,4.863,2.5234301027486117
3,1.496,13.259,4.719,2.466495491387315
4,1.496,13.121,4.508,2.355272644052607
5,1.496,12.911,4.253,2.26760294186235
6,1.496,12.846,3.996,2.1726188511460176
7,1.496,12.508,3.684,2.0263330828100425
8,1.496,12.02,3.339,1.8444470719513857
9,1.496,11.55,2.962,1.6955863667167064
