Iteration,Min,Max,Average,Std. Dev.
0,1.526,11.555,4.929,2.3690819436276693
1,1.526,11.555,4.929,2.3690819436276693
2,1.523,11.455,4.864,2.341227461509295
3,1.521,11.41,4.682,2.2651920777975407
4,1.508,11.389,4.463,2.1894141460945127
5,1.5,10.961,4.156,2.0841381451546264
6,1.496,10.504,3.834,2.0198062183470276
7,1.498,9.339,3.378,1.7926952625546513
8,1.499,8.517,2.925,1.5936429524564921
9,1.496,7.848,2.533,1.3767260189615265
