Iteration,Min,Max,Average,Std. Dev.
0,1.496,13.458,4.935,2.55223862008658
1,1.496,13.458,4.935,2.55223862008658
2,1.496,13.301,4.85,2.518216334949643
3,1.496,13.215,4.662,2.444343537104059
4,1.496,13.013,4.365,2.290954241270696
5,1.496,12.69,3.989,2.1683550328716374
6,1.496,12.585,3.603,2.028001285974092
7,1.496,12.013,3.137,1.7933108736289083
8,1.496,11.167,2.631,1.5103075240708062
9,1.496,10.333,2.181,1.2448742198651939
