Iteration,Min,Max,Average,Std. Dev.
0,3.069,10.866,5.865,2.309745427909875
1,3.069,10.866,5.865,2.309745427909875
2,3.066,10.807,5.817,2.2920915615820716
3,2.937,10.495,5.682,2.23985100691709
4,2.784,10.381,5.514,2.25709253582173
5,2.717,10.15,5.378,2.217208791833583
6,2.613,9.967,5.172,2.1396567539872953
7,2.575,9.625,4.857,2.00746784751576
8,2.409,8.406,4.52,1.7047228738675022
9,2.388,7.442,4.147,1.4202524239476761
