Iteration,Min,Max,Average,Std. Dev.
0,1.526,11.555,4.929,2.3690819436276693
1,1.526,11.555,4.929,2.3690819436276693
2,1.522,11.442,4.856,2.337697734368919
3,1.522,11.404,4.697,2.2709687904797358
4,1.512,11.39,4.54,2.214370727020839
5,1.506,11.147,4.349,2.1500730553747256
6,1.5,10.907,4.164,2.1179879466331335
7,1.497,10.351,3.918,2.01463654223692
8,1.496,9.981,3.668,1.9279593125399366
9,1.496,9.702,3.434,1.8337214718109867
