Iteration,Min,Max,Average,Std. Dev.
0,1.496,13.458,4.935,2.55223862008658
1,1.496,13.458,4.935,2.55223862008658
2,1.496,13.144,4.765,2.4846672440708186
3,1.496,13.001,4.458,2.367485881592736
4,1.496,12.731,4.043,2.162017816143743
5,1.496,12.346,3.59,2.0210181334656117
6,1.497,12.232,3.187,1.8669215393527048
7,1.496,11.663,2.757,1.6315152140892133
8,1.496,10.863,2.347,1.3556302134452667
9,1.496,10.111,2.017,1.106803048871593
