Iteration,Min,Max,Average,Std. Dev.
0,3.069,10.866,5.865,2.309745427909875
1,3.069,10.866,5.865,2.309745427909875
2,3.065,10.785,5.798,2.2855634313952513
3,2.899,10.376,5.621,2.2173513838064682
4,2.71,10.232,5.411,2.239394453246469
5,2.631,9.951,5.246,2.190789916426175
6,2.513,9.733,5.002,2.0956393226880703
7,2.47,9.332,4.638,1.9407522882369208
8,2.294,7.931,4.257,1.586290523447656
9,2.272,6.837,3.843,1.258013255824482
