Iteration,Min,Max,Average,Std. Dev.
0,3.069,10.866,5.865,2.309745427909875
1,3.069,10.866,5.865,2.309745427909875
2,3.066,10.801,5.812,2.290220207878294
3,2.94,10.491,5.677,2.237956650173351
4,2.8,10.385,5.521,2.254173248429167
5,2.741,10.186,5.401,2.2204782335271513
6,2.655,10.037,5.231,2.1570075998290377
7,2.624,9.769,4.98,2.051266957999017
8,2.493,8.842,4.719,1.822684601186942
9,2.476,8.119,4.434,1.609752129143884
