Iteration,Min,Max,Average,Std. Dev.
0,1.526,11.555,4.929,2.3690819436276693
1,1.526,11.555,4.929,2.3690819436276693
2,1.52,11.341,4.79,2.3105079989641535
3,1.516,11.275,4.52,2.200574855544415
4,1.503,11.253,4.271,2.1109799671358767
5,1.498,10.9,3.993,2.0172968425805675
6,1.496,10.562,3.747,1.96899027277574
7,1.497,9.804,3.438,1.8246873988537289
8,1.496,9.312,3.149,1.701575518294546
9,1.497,8.95,2.889,1.590838067836273
