Iteration,Min,Max,Average,Std. Dev.
0,1.526,11.555,4.929,2.3690819436276693
1,1.526,11.555,4.929,2.3690819436276693
2,1.519,11.33,4.783,2.3076137421493716
3,1.513,11.252,4.47,2.1816947024823596
4,1.499,11.224,4.162,2.0718669327056394
5,1.496,10.736,3.799,1.9464742182962447
6,1.496,10.252,3.475,1.8726162479085993
7,1.496,9.126,3.059,1.6537170641193255
8,1.509,8.378,2.678,1.4839815560936247
9,1.497,7.812,2.394,1.3029770635601876
