Iteration,Min,Max,Average,Std. Dev.
0,1.526,11.555,4.929,2.3690819436276693
1,1.526,11.555,4.929,2.3690819436276693
2,1.509,10.876,4.495,2.199909937657335
3,1.496,10.666,3.697,1.9286055420488504
4,1.498,10.597,2.999,1.7068936125930017
5,1.496,9.466,2.423,1.46446696145286
6,1.496,8.363,2.106,1.2785039374436662
7,1.498,5.909,1.835,0.8561387997432033
8,1.496,5.045,1.749,0.6297631052592474
9,1.496,3.431,1.65,0.37011446209964616
