Iteration,Min,Max,Average,Std. Dev.
0,1.496,13.458,4.935,2.55223862008658
1,1.496,13.458,4.935,2.55223862008658
2,1.496,13.309,4.854,2.519791585345648
3,1.496,13.221,4.665,2.4455553373943655
4,1.496,13.008,4.355,2.285887411586122
5,1.496,12.657,3.953,2.155697823143665
6,1.496,12.54,3.532,2.00259950810124
7,1.496,11.888,3.02,1.7410863550047595
8,1.496,10.914,2.477,1.4200560343287814
9,1.496,9.942,2.044,1.1196391602662161
