Iteration,Min,Max,Average,Std. Dev.
0,3.069,10.866,5.865,2.309745427909875
1,3.069,10.866,5.865,2.309745427909875
2,3.069,10.86,5.86,2.307935350068825
3,3.056,10.829,5.847,2.302620157971811
4,3.04,10.818,5.829,2.3046894872303287
5,3.032,10.794,5.814,2.301060456771504
6,3.02,10.776,5.793,2.2942486452272925
7,3.016,10.742,5.76,2.281644618244066
8,2.995,10.622,5.722,2.255486598021513
9,2.992,10.525,5.682,2.228628357369911
