Iteration,Min,Max,Average,Std. Dev.
0,1.526,11.555,4.929,2.3690819436276693
1,1.526,11.555,4.929,2.3690819436276693
2,1.525,11.527,4.91,2.3610581103842594
3,1.525,11.518,4.872,2.344319489505893
4,1.524,11.514,4.836,2.330800905590837
5,1.525,11.461,4.792,2.3157854669925158
6,1.523,11.41,4.749,2.307969959938647
7,1.521,11.293,4.693,2.285177052538347
8,1.519,11.216,4.632,2.268412450868752
9,1.518,11.16,4.572,2.2493460513711425
