Iteration,Min,Max,Average,Std. Dev.
0,1.526,11.555,4.929,2.3690819436276693
1,1.526,11.555,4.929,2.3690819436276693
2,1.524,11.51,4.9,2.356373053455668
3,1.524,11.495,4.836,2.3287409155341177
4,1.524,11.489,4.772,2.305590710776812
5,1.521,11.392,4.694,2.2790012153794184
6,1.516,11.297,4.617,2.2651436195588848
7,1.513,11.076,4.514,2.2229943768395986
8,1.51,10.929,4.399,2.19193339838325
9,1.508,10.819,4.286,2.156438618547006
