Iteration,Min,Max,Average,Std. Dev.
0,1.496,13.458,4.935,2.55223862008658
1,1.496,13.458,4.935,2.55223862008658
2,1.496,13.194,4.792,2.495311065676986
3,1.496,13.08,4.546,2.4000766070065795
4,1.496,12.875,4.223,2.236131145479017
5,1.496,12.592,3.873,2.122210203493138
6,1.496,12.51,3.554,2.0069267463540816
7,1.497,12.111,3.206,1.832200972548656
8,1.496,11.557,2.842,1.6338413265873808
9,1.496,11.042,2.489,1.4575297077539138
