Iteration,Min,Max,Average,Std. Dev.
0,1.496,13.458,4.935,2.55223862008658
1,1.496,13.458,4.935,2.55223862008658
2,1.496,13.391,4.899,2.5377328035309197
3,1.496,13.353,4.814,2.503916016689547
4,1.496,13.258,4.675,2.4294290616222844
5,1.496,13.102,4.491,2.3638680706397293
6,1.496,13.051,4.288,2.28776666207453
7,1.496,12.764,4.021,2.1628356183018913
8,1.496,12.334,3.707,2.0041616060482896
9,1.496,11.904,3.342,1.8710187598689325
