Iteration,Min,Max,Average,Std. Dev.
0,1.496,13.458,4.935,2.55223862008658
1,1.496,13.458,4.935,2.55223862008658
2,1.496,13.194,4.792,2.495178567612702
3,1.496,13.061,4.506,2.3854210051542264
4,1.496,12.783,4.09,2.1781708079977093
5,1.496,12.363,3.608,2.028536122179343
6,1.496,12.232,3.16,1.8573322934226753
7,1.496,11.55,2.67,1.5849368688810446
8,1.496,10.567,2.224,1.256088939370571
9,1.496,9.622,1.902,0.9847511100363725
