Iteration,Min,Max,Average,Std. Dev.
0,1.496,13.458,4.935,2.55223862008658
1,1.496,13.458,4.935,2.55223862008658
2,1.496,13.342,4.872,2.5270013404063585
3,1.496,13.284,4.746,2.476960309231423
4,1.496,13.163,4.561,2.378845440459052
5,1.496,12.979,4.337,2.3005506216042524
6,1.496,12.922,4.109,2.2160856579778954
7,1.496,12.627,3.831,2.086223867953781
8,1.496,12.201,3.521,1.9256713330951205
9,1.496,11.79,3.178,1.793801343185906
