Iteration,Min,Max,Average,Std. Dev.
0,3.069,10.866,5.865,2.309745427909875
1,3.069,10.866,5.865,2.309745427909875
2,3.065,10.777,5.792,2.283459878999317
3,2.884,10.332,5.599,2.209228311847643
4,2.68,10.174,5.371,2.2335733206488446
5,2.595,9.868,5.192,2.180663724942734
6,2.468,9.63,4.925,2.0757759151633546
7,2.423,9.192,4.531,1.9073858170919997
8,2.239,7.662,4.119,1.5173386984188566
9,2.216,6.471,3.675,1.158500365871072
