Iteration,Min,Max,Average,Std. Dev.
0,1.496,13.458,4.935,2.55223862008658
1,1.496,13.458,4.935,2.55223862008658
2,1.496,13.353,4.878,2.529472100167373
3,1.496,13.296,4.752,2.4794733057156764
4,1.496,13.161,4.553,2.374185999991756
5,1.496,12.946,4.298,2.286304712396274
6,1.496,12.876,4.027,2.18626629914075
7,1.496,12.497,3.685,2.025450893326626
8,1.496,11.935,3.296,1.820544270992773
9,1.496,11.381,2.864,1.652030655234258
