Iteration,Min,Max,Average,Std. Dev.
0,1.526,11.555,4.929,2.3690819436276693
1,1.526,11.555,4.929,2.3690819436276693
2,1.522,11.42,4.841,2.331489717581843
3,1.519,11.364,4.62,2.2398689700273984
4,1.505,11.341,4.373,2.153728887353319
5,1.498,10.899,4.05,2.0432077782070284
6,1.496,10.441,3.731,1.9767888819304666
7,1.497,9.316,3.297,1.7566921472343526
8,1.5,8.541,2.875,1.5708082021859742
9,1.496,7.928,2.519,1.3755941107554568
