Iteration,Min,Max,Average,Std. Dev.
0,1.496,13.458,4.935,2.55223862008658
1,1.496,13.458,4.935,2.55223862008658
2,1.496,13.416,4.912,2.543092441161941
3,1.496,13.393,4.862,2.5227385915259966
4,1.496,13.339,4.781,2.4792037275318903
5,1.496,13.253,4.678,2.4408867862298775
6,1.496,13.225,4.565,2.3971538120382014
7,1.496,13.075,4.419,2.327196272940089
8,1.496,12.852,4.246,2.2415713885967956
9,1.496,12.631,4.039,2.1720117405970227
