Iteration,Min,Max,Average,Std. Dev.
0,1.496,13.458,4.935,2.55223862008658
1,1.496,13.458,4.935,2.55223862008658
2,1.496,13.441,4.926,2.548600037786679
3,1.496,13.431,4.905,2.540026554511773
4,1.496,13.408,4.87,2.5208956024854094
5,1.496,13.369,4.823,2.5033020308741705
6,1.496,13.356,4.771,2.4824941412369386
7,1.496,13.285,4.702,2.448629344389037
8,1.496,13.178,4.617,2.406575102366729
9,1.496,13.071,4.514,2.3717898383708267
