Iteration,Min,Max,Average,Std. Dev.
0,1.496,13.458,4.935,2.55223862008658
1,1.496,13.458,4.935,2.55223862008658
2,1.496,13.128,4.757,2.481432069785368
3,1.496,12.986,4.449,2.3644366117011426
4,1.496,12.73,4.05,2.1660913987573585
5,1.497,12.375,3.624,2.0328410752618726
6,1.497,12.272,3.251,1.891870677893659
7,1.496,11.772,2.856,1.6794895794361928
8,1.496,11.078,2.466,1.4376007200924745
9,1.496,10.433,2.134,1.210311506906174
