Iteration,Min,Max,Average,Std. Dev.
0,1.496,13.458,4.935,2.55223862008658
1,1.496,13.458,4.935,2.55223862008658
2,1.496,13.063,4.721,2.467778614427774
3,1.496,12.874,4.318,2.3169004994995515
4,1.496,12.499,3.76,2.0513390635075286
5,1.496,11.947,3.168,1.865490932833471
6,1.496,11.778,2.686,1.6425911797083779
7,1.496,10.922,2.241,1.3198596584441393
8,1.496,9.704,1.93,0.9845365830417587
9,1.496,8.549,1.754,0.7611030112646793
