Iteration,Min,Max,Average,Std. Dev.
0,3.069,10.866,5.865,2.309745427909875
1,3.069,10.866,5.865,2.309745427909875
2,3.068,10.838,5.842,2.30122762215743
3,3.013,10.705,5.784,2.278539540023999
4,2.951,10.66,5.715,2.286344779303172
5,2.924,10.574,5.661,2.273014640470682
6,2.884,10.51,5.587,2.2477710049101933
7,2.87,10.396,5.477,2.2032942377105513
8,2.805,10.001,5.361,2.1107540143294528
9,2.797,9.692,5.233,2.023011715585533
