Iteration,Min,Max,Average,Std. Dev.
0,1.526,11.555,4.929,2.3690819436276693
1,1.526,11.555,4.929,2.3690819436276693
2,1.519,11.304,4.767,2.3010507340109347
3,1.51,11.213,4.402,2.156130730202336
4,1.497,11.178,4.031,2.0243157894640955
5,1.496,10.555,3.588,1.869101941635157
6,1.496,9.926,3.204,1.7621963432327907
7,1.499,8.435,2.704,1.4784723556349582
8,1.502,7.434,2.321,1.2582038833242897
9,1.497,6.666,2.085,1.0137674035465989
