Iteration,Min,Max,Average,Std. Dev.
0,1.526,11.555,4.929,2.3690819436276693
1,1.526,11.555,4.929,2.3690819436276693
2,1.522,11.427,4.846,2.333455713856199
3,1.518,11.368,4.613,2.237231346052445
4,1.503,11.341,4.333,2.1409065236953677
5,1.497,10.79,3.945,2.0063095684709022
6,1.496,10.201,3.556,1.9144106396555305
7,1.497,8.697,3.011,1.6211753078479523
8,1.497,7.638,2.522,1.3794700360174852
9,1.5,6.774,2.195,1.0937657774181675
