Iteration,Min,Max,Average,Std. Dev.
0,1.526,11.555,4.929,2.3690819436276693
1,1.526,11.555,4.929,2.3690819436276693
2,1.519,11.305,4.767,2.30120426145968
3,1.514,11.228,4.453,2.1752649597173392
4,1.5,11.202,4.165,2.071435458590506
5,1.496,10.791,3.847,1.9626383904915838
6,1.498,10.395,3.569,1.9054231897836484
7,1.496,9.508,3.226,1.733746539213524
8,1.499,8.932,2.908,1.5958394445364665
9,1.501,8.509,2.637,1.4707595632370583
