Iteration,Min,Max,Average,Std. Dev.
0,1.496,13.458,4.935,2.55223862008658
1,1.496,13.458,4.935,2.55223862008658
2,1.496,12.936,4.653,2.4416792649074877
3,1.497,12.73,4.214,2.2802096197078146
4,1.497,12.397,3.689,2.0340016283589377
5,1.496,11.962,3.194,1.8752052337994816
6,1.496,11.841,2.814,1.7038518325844603
7,1.496,11.284,2.449,1.4743550396126242
8,1.496,10.527,2.143,1.2167464350158208
9,1.496,9.841,1.896,0.9979967387169791
