Iteration,Min,Max,Average,Std. Dev.
0,1.526,11.555,4.929,2.3690819436276693
1,1.526,11.555,4.929,2.3690819436276693
2,1.525,11.527,4.91,2.361039155277197
3,1.525,11.516,4.866,2.3416721416755877
4,1.524,11.512,4.818,2.324348196121662
5,1.524,11.431,4.755,2.302830771977066
6,1.52,11.35,4.69,2.290890493605969
7,1.517,11.154,4.598,2.2532625167552776
8,1.514,11.02,4.494,2.2246999072752214
9,1.512,10.917,4.388,2.190763265464189
