Iteration,Min,Max,Average,Std. Dev.
0,1.496,13.458,4.935,2.55223862008658
1,1.496,13.458,4.935,2.55223862008658
2,1.496,13.04,4.709,2.4630673766502107
3,1.497,12.875,4.356,2.330281876984233
4,1.496,12.609,3.929,2.1223172719306955
5,1.497,12.262,3.505,1.990555934395383
6,1.496,12.165,3.157,1.854673006878883
7,1.496,11.72,2.804,1.6608219812146108
8,1.496,11.116,2.464,1.4454442143104143
9,1.496,10.568,2.171,1.242297906125728
