Iteration,Min,Max,Average,Std. Dev.
0,3.069,10.866,5.865,2.309745427909875
1,3.069,10.866,5.865,2.309745427909875
2,3.068,10.843,5.846,2.302598222361243
3,3.033,10.753,5.807,2.286862799229511
4,2.997,10.725,5.765,2.291673565643222
5,2.983,10.682,5.735,2.2856936768559537
6,2.964,10.653,5.701,2.2746705583058446
7,2.957,10.605,5.653,2.2561675355134954
8,2.931,10.45,5.605,2.2207658231568645
9,2.928,10.331,5.556,2.1874626813413967
