Iteration,Min,Max,Average,Std. Dev.
0,1.496,13.458,4.935,2.55223862008658
1,1.496,13.458,4.935,2.55223862008658
2,1.496,13.418,4.913,2.54360150064289
3,1.496,13.397,4.868,2.525327454294103
4,1.496,13.352,4.799,2.4875960821690857
5,1.496,13.281,4.712,2.455089152540747
6,1.496,13.258,4.619,2.418864291292067
7,1.496,13.139,4.502,2.3622231598005925
8,1.496,12.965,4.364,2.2939137121302413
9,1.496,12.795,4.202,2.2392180312179835
