Iteration,Min,Max,Average,Std. Dev.
0,1.526,11.555,4.929,2.3690819436276693
1,1.526,11.555,4.929,2.3690819436276693
2,1.522,11.42,4.841,2.331525792758486
3,1.517,11.358,4.595,2.230356134513767
4,1.502,11.329,4.301,2.128998250199864
5,1.497,10.747,3.894,1.9870051056256444
6,1.498,10.124,3.49,1.8871948619032821
7,1.497,8.536,2.925,1.5791648762800359
8,1.496,7.417,2.442,1.3237923144469792
9,1.497,6.505,2.134,1.0259668998317375
