Iteration,Min,Max,Average,Std. Dev.
0,3.069,10.866,5.865,2.309745427909875
1,3.069,10.866,5.865,2.309745427909875
2,3.066,10.801,5.811,2.2901753043414006
3,2.912,10.434,5.652,2.2291198426740064
4,2.728,10.295,5.45,2.2497658533881015
5,2.647,10.003,5.282,2.1986524143658
6,2.517,9.766,5.017,2.0967657591522064
7,2.469,9.311,4.608,1.9254084181508602
8,2.265,7.67,4.167,1.5113236929620146
9,2.24,6.372,3.682,1.1258037594485333
