Iteration,Min,Max,Average,Std. Dev.
0,3.069,10.866,5.865,2.309745427909875
1,3.069,10.866,5.865,2.309745427909875
2,3.06,10.689,5.72,2.2596085607518193
3,2.734,9.851,5.357,2.121947994101424
4,2.398,9.564,4.952,2.1790409130043944
5,2.27,9.03,4.644,2.0972153153903923
6,2.093,8.619,4.193,1.9015982495487627
7,2.037,7.864,3.573,1.6345416187608164
8,1.902,5.322,2.948,0.9499880464470704
9,1.777,3.456,2.356,0.4643650413303761
