Iteration,Min,Max,Average,Std. Dev.
0,1.526,11.555,4.929,2.3690819436276693
1,1.526,11.555,4.929,2.3690819436276693
2,1.524,11.498,4.892,2.3530409327620716
3,1.524,11.472,4.787,2.308547959838352
4,1.517,11.46,4.661,2.2643494044296744
5,1.511,11.216,4.481,2.203088169393572
6,1.504,10.957,4.285,2.1686181656768895
7,1.499,10.295,3.996,2.046422935919877
8,1.496,9.828,3.68,1.9372853875603233
9,1.496,9.45,3.37,1.8063607879292733
