Iteration,Min,Max,Average,Std. Dev.
0,1.526,11.555,4.929,2.3690819436276693
1,1.526,11.555,4.929,2.3690819436276693
2,1.525,11.537,4.917,2.3639977345426493
3,1.525,11.53,4.886,2.3504101699237223
4,1.525,11.526,4.85,2.3373980782146293
5,1.526,11.459,4.799,2.319952328005191
6,1.523,11.39,4.744,2.3096846954858865
7,1.52,11.216,4.663,2.2761058604340607
8,1.517,11.094,4.567,2.2498336632533107
9,1.515,10.998,4.468,2.217462330286008
