Iteration,Min,Max,Average,Std. Dev.
0,1.526,11.555,4.929,2.3690819436276693
1,1.526,11.555,4.929,2.3690819436276693
2,1.519,11.328,4.782,2.3070529335295737
3,1.511,11.24,4.433,2.167478185137703
4,1.497,11.205,4.063,2.037510833165143
5,1.496,10.556,3.608,1.8767589675831478
6,1.496,9.891,3.205,1.7621627797523283
7,1.501,8.285,2.672,1.456644420199754
8,1.497,7.196,2.285,1.211419623377438
9,1.497,6.348,2.047,0.9533651749528411
