Iteration,Min,Max,Average,Std. Dev.
0,3.069,10.866,5.865,2.309745427909875
1,3.069,10.866,5.865,2.309745427909875
2,3.057,10.643,5.683,2.2480533136318916
3,2.724,9.745,5.292,2.0995310547292614
4,2.405,9.463,4.899,2.1597581423942387
5,2.292,9.004,4.625,2.0923200502073978
6,2.146,8.674,4.257,1.9309578630235866
7,2.101,8.111,3.775,1.7109482133540417
8,1.95,6.281,3.313,1.2219174475594783
9,1.934,4.929,2.845,0.8078386585699061
