Iteration,Min,Max,Average,Std. Dev.
0,3.069,10.866,5.865,2.309745427909875
1,3.069,10.866,5.865,2.309745427909875
2,3.069,10.851,5.853,2.305217540616685
3,3.043,10.788,5.826,2.2942918151685565
4,3.015,10.768,5.794,2.2979366202724045
5,3.004,10.733,5.771,2.2928983826825493
6,2.988,10.708,5.742,2.2835443749668074
7,2.982,10.665,5.699,2.2672705988227366
8,2.958,10.523,5.655,2.2352243593042322
9,2.955,10.412,5.61,2.204312369172591
