Iteration,Min,Max,Average,Std. Dev.
0,3.069,10.866,5.865,2.309745427909875
1,3.069,10.866,5.865,2.309745427909875
2,3.065,10.792,5.804,2.287581696760771
3,2.948,10.491,5.673,2.2361786401657446
4,2.827,10.397,5.535,2.2509066685319676
5,2.78,10.242,5.437,2.225620498907482
6,2.715,10.133,5.312,2.1800291639296074
7,2.693,9.952,5.138,2.1069554604695346
8,2.605,9.352,4.964,1.9606525200434501
9,2.594,8.894,4.78,1.8265931259370103
