Iteration,Min,Max,Average,Std. Dev.
0,1.496,13.458,4.935,2.55223862008658
1,1.496,13.458,4.935,2.55223862008658
2,1.496,13.3,4.85,2.5180095168673526
3,1.496,13.208,4.65,2.4398461360685983
4,1.496,12.984,4.323,2.2721674703361714
5,1.496,12.613,3.901,2.1364480570072075
6,1.496,12.489,3.461,1.9763222245494105
7,1.496,11.801,2.933,1.702286540681525
8,1.496,10.772,2.389,1.363766237267553
9,1.496,9.745,1.985,1.0551231764168039
