Iteration,Min,Max,Average,Std. Dev.
0,1.496,13.458,4.935,2.55223862008658
1,1.496,13.458,4.935,2.55223862008658
2,1.496,13.374,4.89,2.533998641032559
3,1.496,13.328,4.789,2.4937613393808515
4,1.496,13.221,4.629,2.408576053537478
5,1.496,13.049,4.424,2.3361660739366017
6,1.496,12.993,4.203,2.254189069844205
7,1.496,12.69,3.922,2.1224680001765774
8,1.496,12.242,3.597,1.9560999115340358
9,1.496,11.799,3.226,1.8179924327432477
