Iteration,Min,Max,Average,Std. Dev.
0,3.069,10.866,5.865,2.309745427909875
1,3.069,10.866,5.865,2.309745427909875
2,3.064,10.76,5.778,2.278686174900707
3,2.835,10.199,5.535,2.1860850276935677
4,2.576,9.995,5.241,2.2191207781182447
5,2.468,9.58,5.004,2.148425104880899
6,2.305,9.25,4.639,1.9995461469515263
7,2.248,8.622,4.099,1.7712763585999116
8,2.037,6.416,3.533,1.19372874450136
9,2.013,4.719,2.937,0.7060314129079154
