Iteration,Min,Max,Average,Std. Dev.
0,1.496,13.458,4.935,2.55223862008658
1,1.496,13.458,4.935,2.55223862008658
2,1.496,13.317,4.859,2.521575864521483
3,1.496,13.235,4.68,2.451287678551293
4,1.496,13.033,4.387,2.299726692549801
5,1.496,12.702,4.005,2.1752562721504103
6,1.496,12.592,3.604,2.0291969655370226
7,1.496,11.976,3.11,1.7801456792262977
8,1.496,11.057,2.574,1.476019051703174
9,1.496,10.139,2.116,1.1892699944756389
