Iteration,Min,Max,Average,Std. Dev.
0,1.496,13.458,4.935,2.55223862008658
1,1.496,13.458,4.935,2.55223862008658
2,1.496,13.227,4.81,2.502187924415839
3,1.496,13.111,4.559,2.4052487431963967
4,1.496,12.868,4.194,2.2204415198331753
5,1.496,12.5,3.764,2.0842029966150815
6,1.496,12.385,3.353,1.93302847511782
7,1.496,11.79,2.89,1.6888814058470945
8,1.496,10.931,2.424,1.3986073647161248
9,1.496,10.105,2.049,1.1300539084916086
