Iteration,Min,Max,Average,Std. Dev.
0,1.496,13.458,4.935,2.55223862008658
1,1.496,13.458,4.935,2.55223862008658
2,1.496,13.405,4.906,2.540759843284983
3,1.496,13.381,4.854,2.5198506958418867
4,1.496,13.337,4.783,2.481121797019035
5,1.496,13.273,4.702,2.4502713485616843
6,1.496,13.254,4.621,2.4185143565710474
7,1.496,13.161,4.525,2.3720388656534483
8,1.496,13.029,4.418,2.3185110824104744
9,1.496,12.905,4.297,2.27732099256613
