Iteration,Min,Max,Average,Std. Dev.
0,3.069,10.866,5.865,2.309745427909875
1,3.069,10.866,5.865,2.309745427909875
2,3.068,10.843,5.846,2.302564616154343
3,3.015,10.718,5.792,2.281420513859152
4,2.952,10.672,5.722,2.2893173385301653
5,2.923,10.579,5.664,2.274432537045273
6,2.878,10.506,5.581,2.2455470204856636
7,2.861,10.371,5.451,2.193059320946062
8,2.782,9.886,5.31,2.07944423875105
9,2.772,9.5,5.151,1.9702318743261944
