Iteration,Min,Max,Average,Std. Dev.
0,1.526,11.555,4.929,2.3690819436276693
1,1.526,11.555,4.929,2.3690819436276693
2,1.521,11.397,4.827,2.3255074805116753
3,1.519,11.343,4.606,2.2342335116383074
4,1.506,11.323,4.387,2.1559848707274627
5,1.5,10.982,4.124,2.0673910641091506
6,1.496,10.646,3.877,2.020105356438266
7,1.496,9.863,3.554,1.8716720560567637
8,1.496,9.342,3.241,1.740284343208092
9,1.496,8.949,2.953,1.6150226257510063
