Iteration,Min,Max,Average,Std. Dev.
0,3.069,10.866,5.865,2.309745427909875
1,3.069,10.866,5.865,2.309745427909875
2,3.065,10.777,5.792,2.2834846304429783
3,2.858,10.279,5.577,2.2012645399077484
4,2.616,10.092,5.306,2.23001912091586
5,2.511,9.696,5.082,2.161151503763772
6,2.349,9.374,4.725,2.018504774727013
7,2.291,8.749,4.185,1.7932992003985622
8,2.066,6.519,3.609,1.2138079706973153
9,2.04,4.785,2.995,0.7184280984032547
