Iteration,Min,Max,Average,Std. Dev.
0,3.069,10.866,5.865,2.309745427909875
1,3.069,10.866,5.865,2.309745427909875
2,3.065,10.787,5.8,2.2861419882035725
3,2.88,10.341,5.607,2.2123521016471606
4,2.66,10.173,5.363,2.2376131153301877
5,2.564,9.818,5.161,2.1755895547932202
6,2.414,9.531,4.842,2.049407918196553
7,2.36,8.974,4.353,1.8448203019646867
8,2.139,6.98,3.829,1.3323463765303765
9,2.112,5.416,3.265,0.8725686956486668
