Iteration,Min,Max,Average,Std. Dev.
0,1.496,13.458,4.935,2.55223862008658
1,1.496,13.458,4.935,2.55223862008658
2,1.496,13.039,4.709,2.462862496678461
3,1.496,12.849,4.302,2.3110283373463085
4,1.497,12.489,3.759,2.052804059139919
5,1.496,11.975,3.197,1.8759414401165397
6,1.496,11.822,2.743,1.6699468091230072
7,1.496,11.061,2.31,1.376632665988257
8,1.496,9.992,1.991,1.0548100935276095
9,1.496,8.99,1.775,0.8274461628304716
