Iteration,Min,Max,Average,Std. Dev.
0,3.069,10.866,5.865,2.309745427909875
1,3.069,10.866,5.865,2.309745427909875
2,3.06,10.698,5.728,2.262021059198535
3,2.75,9.905,5.383,2.1313693227242867
4,2.428,9.632,4.998,2.1842134502443193
5,2.304,9.126,4.706,2.1054944484387255
6,2.133,8.737,4.278,1.9214154997291935
7,2.077,8.024,3.685,1.6647444286060533
8,1.917,5.616,3.091,1.0191737730924468
9,1.906,3.828,2.502,0.5392008101612098
