Iteration,Min,Max,Average,Std. Dev.
0,3.069,10.866,5.865,2.309745427909875
1,3.069,10.866,5.865,2.309745427909875
2,3.063,10.754,5.773,2.2770250811728094
3,2.852,10.224,5.543,2.188774047515687
4,2.623,10.042,5.281,2.218667993268038
5,2.531,9.703,5.082,2.161393740086995
6,2.398,9.446,4.794,2.0450801634563818
7,2.352,8.98,4.378,1.8651856142547336
8,2.171,7.381,3.953,1.4524832683284274
9,2.15,6.151,3.499,1.0785988046121826
