Iteration,Min,Max,Average,Std. Dev.
0,1.526,11.555,4.929,2.3690819436276693
1,1.526,11.555,4.929,2.3690819436276693
2,1.52,11.374,4.812,2.319376821128089
3,1.514,11.301,4.518,2.2001303459573913
4,1.5,11.27,4.193,2.087085858117574
5,1.496,10.679,3.776,1.9404348627608863
6,1.498,10.066,3.385,1.8396631759143582
7,1.496,8.557,2.857,1.5490423941023346
8,1.496,7.52,2.416,1.3175830994745377
9,1.497,6.7,2.137,1.0490154412088941
