Iteration,Min,Max,Average,Std. Dev.
0,1.496,13.458,4.935,2.55223862008658
1,1.496,13.458,4.935,2.55223862008658
2,1.496,13.327,4.864,2.523699547660186
3,1.496,13.267,4.735,2.472448678322265
4,1.496,13.155,4.558,2.3788586066298265
5,1.496,12.995,4.357,2.307669381702673
6,1.496,12.948,4.161,2.2348981540866406
7,1.496,12.713,3.931,2.1276205873254788
8,1.496,12.383,3.681,2.0003013761592277
9,1.496,12.072,3.408,1.8968901320952725
