Iteration,Min,Max,Average,Std. Dev.
0,3.069,10.866,5.865,2.309745427909875
1,3.069,10.866,5.865,2.309745427909875
2,3.066,10.799,5.81,2.2898180449060415
3,2.929,10.465,5.665,2.233725458093566
4,2.772,10.347,5.492,2.2516233442855835
5,2.706,10.117,5.355,2.2120166172424423
6,2.605,9.939,5.155,2.135931794072562
7,2.568,9.613,4.853,2.0087086217013304
8,2.413,8.468,4.536,1.7239936535704563
9,2.393,7.571,4.188,1.4580687185083503
