Iteration,Min,Max,Average,Std. Dev.
0,3.069,10.866,5.865,2.309745427909875
1,3.069,10.866,5.865,2.309745427909875
2,3.058,10.655,5.692,2.250992175389468
3,2.698,9.71,5.282,2.0957622107250726
4,2.342,9.395,4.844,2.162204848635357
5,2.212,8.835,4.521,2.079467458211805
6,2.039,8.412,4.058,1.8740986722769168
7,1.986,7.651,3.438,1.603346478165567
8,1.892,5.135,2.824,0.9204936279291877
9,1.693,3.312,2.264,0.43459353989953253
