Iteration,Min,Max,Average,Std. Dev.
0,1.526,11.555,4.929,2.3690819436276693
1,1.526,11.555,4.929,2.3690819436276693
2,1.519,11.328,4.782,2.3071935901116856
3,1.514,11.254,4.482,2.186176557180773
4,1.5,11.229,4.197,2.083935280118734
5,1.496,10.8,3.87,1.9720681639956774
6,1.498,10.382,3.579,1.910873553587526
7,1.496,9.428,3.213,1.7252878685002746
8,1.5,8.8,2.871,1.5761008056687429
9,1.503,8.333,2.582,1.436104059903311
