Iteration,Min,Max,Average,Std. Dev.
0,3.069,10.866,5.865,2.309745427909875
1,3.069,10.866,5.865,2.309745427909875
2,3.067,10.822,5.829,2.2963497157477377
3,2.992,10.633,5.747,2.2639011465144976
4,2.91,10.572,5.655,2.2737879877961444
5,2.878,10.467,5.588,2.257314440603785
6,2.831,10.392,5.501,2.227170289192293
7,2.815,10.264,5.377,2.1764662605268676
8,2.747,9.834,5.25,2.0742608980079424
9,2.739,9.502,5.115,1.979227516014757
