Iteration,Min,Max,Average,Std. Dev.
0,1.526,11.555,4.929,2.3690819436276693
1,1.526,11.555,4.929,2.3690819436276693
2,1.525,11.533,4.914,2.3626866262041766
3,1.525,11.524,4.877,2.3464677920962242
4,1.525,11.52,4.835,2.331460796070929
5,1.525,11.446,4.778,2.3120910365460428
6,1.522,11.371,4.719,2.301016738018851
7,1.519,11.186,4.633,2.265469953465487
8,1.516,11.059,4.533,2.2380758100542213
9,1.514,10.96,4.43,2.2049215081139124
