Iteration,Min,Max,Average,Std. Dev.
0,1.526,11.555,4.929,2.3690819436276693
1,1.526,11.555,4.929,2.3690819436276693
2,1.52,11.375,4.812,2.3194906103522155
3,1.517,11.313,4.56,2.2163857054269918
4,1.503,11.29,4.311,2.1275554891952204
5,1.498,10.9,4.014,2.0267161245899246
6,1.496,10.515,3.738,1.9712875515353452
7,1.497,9.618,3.383,1.7981348795372674
8,1.497,9.022,3.042,1.6508112034002704
9,1.499,8.571,2.738,1.5126266612907802
