Iteration,Min,Max,Average,Std. Dev.
0,1.496,13.458,4.935,2.55223862008658
1,1.496,13.458,4.935,2.55223862008658
2,1.496,13.27,4.833,2.5115049107414125
3,1.496,13.166,4.608,2.423672125528719
4,1.496,12.924,4.253,2.2429849968093785
5,1.496,12.536,3.809,2.1021659084199635
6,1.496,12.41,3.364,1.9387205193879886
7,1.496,11.721,2.845,1.6640741087901711
8,1.496,10.705,2.331,1.3270680546441087
9,1.496,9.703,1.955,1.0287517823942434
