Iteration,Min,Max,Average,Std. Dev.
0,1.526,11.555,4.929,2.3690819436276693
1,1.526,11.555,4.929,2.3690819436276693
2,1.523,11.474,4.877,2.346460747458082
3,1.523,11.44,4.737,2.287361214193897
4,1.513,11.424,4.574,2.2304667829660407
5,1.506,11.123,4.351,2.154635705143878
6,1.499,10.807,4.116,2.1126774779567437
7,1.496,10.016,3.78,1.9645509299658506
8,1.496,9.464,3.432,1.8276912441813977
9,1.497,9.023,3.096,1.6788472452413794
