Iteration,Min,Max,Average,Std. Dev.
0,1.526,11.555,4.929,2.3690819436276693
1,1.526,11.555,4.929,2.3690819436276693
2,1.518,11.285,4.754,2.295946430130602
3,1.51,11.191,4.381,2.1481441913845547
4,1.497,11.158,4.015,2.016984059703759
5,1.496,10.571,3.591,1.8698170824816829
6,1.496,9.988,3.229,1.7731736414134562
7,1.497,8.632,2.765,1.514854020841034
8,1.496,7.731,2.387,1.3209453783336187
9,1.496,7.05,2.149,1.0972331191961515
