Iteration,Min,Max,Average,Std. Dev.
0,1.496,13.458,4.935,2.55223862008658
1,1.496,13.458,4.935,2.55223862008658
2,1.496,13.17,4.779,2.490175642151227
3,1.496,13.039,4.497,2.381996671296857
4,1.496,12.792,4.115,2.191015061757061
5,1.496,12.439,3.695,2.05831062386016
6,1.497,12.334,3.313,1.9166218239454633
7,1.496,11.813,2.9,1.6972875517721553
8,1.496,11.081,2.484,1.444781380580758
9,1.496,10.392,2.132,1.207093502102296
