Iteration,Min,Max,Average,Std. Dev.
0,1.496,13.458,4.935,2.55223862008658
1,1.496,13.458,4.935,2.55223862008658
2,1.496,13.227,4.81,2.502304455523841
3,1.496,13.127,4.594,2.4182568451326
4,1.496,12.948,4.31,2.2725777939781997
5,1.496,12.7,4.001,2.1696780577694152
6,1.496,12.628,3.715,2.0660359496836636
7,1.497,12.28,3.398,1.9115822227869532
8,1.496,11.796,3.063,1.7325088167652807
9,1.496,11.346,2.721,1.5827709243339962
