Iteration,Min,Max,Average,Std. Dev.
0,1.496,13.458,4.935,2.55223862008658
1,1.496,13.458,4.935,2.55223862008658
2,1.496,13.274,4.835,2.5123422012255747
3,1.496,13.177,4.625,2.4304056709894124
4,1.496,12.963,4.307,2.267004294234153
5,1.496,12.631,3.918,2.140855792773893
6,1.496,12.525,3.529,1.999601897462181
7,1.496,11.961,3.072,1.7674301714510934
8,1.496,11.138,2.587,1.4902061144923284
9,1.496,10.337,2.162,1.229925218653389
