Iteration,Min,Max,Average,Std. Dev.
0,3.069,10.866,5.865,2.309745427909875
1,3.069,10.866,5.865,2.309745427909875
2,3.064,10.763,5.781,2.2796138558435404
3,2.869,10.277,5.57,2.1984954830810666
4,2.657,10.111,5.329,2.225213571879438
5,2.571,9.8,5.146,2.1722506060474647
6,2.447,9.564,4.881,2.0668452693951105
7,2.403,9.138,4.497,1.901328963126281
8,2.229,7.674,4.103,1.5265888551394406
9,2.208,6.544,3.68,1.183752246728885
