Iteration,Min,Max,Average,Std. Dev.
0,1.496,13.458,4.935,2.55223862008658
1,1.496,13.458,4.935,2.55223862008658
2,1.496,13.366,4.885,2.5321581291654733
3,1.496,13.317,4.78,2.4901185374594137
4,1.496,13.211,4.618,2.4043409773046394
5,1.496,13.044,4.418,2.3333147285022573
6,1.496,12.992,4.207,2.2549651134413438
7,1.496,12.712,3.944,2.1316670406989138
8,1.496,12.304,3.644,1.9785132102812009
9,1.496,11.905,3.304,1.8518584020270221
