Iteration,Min,Max,Average,Std. Dev.
0,1.526,11.555,4.929,2.3690819436276693
1,1.526,11.555,4.929,2.3690819436276693
2,1.518,11.269,4.744,2.292032263154367
3,1.511,11.181,4.386,2.1505930486963023
4,1.498,11.152,4.061,2.032216210245314
5,1.496,10.681,3.703,1.9098191436848995
6,1.497,10.228,3.399,1.8417465111893112
7,1.496,9.211,3.024,1.6458256690031035
8,1.507,8.551,2.686,1.497108474225823
9,1.5,8.065,2.429,1.3471351432855019
