Iteration,Min,Max,Average,Std. Dev.
0,1.496,13.458,4.935,2.55223862008658
1,1.496,13.458,4.935,2.55223862008658
2,1.496,12.964,4.668,2.4473710860045075
3,1.496,12.75,4.212,2.279516097271925
4,1.497,12.365,3.629,2.0081949234284937
5,1.496,11.832,3.06,1.8235140099366054
6,1.496,11.677,2.627,1.6107437800327715
7,1.496,10.925,2.238,1.3234177542411052
8,1.496,9.88,1.958,1.021428153786292
9,1.496,8.912,1.758,0.8105841071418597
