Iteration,Min,Max,Average,Std. Dev.
0,3.069,10.866,5.865,2.309745427909875
1,3.069,10.866,5.865,2.309745427909875
2,3.061,10.713,5.74,2.2660172338439564
3,2.795,10.03,5.443,2.1526076480002714
4,2.52,9.802,5.119,2.1946423560288677
5,2.415,9.396,4.879,2.1296240564940554
6,2.269,9.093,4.541,1.9878723969192253
7,2.221,8.554,4.072,1.7805277480747255
8,2.044,6.741,3.604,1.3026209870189582
9,2.024,5.37,3.113,0.8863079682905753
