Iteration,Min,Max,Average,Std. Dev.
0,1.496,13.458,4.935,2.55223862008658
1,1.496,13.458,4.935,2.55223862008658
2,1.496,13.449,4.93,2.550418359835916
3,1.496,13.444,4.92,2.5461222840268816
4,1.496,13.433,4.902,2.536516216866773
5,1.496,13.413,4.879,2.527624085643675
6,1.496,13.407,4.853,2.5170672938072243
7,1.496,13.371,4.818,2.4999122343832005
8,1.496,13.318,4.775,2.4786162920705563
9,1.496,13.265,4.723,2.4608456990828156
