Iteration,Min,Max,Average,Std. Dev.
0,3.069,10.866,5.865,2.309745427909875
1,3.069,10.866,5.865,2.309745427909875
2,3.039,10.306,5.412,2.1819962127484422
3,2.383,8.295,4.552,1.866328806540059
4,1.888,7.699,3.842,2.0269519292436544
5,1.632,6.816,3.415,1.9159337778622336
6,1.512,6.174,2.821,1.4892987831608129
7,1.52,5.128,2.165,1.064169477794896
8,1.506,2.168,1.863,0.2722124976289798
9,1.498,2.306,1.85,0.2494067197629704
