Iteration,Min,Max,Average,Std. Dev.
0,1.496,13.458,4.935,2.55223862008658
1,1.496,13.458,4.935,2.55223862008658
2,1.496,13.095,4.739,2.4745468149060446
3,1.496,12.938,4.402,2.3469740135309864
4,1.496,12.657,3.964,2.1324872924746496
5,1.497,12.267,3.503,1.9895959154792768
6,1.496,12.153,3.109,1.83505111117514
7,1.496,11.603,2.699,1.6061997802616859
8,1.496,10.838,2.318,1.3398168679009599
9,1.496,10.128,2.008,1.1022041396922986
