Iteration,Min,Max,Average,Std. Dev.
0,3.069,10.866,5.865,2.309745427909875
1,3.069,10.866,5.865,2.309745427909875
2,3.062,10.733,5.756,2.271171652994045
3,2.796,10.066,5.466,2.161211803717047
4,2.506,9.83,5.13,2.202916356987561
5,2.39,9.371,4.866,2.127980438427354
6,2.222,9.013,4.471,1.9626535819289783
7,2.165,8.345,3.904,1.72027603363507
8,1.973,6.04,3.325,1.1089780433864136
9,1.953,4.296,2.729,0.6211960402738843
