Iteration,Min,Max,Average,Std. Dev.
0,1.496,13.458,4.935,2.55223862008658
1,1.496,13.458,4.935,2.55223862008658
2,1.496,13.4,4.903,2.539538798057614
3,1.496,13.366,4.829,2.5098781443889076
4,1.496,13.283,4.707,2.4443999415429056
5,1.496,13.147,4.546,2.386330822676495
6,1.496,13.102,4.367,2.3188203499409465
7,1.496,12.851,4.132,2.2080751142797634
8,1.496,12.475,3.852,2.069045179514817
9,1.496,12.099,3.524,1.9517332809834993
