Iteration,Min,Max,Average,Std. Dev.
0,3.069,10.866,5.865,2.309745427909875
1,3.069,10.866,5.865,2.309745427909875
2,3.064,10.772,5.788,2.282102922818886
3,2.927,10.413,5.632,2.220722884353369
4,2.789,10.304,5.473,2.238363645365277
5,2.738,10.132,5.363,2.2105300992610277
6,2.669,10.014,5.228,2.160151557215868
7,2.646,9.821,5.043,2.081848975252808
8,2.556,9.194,4.861,1.927561211531423
9,2.545,8.721,4.671,1.7872911927698696
