Iteration,Min,Max,Average,Std. Dev.
0,3.069,10.866,5.865,2.309745427909875
1,3.069,10.866,5.865,2.309745427909875
2,3.066,10.807,5.817,2.292132204825148
3,2.96,10.543,5.702,2.247285512824596
4,2.844,10.456,5.573,2.2608898978130245
5,2.797,10.299,5.476,2.2348208973547465
6,2.728,10.183,5.343,2.1866860181857017
7,2.704,9.981,5.151,2.106400006253199
8,2.601,9.291,4.953,1.9388307454575218
9,2.588,8.757,4.738,1.7833823441046677
