Iteration,Min,Max,Average,Std. Dev.
0,3.069,10.866,5.865,2.309745427909875
1,3.069,10.866,5.865,2.309745427909875
2,3.068,10.844,5.847,2.302961164902357
3,3.022,10.732,5.799,2.2839801006812213
4,2.967,10.693,5.738,2.290870011455903
5,2.943,10.616,5.689,2.278767931281663
6,2.906,10.556,5.621,2.2555761983838223
7,2.892,10.449,5.518,2.2138724851194325
8,2.83,10.071,5.406,2.1257740819262327
9,2.822,9.771,5.283,2.041334469975421
