Iteration,Min,Max,Average,Std. Dev.
0,3.069,10.866,5.865,2.309745427909875
1,3.069,10.866,5.865,2.309745427909875
2,3.058,10.661,5.698,2.2526434176802232
3,2.751,9.838,5.339,2.115995681375758
4,2.453,9.579,4.977,2.169349366105805
5,2.346,9.158,4.723,2.1061474241972022
6,2.207,8.856,4.385,1.960348958743251
7,2.163,8.343,3.938,1.7568685334394298
8,2.008,6.667,3.507,1.3116782484071268
9,1.991,5.422,3.06,0.9266807268278435
