Iteration,Min,Max,Average,Std. Dev.
0,1.496,13.458,4.935,2.55223862008658
1,1.496,13.458,4.935,2.55223862008658
2,1.496,13.25,4.822,2.5071537051882915
3,1.496,13.151,4.607,2.4235093359623376
4,1.496,12.953,4.305,2.268132094514141
5,1.496,12.663,3.955,2.15341525961253
6,1.496,12.575,3.619,2.031667099836218
7,1.496,12.128,3.235,1.8401103152604983
8,1.496,11.49,2.823,1.616775682265744
9,1.496,10.883,2.424,1.4170636841391795
