Iteration,Min,Max,Average,Std. Dev.
0,1.526,11.555,4.929,2.3690819436276693
1,1.526,11.555,4.929,2.3690819436276693
2,1.525,11.548,4.924,2.3670587712004942
3,1.525,11.545,4.911,2.3613423049984865
4,1.525,11.543,4.895,2.3556749371587995
5,1.526,11.513,4.872,2.347773900680119
6,1.525,11.481,4.847,2.3429142265236758
7,1.525,11.399,4.809,2.326893654044991
8,1.524,11.341,4.763,2.3139821108278285
9,1.525,11.295,4.714,2.297673771678304
