Iteration,Min,Max,Average,Std. Dev.
0,1.526,11.555,4.929,2.3690819436276693
1,1.526,11.555,4.929,2.3690819436276693
2,1.524,11.504,4.896,2.3547316761716126
3,1.524,11.48,4.797,2.3127034207611676
4,1.518,11.468,4.673,2.269533480323375
5,1.511,11.217,4.491,2.2073561588626824
6,1.504,10.947,4.288,2.171526774750723
7,1.499,10.246,3.982,2.0418058357861675
8,1.496,9.744,3.647,1.9237356055573678
9,1.496,9.332,3.314,1.7808173065597168
