Iteration,Min,Max,Average,Std. Dev.
0,3.069,10.866,5.865,2.309745427909875
1,3.069,10.866,5.865,2.309745427909875
2,3.045,10.421,5.504,2.2010001864823643
3,2.469,8.734,4.778,1.9313072868757417
4,2.01,8.22,4.127,2.0691801267584946
5,1.816,7.421,3.692,1.9838670592601624
6,1.762,6.838,3.117,1.6314006397579377
7,1.649,5.856,2.473,1.2359491886406089
8,1.602,2.901,2.037,0.4303455834655987
9,1.509,2.572,1.96,0.31764109170530397
