Iteration,Min,Max,Average,Std. Dev.
0,3.069,10.866,5.865,2.309745427909875
1,3.069,10.866,5.865,2.309745427909875
2,3.066,10.807,5.817,2.2919690857602495
3,2.944,10.51,5.688,2.241980983668652
4,2.804,10.405,5.532,2.258007607558325
5,2.744,10.2,5.41,2.22304614887511
6,2.652,10.042,5.231,2.15626313970348
7,2.619,9.752,4.962,2.043127058203049
8,2.476,8.736,4.677,1.7925516143564488
9,2.458,7.938,4.364,1.557768127635689
