Iteration,Min,Max,Average,Std. Dev.
0,1.526,11.555,4.929,2.3690819436276693
1,1.526,11.555,4.929,2.3690819436276693
2,1.524,11.499,4.892,2.353153495179086
3,1.524,11.471,4.783,2.306604991439225
4,1.516,11.458,4.645,2.2587865260179165
5,1.509,11.18,4.443,2.189906777777271
6,1.502,10.879,4.219,2.1502970511248454
7,1.498,10.099,3.884,2.005205256413884
8,1.496,9.541,3.523,1.8698786057246202
9,1.496,9.082,3.167,1.712279502823259
