Iteration,Min,Max,Average,Std. Dev.
0,1.526,11.555,4.929,2.3690819436276693
1,1.526,11.555,4.929,2.3690819436276693
2,1.516,11.194,4.696,2.2732420443479766
3,1.505,11.07,4.206,2.082393070889467
4,1.496,11.025,3.731,1.9131794319952644
5,1.496,10.24,3.197,1.7300206890676053
6,1.499,9.457,2.782,1.5927635617960834
7,1.503,7.636,2.29,1.248974449473493
8,1.497,6.46,2.047,0.9909482503881664
9,1.499,5.532,1.885,0.775667549884694
