Iteration,Min,Max,Average,Std. Dev.
0,1.496,13.458,4.935,2.55223862008658
1,1.496,13.458,4.935,2.55223862008658
2,1.496,13.333,4.867,2.5249593512444584
3,1.496,13.263,4.716,2.46531997920359
4,1.496,13.102,4.477,2.3404185090556457
5,1.496,12.844,4.173,2.238080677019035
6,1.496,12.76,3.855,2.1211646208784822
7,1.496,12.303,3.458,1.9297002125186207
8,1.496,11.629,3.013,1.6922752261289047
9,1.496,10.962,2.545,1.4903364205605232
