Iteration,Min,Max,Average,Std. Dev.
0,1.526,11.555,4.929,2.3690819436276693
1,1.526,11.555,4.929,2.3690819436276693
2,1.523,11.477,4.878,2.3471108542551415
3,1.523,11.441,4.735,2.2866546615521792
4,1.512,11.424,4.562,2.226513172238772
5,1.505,11.088,4.317,2.1431257390232408
6,1.498,10.731,4.055,2.095299678112959
7,1.496,9.818,3.676,1.9228163026339058
8,1.496,9.174,3.285,1.7614536364427105
9,1.496,8.651,2.909,1.588098678543928
