Iteration,Min,Max,Average,Std. Dev.
0,3.069,10.866,5.865,2.309745427909875
1,3.069,10.866,5.865,2.309745427909875
2,3.056,10.615,5.66,2.24134028908117
3,2.66,9.551,5.199,2.0669031481933966
4,2.286,9.207,4.726,2.1440277428375163
5,2.154,8.622,4.389,2.06062210542309
6,1.986,8.188,3.915,1.845482402834434
7,1.937,7.423,3.298,1.5700264138291975
8,1.893,4.939,2.696,0.8903863863165018
9,1.62,3.165,2.173,0.40293685480249536
