Iteration,Min,Max,Average,Std. Dev.
0,3.069,10.866,5.865,2.309745427909875
1,3.069,10.866,5.865,2.309745427909875
2,3.057,10.644,5.684,2.2484399224934033
3,2.705,9.705,5.276,2.0936659726005584
4,2.362,9.401,4.853,2.1585602913957183
5,2.239,8.884,4.55,2.0825464753305742
6,2.079,8.503,4.13,1.89599474648166
7,2.029,7.834,3.573,1.646810265914437
8,1.894,5.642,3.038,1.0555627468081479
9,1.885,4.034,2.506,0.5987736897977216
