Iteration,Min,Max,Average,Std. Dev.
0,3.069,10.866,5.865,2.309745427909875
1,3.069,10.866,5.865,2.309745427909875
2,3.064,10.773,5.789,2.2822899967173713
3,2.919,10.397,5.625,2.2184479389771687
4,2.769,10.279,5.454,2.2372670661343816
5,2.712,10.087,5.334,2.205377833297484
6,2.634,9.95,5.178,2.14672959746629
7,2.608,9.723,4.962,2.054678642528712
8,2.502,8.971,4.747,1.8684171973802468
9,2.489,8.399,4.52,1.6984453218814684
