Iteration,Min,Max,Average,Std. Dev.
0,1.496,13.458,4.935,2.55223862008658
1,1.496,13.458,4.935,2.55223862008658
2,1.496,13.229,4.811,2.502721472635695
3,1.496,13.12,4.575,2.411231582353358
4,1.496,12.903,4.243,2.2421224511529227
5,1.496,12.584,3.862,2.1188071546719685
6,1.496,12.487,3.499,1.9871427033517561
7,1.496,11.994,3.09,1.7788919888872734
8,1.496,11.292,2.66,1.5367793530658742
9,1.496,10.624,2.268,1.3111892760348003
