Iteration,Min,Max,Average,Std. Dev.
0,3.069,10.866,5.865,2.309745427909875
1,3.069,10.866,5.865,2.309745427909875
2,3.063,10.755,5.774,2.277244346145758
3,2.839,10.199,5.533,2.1850807177161187
4,2.591,10.002,5.25,2.2173419850213367
5,2.49,9.619,5.029,2.1525441396231404
6,2.341,9.322,4.697,2.0177957398701167
7,2.289,8.769,4.215,1.8106437998851892
8,2.09,6.852,3.716,1.31124309158504
9,2.066,5.376,3.185,0.8706874336412157
