Iteration,Min,Max,Average,Std. Dev.
0,3.069,10.866,5.865,2.309745427909875
1,3.069,10.866,5.865,2.309745427909875
2,3.068,10.848,5.851,2.3043449363660264
3,3.029,10.755,5.81,2.2884572164426507
4,2.981,10.721,5.757,2.294510202541833
5,2.959,10.651,5.714,2.283473555598736
6,2.925,10.596,5.651,2.2621268767340816
7,2.912,10.495,5.553,2.223004017111791
8,2.851,10.132,5.446,2.139127233373065
9,2.844,9.842,5.326,2.0577887520599063
