Iteration,Min,Max,Average,Std. Dev.
0,0.111,31.675,6.754,6.808124995885279
1,0.111,31.675,6.754,6.808124995885279
2,0.112,31.611,6.733,6.796611263347799
3,0.112,31.407,6.685,6.763489812250127
4,0.112,31.177,6.605,6.706152963984358
5,0.112,30.524,6.48,6.603799505167715
6,0.108,30.233,6.331,6.501495087188586
7,0.098,29.219,6.155,6.343544238467714
8,0.083,27.585,5.971,6.164079550794246
9,0.07,27.431,5.742,5.984804529198317
