Iteration,Min,Max,Average,Std. Dev.
0,1.639,19.734,9.093,6.119611718451688
1,1.639,19.734,9.093,6.119611718451688
2,1.429,19.689,8.45,5.80202487356014
3,0.878,18.938,7.394,5.455556291496801
4,0.761,18.669,6.696,4.887813031604823
5,0.732,17.38,6.194,4.3877466257475675
6,0.668,12.394,5.317,2.9604306699667564
7,1.216,5.45,4.268,1.1532868772815794
8,2.179,4.848,3.576,0.8548297339218364
9,1.342,3.722,2.53,0.8566940282227506
