Iteration,Min,Max,Average,Std. Dev.
0,0.215,23.524,6.084,5.103618277713391
1,0.215,23.524,6.084,5.103618277713391
2,0.205,22.637,5.84,4.866586414301164
3,0.172,19.822,5.397,4.436887609825853
4,0.11,19.783,4.994,4.278491313339481
5,0.02,17.192,4.415,3.7940179792427964
6,0.015,15.274,3.789,3.2770294424904987
7,-0.048,14.685,3.151,3.099604553138694
8,-0.12,13.84,2.654,2.9687641381361836
9,-0.123,13.146,2.135,2.7306063331521337
