Iteration,Min,Max,Average,Std. Dev.
0,0.215,23.524,6.084,5.103618277713391
1,0.215,23.524,6.084,5.103618277713391
2,0.213,23.357,6.035,5.055432932385139
3,0.213,22.754,5.916,4.934486564788089
4,0.208,22.745,5.778,4.873194319328438
5,0.165,21.928,5.552,4.669552651585773
6,0.165,21.296,5.275,4.410084705370699
7,0.146,21.073,4.905,4.206725528698803
8,0.084,20.709,4.54,4.1067813137178595
9,0.018,19.773,4.17,3.9553717646450877
