Iteration,Min,Max,Average,Std. Dev.
0,1.639,19.734,9.093,6.119611718451688
1,1.639,19.734,9.093,6.119611718451688
2,1.621,19.73,9.023,6.082017847684978
3,1.563,19.593,8.832,5.960614673409034
4,1.54,19.509,8.546,5.7471920147230415
5,1.53,19.183,8.348,5.564995966623101
6,1.493,18.888,8.075,5.351393472188831
7,1.355,18.575,7.736,5.137196356924761
8,1.213,18.465,7.452,5.0626747790858255
9,0.922,18.379,7.234,5.092686022722327
