Iteration,Min,Max,Average,Std. Dev.
0,0.111,31.675,6.754,6.808124995885279
1,0.111,31.675,6.754,6.808124995885279
2,0.115,31.025,6.547,6.692100517907677
3,0.108,29.523,6.204,6.458916442640225
4,0.096,28.168,5.763,6.14423084137075
5,0.077,25.959,5.224,5.7125812122543085
6,0.065,25.087,4.707,5.366550276433292
7,0.042,22.346,4.215,4.909713460913216
8,0.019,20.441,3.75,4.471210369673266
9,-0.009,20.064,3.28,4.166107966985405
