Iteration,Min,Max,Average,Std. Dev.
0,0.215,23.524,6.084,5.103618277713391
1,0.215,23.524,6.084,5.103618277713391
2,0.21,23.081,5.957,4.979700443364923
3,0.21,21.364,5.655,4.679438878105815
4,0.152,21.337,5.313,4.539452800703785
5,0.075,18.818,4.75,4.056318507695699
6,0.068,16.823,4.072,3.5109139236384967
7,-0.028,16.115,3.31,3.30272573560722
8,-0.115,14.977,2.683,3.138123293773747
9,-0.123,14.059,1.977,2.810390119340825
