Iteration,Min,Max,Average,Std. Dev.
0,0.215,23.524,6.084,5.103618277713391
1,0.215,23.524,6.084,5.103618277713391
2,0.203,22.391,5.778,4.807981710041851
3,0.146,18.877,5.255,4.308376010206791
4,0.078,18.829,4.8,4.133531533550494
5,-0.013,16.661,4.159,3.6029344689109086
6,-0.018,13.819,3.482,3.0271636474179964
7,-0.1,13.204,2.828,2.8352011230789005
8,-0.115,12.347,2.341,2.68689468739698
9,-0.123,11.311,1.83,2.450054600578363
