Iteration,Min,Max,Average,Std. Dev.
0,1.639,19.734,9.093,6.119611718451688
1,1.639,19.734,9.093,6.119611718451688
2,1.562,19.716,8.823,5.97808769464316
3,1.363,19.384,8.307,5.7219361445711145
4,1.296,19.23,7.753,5.424990385953639
5,1.276,18.8,7.453,5.15956375693227
6,1.213,18.463,7.102,4.906808705435148
7,1.014,17.993,6.73,4.6804532598551125
8,0.854,17.732,6.493,4.603111621649776
9,0.674,17.496,6.317,4.57393485063486
