Iteration,Min,Max,Average,Std. Dev.
0,1.639,19.734,9.093,6.119611718451688
1,1.639,19.734,9.093,6.119611718451688
2,1.535,19.71,8.74,5.936803282933421
3,1.25,19.264,8.062,5.64015942572497
4,1.154,19.069,7.399,5.289283392668783
5,1.126,18.55,7.039,4.958983942541466
6,1.032,17.972,6.602,4.640973957479828
7,0.775,16.535,6.121,4.183354441170517
8,0.66,15.55,5.86,3.907411353863561
9,1.008,14.661,5.703,3.6193801925181313
