Iteration,Min,Max,Average,Std. Dev.
0,0.111,31.675,6.754,6.808124995885279
1,0.111,31.675,6.754,6.808124995885279
2,0.115,29.996,6.23,6.512482613023292
3,0.082,27.758,5.286,5.846690932758976
4,0.057,24.01,4.033,4.9724612697500215
5,-0.066,19.091,2.883,4.086750920996444
6,-0.121,18.109,2.023,3.4780886137875964
7,-0.119,16.719,1.374,2.8032463169568724
8,-0.121,16.661,1.027,2.443779275066794
9,-0.122,13.847,0.686,1.7886991973680517
