Iteration,Min,Max,Average,Std. Dev.
0,0.111,31.675,6.754,6.808124995885279
1,0.111,31.675,6.754,6.808124995885279
2,0.117,30.496,6.382,6.599207079236759
3,0.09,28.17,5.639,6.069802550456033
4,0.067,24.876,4.543,5.292354046705344
5,0.002,20.139,3.353,4.371426895433
6,-0.11,18.28,2.387,3.7265002244100023
7,-0.1,16.955,1.569,2.994338485178627
8,-0.107,16.901,1.145,2.5834002275587142
9,-0.116,14.071,0.778,1.89173209440009
