Iteration,Min,Max,Average,Std. Dev.
0,0.215,23.524,6.084,5.103618277713391
1,0.215,23.524,6.084,5.103618277713391
2,0.209,22.939,5.919,4.942468844508958
3,0.202,20.602,5.527,4.559190446534219
4,0.122,20.563,5.089,4.385901183316199
5,0.022,17.079,4.362,3.7717967547971734
6,0.015,14.391,3.489,3.049257670045965
7,-0.121,13.465,2.588,2.7825131411563393
8,-0.122,12.017,1.886,2.5611300360039273
9,-0.114,9.972,1.204,2.153394226764947
