Iteration,Min,Max,Average,Std. Dev.
0,0.215,23.524,6.084,5.103618277713391
1,0.215,23.524,6.084,5.103618277713391
2,0.193,21.925,5.667,4.704057191646092
3,0.098,18.007,4.968,4.061078613851361
4,0.016,17.437,4.367,3.83537971520463
5,-0.076,14.419,3.491,3.1071473553888245
6,-0.08,10.008,2.595,2.321049469808479
7,-0.124,9.298,1.86,2.055522249060617
8,-0.117,8.356,1.334,1.925338212157766
9,-0.113,6.556,0.883,1.617617240427333
