Iteration,Min,Max,Average,Std. Dev.
0,1.639,19.734,9.093,6.119611718451688
1,1.639,19.734,9.093,6.119611718451688
2,1.417,19.687,8.422,5.789652884073352
3,0.868,18.948,7.379,5.450289775423075
4,0.758,18.688,6.709,4.9008999276778615
5,0.732,17.577,6.244,4.449749150415232
6,0.673,13.507,5.475,3.267667082364943
7,1.082,6.148,4.503,1.3822788454392927
8,2.056,4.936,3.957,0.826314412101887
9,2.256,4.441,3.227,0.6977521509746529
