Iteration,Min,Max,Average,Std. Dev.
0,1.639,19.734,9.093,6.119611718451688
1,1.639,19.734,9.093,6.119611718451688
2,1.399,19.683,8.378,5.770998488733615
3,0.795,18.84,7.243,5.3959384966613815
4,0.719,18.541,6.507,4.785369915628362
5,0.705,16.188,5.842,4.035359127485474
6,0.73,7.733,4.593,1.757140920773698
7,1.394,4.804,3.648,1.0879317611392354
8,1.44,3.951,2.769,0.7210618488911316
9,0.067,2.659,1.362,0.8798119425115758
