Iteration,Min,Max,Average,Std. Dev.
0,0.111,31.675,6.754,6.808124995885279
1,0.111,31.675,6.754,6.808124995885279
2,0.112,31.548,6.713,6.785194402119968
3,0.113,31.25,6.641,6.737879459065534
4,0.113,30.981,6.548,6.671862609413887
5,0.111,30.358,6.426,6.573364763831793
6,0.107,30.108,6.298,6.486872432065349
7,0.1,29.371,6.166,6.370943090837219
8,0.09,28.282,6.041,6.249736021051906
9,0.082,28.187,5.897,6.136127272926224
