Iteration,Min,Max,Average,Std. Dev.
0,0.215,23.524,6.084,5.103618277713391
1,0.215,23.524,6.084,5.103618277713391
2,0.195,21.969,5.677,4.713383358092901
3,0.097,17.926,4.926,4.027268583485623
4,0.005,17.224,4.226,3.766096555601568
5,-0.095,12.647,3.141,2.8415485022880627
6,-0.124,8.083,2.047,1.9859813842737504
7,-0.122,7.302,1.267,1.6986246483669183
8,-0.124,6.348,0.793,1.4931576337294894
9,-0.122,4.885,0.532,1.139257240624925
