Iteration,Min,Max,Average,Std. Dev.
0,0.111,31.675,6.754,6.808124995885279
1,0.111,31.675,6.754,6.808124995885279
2,0.115,31.111,6.574,6.707309933977505
3,0.106,29.419,6.193,6.440894561304378
4,0.091,27.562,5.6,6.010639721751448
5,0.067,24.218,4.788,5.351387961806208
6,0.051,22.708,3.976,4.795599733257327
7,-0.071,19.942,3.14,4.041424134904758
8,-0.094,18.01,2.382,3.547941464340725
9,-0.123,17.182,1.748,3.235374411866916
