Iteration,Min,Max,Average,Std. Dev.
0,0.111,31.675,6.754,6.808124995885279
1,0.111,31.675,6.754,6.808124995885279
2,0.11,28.844,5.818,6.2771190146551055
3,0.06,26.575,4.339,5.278129883041998
4,-0.071,21.36,2.806,4.152805423489811
5,-0.116,18.04,1.822,3.3296623642873717
6,-0.092,17.523,1.322,2.826767087655899
7,-0.116,14.873,0.875,2.2630830919139022
8,-0.122,14.751,0.594,1.8211873375103005
9,-0.122,9.761,0.319,1.1387118071728832
