Iteration,Min,Max,Average,Std. Dev.
0,0.215,23.524,6.084,5.103618277713391
1,0.215,23.524,6.084,5.103618277713391
2,0.206,22.693,5.854,4.880392571358831
3,0.173,19.605,5.369,4.4130542690932515
4,0.098,19.557,4.873,4.221640552445298
5,-0.014,16.432,4.087,3.563999851201809
6,-0.02,12.965,3.188,2.7968567221340668
7,-0.11,12.074,2.326,2.520743413240112
8,-0.121,10.757,1.674,2.323936826657555
9,-0.109,8.165,1.078,1.9435238327618876
