Iteration,Min,Max,Average,Std. Dev.
0,1.639,19.734,9.093,6.119611718451688
1,1.639,19.734,9.093,6.119611718451688
2,1.257,19.657,8.065,5.646858311239066
3,0.758,18.723,6.968,5.197185957172192
4,0.942,18.401,6.195,4.704044468077963
5,0.994,15.314,5.429,3.810040889275662
6,1.204,6.427,4.171,1.3858849846968124
7,1.335,4.704,3.38,0.963514179641493
8,1.283,3.823,2.728,0.8281468680948098
9,0.127,2.882,1.464,0.9764776747667495
