Iteration,Min,Max,Average,Std. Dev.
0,0.111,31.675,6.754,6.808124995885279
1,0.111,31.675,6.754,6.808124995885279
2,0.116,30.012,6.235,6.515314010295273
3,0.086,27.951,5.384,5.921736142777417
4,0.063,24.9,4.314,5.18175093868563
5,-0.023,20.84,3.304,4.405021417037157
6,-0.06,19.128,2.529,3.8596162029022714
7,-0.065,17.438,1.842,3.226008084381447
8,-0.119,17.41,1.398,2.883295367253624
9,-0.113,16.263,1.1,2.50719053049846
