Iteration,Min,Max,Average,Std. Dev.
0,0.215,23.524,6.084,5.103618277713391
1,0.215,23.524,6.084,5.103618277713391
2,0.215,23.471,6.068,5.088274053536761
3,0.215,23.307,6.034,5.053041512982913
4,0.213,23.305,5.997,5.035777764122354
5,0.203,23.127,5.94,4.98313240436834
6,0.203,23.0,5.871,4.911811753775928
7,0.199,22.958,5.78,4.8395308777315265
8,0.184,22.894,5.69,4.790297753415945
9,0.183,22.737,5.589,4.731277481526132
