Iteration,Min,Max,Average,Std. Dev.
0,0.215,23.524,6.084,5.103618277713391
1,0.215,23.524,6.084,5.103618277713391
2,0.206,22.689,5.853,4.879367021768904
3,0.18,20.195,5.453,4.4883375428189245
4,0.125,20.162,5.102,4.348124535532101
5,0.045,18.036,4.617,3.938710409113528
6,0.04,16.545,4.102,3.517393556216082
7,0.028,16.08,3.562,3.363391129983029
8,-0.036,15.42,3.119,3.2840721722921002
9,-0.107,15.005,2.69,3.092020106538765
