Iteration,Min,Max,Average,Std. Dev.
0,0.215,23.524,6.084,5.103618277713391
1,0.215,23.524,6.084,5.103618277713391
2,0.212,23.255,6.006,5.027015545666236
3,0.212,22.41,5.845,4.863683909940113
4,0.203,22.398,5.681,4.791578977154622
5,0.16,21.502,5.436,4.572900760454034
6,0.16,20.841,5.154,4.3140811986338985
7,0.141,20.621,4.8,4.127734700439739
8,0.086,20.284,4.465,4.041649063552007
9,0.022,19.461,4.137,3.9094588344041146
