Iteration,Min,Max,Average,Std. Dev.
0,0.111,31.675,6.754,6.808124995885279
1,0.111,31.675,6.754,6.808124995885279
2,0.114,31.158,6.588,6.715642557018074
3,0.105,29.427,6.2,6.441708938870895
4,0.09,27.372,5.548,5.96588587422148
5,0.065,23.468,4.615,5.205906030148151
6,0.047,21.661,3.673,4.564392456867747
7,-0.118,19.308,2.681,3.7284924126844072
8,-0.106,17.721,1.885,3.2792103357462783
9,-0.122,16.293,1.334,2.7313159266145175
