Iteration,Min,Max,Average,Std. Dev.
0,1.639,19.734,9.093,6.119611718451688
1,1.639,19.734,9.093,6.119611718451688
2,1.633,19.733,9.069,6.106925202834484
3,1.615,19.686,9.004,6.062853710197588
4,1.608,19.655,8.904,5.978146484380878
5,1.605,19.525,8.832,5.908759130749974
6,1.593,19.382,8.729,5.820217853054173
7,1.552,19.205,8.596,5.7194645568467095
8,1.51,19.135,8.472,5.667247234740707
9,1.414,19.084,8.368,5.6758460405312
