Iteration,Min,Max,Average,Std. Dev.
0,0.111,31.675,6.754,6.808124995885279
1,0.111,31.675,6.754,6.808124995885279
2,0.113,31.483,6.692,6.773546387973807
3,0.113,30.858,6.546,6.6731663630956595
4,0.11,30.143,6.304,6.4980418970832785
5,0.095,28.046,5.931,6.186966467205533
6,0.083,27.084,5.488,5.882947491735033
7,0.057,23.711,4.987,5.43357107415742
8,0.026,21.789,4.463,4.9320560485655465
9,0.01,21.358,3.864,4.534843811272398
