Iteration,Min,Max,Average,Std. Dev.
0,0.215,23.524,6.084,5.103618277713391
1,0.215,23.524,6.084,5.103618277713391
2,0.201,22.156,5.721,4.754441880236072
3,0.119,18.123,5.077,4.153775607162538
4,0.037,17.618,4.498,3.936414580209238
5,-0.062,15.012,3.638,3.2212764532816784
6,-0.067,10.714,2.732,2.426133023027895
7,-0.122,9.946,1.96,2.1523439416897716
8,-0.119,8.901,1.402,2.0072893423294
9,-0.112,6.857,0.921,1.6797127329530792
