Iteration,Min,Max,Average,Std. Dev.
0,1.639,19.734,9.093,6.119611718451688
1,1.639,19.734,9.093,6.119611718451688
2,1.476,19.698,8.572,5.85692023265458
3,1.0,19.021,7.596,5.515178860968795
4,0.862,18.759,6.858,4.982747251551076
5,0.822,17.752,6.386,4.518231152109571
6,0.703,13.982,5.613,3.4058592792752784
7,0.906,6.369,4.602,1.50898814345843
8,1.889,5.265,4.028,0.9253850485499181
9,2.308,4.696,3.277,0.76063628016774
