Iteration,Min,Max,Average,Std. Dev.
0,0.215,23.524,6.084,5.103618277713391
1,0.215,23.524,6.084,5.103618277713391
2,0.214,23.419,6.053,5.073067412463251
3,0.214,23.132,5.995,5.01288024642589
4,0.212,23.128,5.939,4.986986102221505
5,0.198,22.887,5.861,4.915648241426235
6,0.198,22.722,5.773,4.8252638728838555
7,0.193,22.67,5.662,4.738888689008167
8,0.177,22.595,5.56,4.685074579537022
9,0.175,22.42,5.45,4.623334020352923
