Iteration,Min,Max,Average,Std. Dev.
0,1.639,19.734,9.093,6.119611718451688
1,1.639,19.734,9.093,6.119611718451688
2,1.266,19.659,8.084,5.653889712798128
3,0.761,18.698,6.961,5.190495741738933
4,0.965,18.346,6.143,4.688046296383612
5,1.025,14.424,5.258,3.5618589029701493
6,1.28,4.979,3.88,1.09167536800162
7,1.424,4.292,2.976,0.8989147924994575
8,0.942,2.782,2.115,0.6446258217757321
9,0.048,2.369,0.892,0.7989186995201335
