Iteration,Min,Max,Average,Std. Dev.
0,0.111,31.675,6.754,6.808124995885279
1,0.111,31.675,6.754,6.808124995885279
2,0.113,31.473,6.689,6.771759138997216
3,0.113,31.042,6.585,6.703967206539925
4,0.113,30.679,6.46,6.615699932363696
5,0.108,29.889,6.306,6.491658901706256
6,0.103,29.582,6.151,6.3877124455485195
7,0.095,28.726,5.999,6.256148931978939
8,0.085,27.491,5.86,6.121036039547972
9,0.076,27.385,5.707,6.000327374355069
