Iteration,Min,Max,Average,Std. Dev.
0,1.639,19.734,9.093,6.119611718451688
1,1.639,19.734,9.093,6.119611718451688
2,1.446,19.692,8.494,5.8215872914843025
3,0.963,19.044,7.542,5.501144511778917
4,0.842,18.808,6.888,5.019654825415578
5,0.811,18.09,6.498,4.642351164669645
6,0.725,16.123,5.95,4.017508424538696
7,0.732,11.453,5.252,2.6992161544066744
8,1.134,8.963,4.888,1.9777834010579995
9,2.849,7.23,4.714,1.2558079361380432
