Iteration,Min,Max,Average,Std. Dev.
0,1.639,19.734,9.093,6.119611718451688
1,1.639,19.734,9.093,6.119611718451688
2,1.289,19.663,8.132,5.6719016668198075
3,0.748,18.692,6.98,5.211011557151577
4,0.926,18.324,6.144,4.6801009432365515
5,0.985,13.82,5.178,3.3872708645128227
6,1.263,4.992,3.74,1.0602009859472539
7,1.518,4.214,2.799,0.8146447238468625
8,0.825,2.561,1.804,0.5913516030875992
9,0.038,2.075,0.727,0.6285858308356458
