Iteration,Min,Max,Average,Std. Dev.
0,0.215,23.524,6.084,5.103618277713391
1,0.215,23.524,6.084,5.103618277713391
2,0.213,23.312,6.022,5.042777561896163
3,0.213,22.718,5.906,4.9242268161414975
4,0.209,22.71,5.797,4.874712883376824
5,0.181,22.198,5.643,4.736192932747539
6,0.181,21.837,5.472,4.568747953397649
7,0.171,21.724,5.259,4.424764237084545
8,0.139,21.558,5.061,4.34476398022892
9,0.109,21.167,4.86,4.249536929148658
