Iteration,Min,Max,Average,Std. Dev.
0,1.639,19.734,9.093,6.119611718451688
1,1.639,19.734,9.093,6.119611718451688
2,1.541,19.712,8.757,5.945283950179234
3,1.2,19.148,7.95,5.605380355737757
4,1.068,18.889,7.124,5.123938389116829
5,1.021,18.034,6.625,4.656052381331367
6,0.845,15.086,5.857,3.7261137187921856
7,0.729,7.6,4.824,1.8244785245798787
8,1.611,6.007,4.305,1.1106828214135893
9,2.67,5.399,3.721,0.8163801831779468
