Iteration,Min,Max,Average,Std. Dev.
0,0.111,31.675,6.754,6.808124995885279
1,0.111,31.675,6.754,6.808124995885279
2,0.116,30.216,6.297,6.550539940660659
3,0.092,28.225,5.579,6.053048418752442
4,0.071,25.782,4.693,5.439225563022896
5,0.051,22.48,3.802,4.757303683102956
6,-0.085,21.018,3.099,4.266469194537829
7,-0.113,17.851,2.432,3.6731128139435443
8,-0.082,17.833,1.913,3.2868667527344644
9,-0.12,17.213,1.538,3.0433927271228143
