Iteration,Min,Max,Average,Std. Dev.
0,0.215,23.524,6.084,5.103618277713391
1,0.215,23.524,6.084,5.103618277713391
2,0.2,22.083,5.704,4.738279954543512
3,0.113,18.118,5.062,4.140553213677345
4,0.035,17.63,4.509,3.9321050176738983
5,-0.058,15.305,3.71,3.2722762387280926
6,-0.063,11.206,2.881,2.538567638444502
7,-0.107,10.506,2.156,2.29054330727459
8,-0.123,9.558,1.636,2.1431884684731215
9,-0.119,7.641,1.13,1.8566873061226354
