Iteration,Min,Max,Average,Std. Dev.
0,0.111,31.675,6.754,6.808124995885279
1,0.111,31.675,6.754,6.808124995885279
2,0.106,28.571,5.511,6.103888071786541
3,0.045,25.752,3.726,4.921569184841291
4,-0.11,19.775,2.217,3.7117114933413826
5,-0.12,17.714,1.446,2.9994860650542363
6,-0.12,17.033,1.14,2.58658678965212
7,-0.123,13.332,0.716,1.9957399491613863
8,-0.114,12.979,0.453,1.4416625740609594
9,-0.122,6.991,0.227,0.7874461590147875
