Iteration,Min,Max,Average,Std. Dev.
0,0.111,31.675,6.754,6.808124995885279
1,0.111,31.675,6.754,6.808124995885279
2,0.115,31.022,6.546,6.691545352882304
3,0.102,28.935,6.082,6.3638070122466806
4,0.085,26.535,5.333,5.819573661362409
5,0.061,22.738,4.324,5.009132612237643
6,-0.013,20.85,3.366,4.361290761115645
7,-0.113,18.488,2.382,3.559791451054441
8,-0.123,17.586,1.671,3.1344211191532216
9,-0.119,15.992,1.206,2.546227045225431
