Iteration,Min,Max,Average,Std. Dev.
0,1.639,19.734,9.093,6.119611718451688
1,1.639,19.734,9.093,6.119611718451688
2,1.62,19.729,9.019,6.080023991933852
3,1.572,19.626,8.863,5.97928790182939
4,1.555,19.57,8.659,5.824352568857821
5,1.55,19.371,8.537,5.710197851245821
6,1.532,19.178,8.386,5.580032882231261
7,1.474,18.972,8.211,5.451744477979387
8,1.417,18.899,8.066,5.397647243845723
9,1.299,18.851,7.952,5.408480432680603
