Iteration,Min,Max,Average,Std. Dev.
0,1.639,19.734,9.093,6.119611718451688
1,1.639,19.734,9.093,6.119611718451688
2,1.531,19.709,8.728,5.9310603373340065
3,1.175,19.139,7.904,5.5934646342969785
4,1.043,18.885,7.103,5.12006896681613
5,0.999,18.073,6.626,4.6702050293122
6,0.838,15.465,5.912,3.8349273379203614
7,0.705,8.692,4.954,2.0532648167813314
8,1.41,6.296,4.481,1.260132924031397
9,3.557,5.798,4.086,0.7016924689246848
