Iteration,Min,Max,Average,Std. Dev.
0,0.215,23.524,6.084,5.103618277713391
1,0.215,23.524,6.084,5.103618277713391
2,0.086,19.72,5.219,4.302611027689538
3,-0.052,16.259,4.003,3.346311617877733
4,-0.116,13.317,2.986,2.8953023525007024
5,-0.121,7.417,1.712,1.8941830683620995
6,-0.119,6.988,0.987,1.5757473407848905
7,-0.107,6.231,0.578,1.2646296978997833
8,-0.115,5.67,0.47,1.1713379704696862
9,-0.121,4.803,0.388,1.036406316984567
