Iteration,Min,Max,Average,Std. Dev.
0,0.215,23.524,6.084,5.103618277713391
1,0.215,23.524,6.084,5.103618277713391
2,0.213,23.312,6.022,5.042920447794731
3,0.213,22.801,5.922,4.93982334784045
4,0.21,22.795,5.838,4.9011241801714425
5,0.191,22.463,5.731,4.804492226200464
6,0.191,22.242,5.618,4.690929142953971
7,0.185,22.177,5.485,4.590027429496156
8,0.167,22.088,5.367,4.533402306296894
9,0.159,21.889,5.248,4.470414297670687
