Iteration,Min,Max,Average,Std. Dev.
0,0.215,23.524,6.084,5.103618277713391
1,0.215,23.524,6.084,5.103618277713391
2,0.213,23.356,6.035,5.055319294697688
3,0.213,22.936,5.951,4.969157046634199
4,0.211,22.931,5.878,4.935277552913583
5,0.194,22.633,5.781,4.8479215700489915
6,0.194,22.433,5.678,4.742523517019385
7,0.188,22.373,5.553,4.646340538523244
8,0.171,22.289,5.44,4.590323186047795
9,0.166,22.099,5.324,4.527518934901257
