Iteration,Min,Max,Average,Std. Dev.
0,0.111,31.675,6.754,6.808124995885279
1,0.111,31.675,6.754,6.808124995885279
2,0.117,30.43,6.362,6.587770217876112
3,0.096,28.432,5.746,6.161884190531734
4,0.077,26.333,4.98,5.626674757137376
5,0.056,23.445,4.164,4.999382639827016
6,-0.018,22.131,3.494,4.535366960395951
7,-0.074,18.494,2.858,3.956860747683035
8,-0.115,18.036,2.319,3.5407171102487416
9,-0.078,17.54,1.872,3.3135308388985063
