Iteration,Min,Max,Average,Std. Dev.
0,1.639,19.734,9.093,6.119611718451688
1,1.639,19.734,9.093,6.119611718451688
2,1.384,19.681,8.343,5.755976478800289
3,0.815,18.918,7.286,5.4143373443371665
4,0.731,18.661,6.645,4.868262852891067
5,0.714,17.517,6.181,4.4276411445723864
6,0.688,13.433,5.424,3.242445753598489
7,1.173,6.298,4.488,1.362441921147691
8,2.122,4.939,3.985,0.7861750437825737
9,2.481,4.414,3.352,0.6274591059066316
