Iteration,Min,Max,Average,Std. Dev.
0,1.639,19.734,9.093,6.119611718451688
1,1.639,19.734,9.093,6.119611718451688
2,1.615,19.728,9.001,6.070140030638689
3,1.533,19.538,8.738,5.9088476667544265
4,1.498,19.422,8.34,5.631954381034594
5,1.483,18.989,8.064,5.384538828578448
6,1.423,18.638,7.682,5.110981728364751
7,1.198,18.202,7.214,4.844790462808129
8,0.979,17.973,6.852,4.761180391193684
9,0.677,17.733,6.601,4.750248448910303
