Iteration,Min,Max,Average,Std. Dev.
0,1.639,19.734,9.093,6.119611718451688
1,1.639,19.734,9.093,6.119611718451688
2,1.6,19.725,8.948,6.0419748614590025
3,1.498,19.525,8.643,5.863963151883589
4,1.462,19.422,8.267,5.619606692651909
5,1.45,19.09,8.049,5.424148641986769
6,1.413,18.811,7.784,5.216043124434465
7,1.286,18.534,7.488,5.030497113934825
8,1.167,18.438,7.263,4.975978611763339
9,0.939,18.367,7.092,4.997330257382608
