Iteration,Min,Max,Average,Std. Dev.
0,0.111,31.675,6.754,6.808124995885279
1,0.111,31.675,6.754,6.808124995885279
2,0.117,30.744,6.459,6.642569483435576
3,0.095,28.416,5.837,6.199576447579
4,0.074,25.503,4.873,5.508573816741697
5,0.056,21.079,3.719,4.603511916177928
6,-0.072,19.024,2.727,3.9448462208298385
7,-0.087,17.201,1.799,3.1857280169946005
8,-0.116,17.155,1.284,2.7645880468169732
9,-0.121,14.704,0.892,2.0650652833024394
