Iteration,Min,Max,Average,Std. Dev.
0,0.111,31.675,6.754,6.808124995885279
1,0.111,31.675,6.754,6.808124995885279
2,0.113,31.354,6.651,6.750427976734598
3,0.112,30.295,6.407,6.581476459494151
4,0.101,29.064,6.002,6.285974884151696
5,0.08,25.732,5.389,5.7759773810356805
6,0.064,24.509,4.695,5.301547311489668
7,0.029,21.374,3.945,4.605615948549185
8,-0.101,19.841,3.184,4.000994581459914
9,-0.117,19.021,2.412,3.670788402935622
