Iteration,Min,Max,Average,Std. Dev.
0,0.111,31.675,6.754,6.808124995885279
1,0.111,31.675,6.754,6.808124995885279
2,0.118,30.524,6.391,6.604098827638868
3,0.097,28.468,5.793,6.188699816660495
4,0.078,26.315,5.021,5.645791468509559
5,0.056,23.286,4.172,4.988854841966474
6,-0.02,21.887,3.462,4.498050656645475
7,-0.077,18.463,2.778,3.884916306112153
8,-0.096,17.979,2.205,3.465055627762229
9,-0.11,17.403,1.747,3.226910470658844
