Iteration,Min,Max,Average,Std. Dev.
0,1.639,19.734,9.093,6.119611718451688
1,1.639,19.734,9.093,6.119611718451688
2,1.589,19.722,8.912,6.0233027522456135
3,1.438,19.427,8.481,5.788059544225072
4,1.379,19.271,7.931,5.464498606015088
5,1.358,18.785,7.596,5.172703829250016
6,1.28,18.399,7.169,4.88402345639038
7,1.014,17.721,6.685,4.588607472583354
8,0.8,17.261,6.367,4.464587916119973
9,0.691,16.792,6.154,4.361475072176183
