Iteration,Min,Max,Average,Std. Dev.
0,1.639,19.734,9.093,6.119611718451688
1,1.639,19.734,9.093,6.119611718451688
2,1.442,19.691,8.483,5.816424187818882
3,0.932,19.001,7.487,5.485054990573945
4,0.809,18.751,6.812,4.964189452528045
5,0.777,17.853,6.38,4.547598777806101
6,0.692,14.829,5.714,3.6433369632112536
7,0.864,8.416,4.84,1.9070342211465885
8,1.594,5.788,4.387,1.1487792836338646
9,3.422,5.389,4.028,0.5767077759337119
