Iteration,Min,Max,Average,Std. Dev.
0,0.215,23.524,6.084,5.103618277713391
1,0.215,23.524,6.084,5.103618277713391
2,0.205,22.635,5.839,4.866043793878035
3,0.166,19.3,5.324,4.37221929184577
4,0.088,19.248,4.798,4.171010443265758
5,-0.027,16.076,3.961,3.470993257804671
6,-0.033,12.207,3.009,2.651321381047435
7,-0.115,11.283,2.129,2.3543373955486127
8,-0.116,9.933,1.47,2.164073684882909
9,-0.1,7.19,0.942,1.7609991365050681
