Iteration,Min,Max,Average,Std. Dev.
0,0.111,31.675,6.754,6.808124995885279
1,0.111,31.675,6.754,6.808124995885279
2,0.115,31.094,6.568,6.704265474067143
3,0.106,29.442,6.195,6.444833864846817
4,0.092,27.699,5.637,6.040673354691062
5,0.069,24.62,4.888,5.433641476098824
6,0.053,23.26,4.142,4.923832062285079
7,-0.018,20.264,3.386,4.224281520287416
8,-0.119,18.592,2.676,3.7102735223230408
9,-0.079,17.73,2.031,3.437207091720659
