Iteration,Min,Max,Average,Std. Dev.
0,0.215,23.524,6.084,5.103618277713391
1,0.215,23.524,6.084,5.103618277713391
2,0.209,23.007,5.937,4.960034802677353
3,0.209,21.082,5.605,4.632138268433621
4,0.145,21.052,5.246,4.486595510289712
5,0.062,18.458,4.672,3.9960581933541794
6,0.056,16.451,3.994,3.4492116121704415
7,-0.039,15.755,3.25,3.2456325405984296
8,-0.116,14.662,2.646,3.083833361271938
9,-0.123,13.75,1.974,2.7716117652032177
