Iteration,Min,Max,Average,Std. Dev.
0,0.111,31.675,6.754,6.808124995885279
1,0.111,31.675,6.754,6.808124995885279
2,0.114,31.228,6.611,6.728133213643757
3,0.108,29.824,6.292,6.505522768846275
4,0.096,28.234,5.778,6.13099901527435
5,0.072,24.815,5.038,5.522989472149413
6,0.055,23.393,4.255,4.987815191893829
7,-0.009,20.546,3.435,4.232674132190904
8,-0.116,18.677,2.651,3.6913465490750816
9,-0.095,17.681,1.941,3.38499956527435
