Iteration,Min,Max,Average,Std. Dev.
0,1.639,19.734,9.093,6.119611718451688
1,1.639,19.734,9.093,6.119611718451688
2,1.608,19.727,8.977,6.0574413966676035
3,1.525,19.555,8.72,5.9019615831245575
4,1.495,19.463,8.387,5.673361432017755
5,1.485,19.149,8.187,5.4912058260513374
6,1.451,18.875,7.936,5.291312762941906
7,1.333,18.602,7.647,5.106274220099471
8,1.22,18.509,7.42,5.047134469347177
9,0.993,18.442,7.247,5.070123822415917
