Iteration,Min,Max,Average,Std. Dev.
0,1.639,19.734,9.093,6.119611718451688
1,1.639,19.734,9.093,6.119611718451688
2,1.476,19.698,8.573,5.8571385911866045
3,0.959,18.953,7.523,5.4952323524198645
4,0.812,18.663,6.731,4.8920762613914786
5,0.768,16.975,6.142,4.264183216903206
6,0.653,9.852,5.006,2.3013377388967804
7,1.524,4.935,3.888,1.2067389520099894
8,1.352,4.317,2.789,0.8769872480946879
9,0.097,2.586,1.299,0.8957836292469249
