Iteration,Min,Max,Average,Std. Dev.
0,0.111,31.675,6.754,6.808124995885279
1,0.111,31.675,6.754,6.808124995885279
2,0.116,30.094,6.26,6.529487926360733
3,0.082,27.774,5.324,5.865324602885306
4,0.057,23.863,4.034,4.961081856396895
5,-0.067,18.694,2.826,4.0343480746910085
6,-0.108,18.069,1.929,3.4038376074172665
7,-0.122,16.415,1.279,2.7113775874751607
8,-0.119,16.34,0.932,2.2986316732250587
9,-0.122,12.572,0.588,1.6163320978747142
