Iteration,Min,Max,Average,Std. Dev.
0,0.111,31.675,6.754,6.808124995885279
1,0.111,31.675,6.754,6.808124995885279
2,0.117,30.364,6.342,6.576258340898463
3,0.092,28.238,5.631,6.078054847121722
4,0.07,25.543,4.688,5.416792932312814
5,0.052,21.773,3.696,4.650739080597687
6,-0.079,20.086,2.896,4.0996251963661186
7,-0.112,17.632,2.136,3.4446262934571354
8,-0.124,17.606,1.604,3.0688958332502385
9,-0.108,16.611,1.264,2.7129144028147287
