Iteration,Min,Max,Average,Std. Dev.
0,0.111,31.675,6.754,6.808124995885279
1,0.111,31.675,6.754,6.808124995885279
2,0.108,28.687,5.642,6.176907373460258
3,0.052,26.161,4.004,5.088674519006995
4,-0.104,20.662,2.493,3.9292109289996096
5,-0.092,17.878,1.625,3.165902011251494
6,-0.119,17.323,1.238,2.7187162403161795
7,-0.109,14.391,0.81,2.1749176721895687
8,-0.123,14.26,0.555,1.7201230355572223
9,-0.121,9.25,0.286,1.053790715401314
