Iteration,Min,Max,Average,Std. Dev.
0,0.111,31.675,6.754,6.808124995885279
1,0.111,31.675,6.754,6.808124995885279
2,0.107,28.629,5.576,6.14024841323061
3,0.049,25.956,3.863,5.004271621467251
4,-0.112,20.211,2.349,3.816507029274089
5,-0.109,17.797,1.525,3.077193854832361
6,-0.116,17.183,1.189,2.6495541442880923
7,-0.12,13.794,0.761,2.089800200890445
8,-0.12,13.644,0.51,1.575840643998942
9,-0.12,8.109,0.259,0.9126638358846824
