Iteration,Min,Max,Average,Std. Dev.
0,0.215,23.524,6.084,5.103618277713391
1,0.215,23.524,6.084,5.103618277713391
2,0.203,22.36,5.77,4.800849857753908
3,0.138,18.327,5.181,4.2443921350435545
4,0.059,18.268,4.628,4.035490850391554
5,-0.046,15.552,3.789,3.3375334135083845
6,-0.052,11.459,2.88,2.543514869052257
7,-0.116,10.641,2.074,2.265465129067687
8,-0.121,9.497,1.483,2.103051457558946
9,-0.111,7.202,0.967,1.7566497924564601
