Iteration,Min,Max,Average,Std. Dev.
0,0.111,31.675,6.754,6.808124995885279
1,0.111,31.675,6.754,6.808124995885279
2,0.116,30.849,6.492,6.661114973437042
3,0.098,28.556,5.938,6.2687124475485865
4,0.079,25.96,5.078,5.649020135656901
5,0.057,21.932,4.001,4.797018247020645
6,-0.084,19.983,3.041,4.15260410363666
7,-0.109,17.489,2.09,3.38771513201196
8,-0.11,17.426,1.48,2.9757167062468057
9,-0.118,15.621,1.061,2.353684174602453
