Iteration,Min,Max,Average,Std. Dev.
0,0.111,31.675,6.754,6.808124995885279
1,0.111,31.675,6.754,6.808124995885279
2,0.117,30.351,6.338,6.5740204539904425
3,0.088,28.074,5.548,6.013258587779268
4,0.065,24.752,4.431,5.226317654164759
5,-0.014,20.1,3.276,4.334599017176051
6,-0.109,18.263,2.356,3.7122152890586375
7,-0.091,17.03,1.583,3.0041471534489506
8,-0.114,16.982,1.167,2.6225818398735696
9,-0.122,14.577,0.813,1.966940397655115
