Iteration,Min,Max,Average,Std. Dev.
0,1.639,19.734,9.093,6.119611718451688
1,1.639,19.734,9.093,6.119611718451688
2,1.489,19.701,8.609,5.873884180168535
3,1.083,19.122,7.745,5.5543249271357755
4,0.96,18.893,7.052,5.118588857676396
5,0.926,18.255,6.662,4.741072963686305
6,0.819,16.835,6.143,4.237003121125897
7,0.667,13.081,5.502,3.1690352485770865
8,0.871,10.845,5.173,2.5287348773487452
9,2.344,9.128,5.019,1.8480920104947904
