Iteration,Min,Max,Average,Std. Dev.
0,0.215,23.524,6.084,5.103618277713391
1,0.215,23.524,6.084,5.103618277713391
2,0.208,22.833,5.89,4.915258790054828
3,0.193,20.46,5.5,4.5326685648741565
4,0.131,20.424,5.113,4.378341757955512
5,0.039,17.742,4.525,3.8821374593404627
6,0.033,15.761,3.862,3.340853693955772
7,-0.051,15.107,3.163,3.1481097998026404
8,-0.119,14.125,2.61,2.997232245794802
9,-0.122,13.263,2.011,2.7199155577801317
