Iteration,Min,Max,Average,Std. Dev.
0,0.215,23.524,6.084,5.103618277713391
1,0.215,23.524,6.084,5.103618277713391
2,0.203,22.4,5.78,4.8099828824663655
3,0.145,18.725,5.235,4.291263490117985
4,0.072,18.673,4.742,4.103161324166091
5,-0.025,16.297,4.023,3.507253995980105
6,-0.031,12.927,3.251,2.8405892898113065
7,-0.122,12.218,2.522,2.6134451675471495
8,-0.122,11.221,1.988,2.4444414741310974
9,-0.118,9.416,1.428,2.164068204166666
