Iteration,Min,Max,Average,Std. Dev.
0,0.215,23.524,6.084,5.103618277713391
1,0.215,23.524,6.084,5.103618277713391
2,0.213,23.311,6.022,5.042634342634092
3,0.213,22.616,5.887,4.905139498296495
4,0.207,22.605,5.743,4.841230154918225
5,0.166,21.809,5.521,4.6419323407736925
6,0.166,21.213,5.259,4.397408244182554
7,0.149,21.011,4.923,4.208420840942022
8,0.094,20.696,4.597,4.115085093536855
9,0.035,19.913,4.273,3.98092651339402
