Iteration,Min,Max,Average,Std. Dev.
0,1.639,19.734,9.093,6.119611718451688
1,1.639,19.734,9.093,6.119611718451688
2,1.485,19.7,8.598,5.868913115106028
3,0.992,18.981,7.579,5.510391715879334
4,0.843,18.696,6.783,4.924206981047862
5,0.797,17.218,6.222,4.340248551515195
6,0.665,10.902,5.169,2.5706819155434597
7,1.332,4.978,4.02,1.209211810023782
8,1.387,4.536,2.912,0.9368860826195335
9,0.103,2.771,1.443,0.9609958256071522
