Iteration,Min,Max,Average,Std. Dev.
0,0.215,23.524,6.084,5.103618277713391
1,0.215,23.524,6.084,5.103618277713391
2,0.19,21.869,5.654,4.69193274038901
3,0.087,17.848,4.864,3.9762634956845258
4,-0.007,17.053,4.128,3.7010764303983725
5,-0.104,11.761,2.984,2.7196636047833946
6,-0.123,7.776,1.869,1.9001689024147528
7,-0.123,6.765,1.115,1.6250230434036126
8,-0.122,6.209,0.722,1.3795266432841282
9,-0.123,4.669,0.511,1.0470984876644003
