Iteration,Min,Max,Average,Std. Dev.
0,0.215,23.524,6.084,5.103618277713391
1,0.215,23.524,6.084,5.103618277713391
2,0.209,23.009,5.938,4.960700070812594
3,0.209,21.622,5.692,4.714335583402352
4,0.183,21.604,5.482,4.624590039945112
5,0.134,20.56,5.205,4.381982760728498
6,0.131,19.836,4.913,4.123884289169968
7,0.12,19.613,4.578,3.9651181279900505
8,0.075,19.302,4.278,3.901065641520949
9,0.016,18.591,3.999,3.7930320788611143
