Iteration,Min,Max,Average,Std. Dev.
0,0.111,31.675,6.754,6.808124995885279
1,0.111,31.675,6.754,6.808124995885279
2,0.117,30.796,6.475,6.651847011884695
3,0.097,28.486,5.887,6.234143244063904
4,0.077,25.731,4.975,5.578433391795236
5,0.056,21.501,3.858,4.698244136299047
6,-0.087,19.493,2.88,4.045845331118612
7,-0.074,17.335,1.936,3.284336091284184
8,-0.107,17.295,1.374,2.8693489595427986
9,-0.107,15.185,0.97,2.1997236175932597
