Iteration,Min,Max,Average,Std. Dev.
0,1.639,19.734,9.093,6.119611718451688
1,1.639,19.734,9.093,6.119611718451688
2,1.568,19.718,8.844,5.988485087179984
3,1.327,19.277,8.213,5.684716199246184
4,1.228,19.055,7.459,5.273872042725431
5,1.191,18.402,7.002,4.874831831009213
6,1.044,17.243,6.383,4.387265359053671
7,0.678,13.404,5.608,3.292840083017659
8,0.781,10.764,5.208,2.5646992606722154
9,2.801,8.54,5.03,1.685130623552872
