Iteration,Min,Max,Average,Std. Dev.
0,0.215,23.524,6.084,5.103618277713391
1,0.215,23.524,6.084,5.103618277713391
2,0.209,22.978,5.929,4.9524397295580185
3,0.209,21.42,5.657,4.680773016468133
4,0.174,21.399,5.416,4.579047206161275
5,0.116,20.101,5.086,4.2923349996499445
6,0.112,19.182,4.733,3.989872695128973
7,0.097,18.893,4.33,3.827410763231727
8,0.044,18.48,3.97,3.7685884906540177
9,-0.024,17.523,3.636,3.639778251001268
