Iteration,Min,Max,Average,Std. Dev.
0,0.215,23.524,6.084,5.103618277713391
1,0.215,23.524,6.084,5.103618277713391
2,0.211,23.184,5.986,5.007453521393925
3,0.211,22.152,5.794,4.813614016810224
4,0.195,22.138,5.607,4.732474481754187
5,0.154,21.128,5.337,4.492802017468268
6,0.154,20.392,5.033,4.21967947573311
7,0.128,20.151,4.662,4.038681787992121
8,0.076,19.791,4.317,3.9611561901438286
9,0.008,18.926,3.987,3.8309020360786334
