Iteration,Min,Max,Average,Std. Dev.
0,1.639,19.734,9.093,6.119611718451688
1,1.639,19.734,9.093,6.119611718451688
2,1.608,19.727,8.977,6.057726454925581
3,1.508,19.506,8.667,5.872879112848738
4,1.467,19.377,8.22,5.576969008671969
5,1.45,18.924,7.923,5.313816336991113
6,1.384,18.566,7.523,5.0340482761651
7,1.144,18.081,7.046,4.76424946915396
8,0.923,17.799,6.695,4.675885044359542
9,0.665,17.501,6.455,4.642164682379306
