Iteration,Min,Max,Average,Std. Dev.
0,0.215,23.524,6.084,5.103618277713391
1,0.215,23.524,6.084,5.103618277713391
2,0.167,21.439,5.558,4.603877152147697
3,0.054,17.657,4.696,3.839834144925487
4,-0.036,16.69,3.952,3.5567819956878934
5,-0.113,11.042,2.854,2.619637133083856
6,-0.124,7.778,1.835,1.8777601730131017
7,-0.123,6.864,1.16,1.6284882263532428
8,-0.121,6.383,0.746,1.4344678248443925
9,-0.123,5.075,0.501,1.1474959334608412
