Iteration,Min,Max,Average,Std. Dev.
0,0.215,23.524,6.084,5.103618277713391
1,0.215,23.524,6.084,5.103618277713391
2,0.141,20.932,5.452,4.507375178514367
3,0.015,17.234,4.436,3.6431288518106792
4,-0.075,15.602,3.551,3.2898815072886154
5,-0.123,7.79,2.269,2.196540706653987
6,-0.124,7.304,1.288,1.682953899889974
7,-0.123,6.437,0.749,1.4178470547368993
8,-0.122,5.871,0.595,1.1967099300804052
9,-0.124,4.595,0.475,1.0273862256273467
