Iteration,Min,Max,Average,Std. Dev.
0,1.639,19.734,9.093,6.119611718451688
1,1.639,19.734,9.093,6.119611718451688
2,1.589,19.722,8.911,6.023085443786909
3,1.412,19.367,8.411,5.757507462218309
4,1.336,19.171,7.737,5.371693245062041
5,1.306,18.566,7.306,5.003248053845337
6,1.179,17.868,6.724,4.616271492238915
7,0.781,15.568,6.02,3.9138634646972137
8,0.652,13.75,5.62,3.416974391840024
9,1.909,11.962,5.425,2.7578934653768226
