Iteration,Min,Max,Average,Std. Dev.
0,1.639,19.734,9.093,6.119611718451688
1,1.639,19.734,9.093,6.119611718451688
2,1.19,19.645,7.931,5.599919261341645
3,0.943,18.597,6.844,5.038110794195117
4,1.431,18.13,5.867,4.667611295808666
5,1.372,11.949,4.685,2.928702348247976
6,1.872,4.977,3.371,1.1469250768128962
7,1.423,3.995,2.441,0.7494171581506317
8,0.724,2.283,1.429,0.5479181353348008
9,0.156,1.804,0.633,0.5310900029080843
