Iteration,Min,Max,Average,Std. Dev.
0,0.111,31.675,6.754,6.808124995885279
1,0.111,31.675,6.754,6.808124995885279
2,0.116,30.94,6.52,6.6771809044246835
3,0.103,28.942,6.074,6.3660500796870405
4,0.087,26.901,5.429,5.9021396134601
5,0.064,23.99,4.611,5.248386643119719
6,0.049,22.547,3.842,4.7219095704895055
7,-0.085,19.573,3.075,4.027163631392984
8,-0.104,18.037,2.391,3.5563137733146992
9,-0.104,17.345,1.815,3.2873901806301546
