Iteration,Min,Max,Average,Std. Dev.
0,0.111,31.675,6.754,6.808124995885279
1,0.111,31.675,6.754,6.808124995885279
2,0.115,31.028,6.548,6.692653021143207
3,0.104,29.181,6.133,6.403372630585983
4,0.089,27.224,5.512,5.95439551089062
5,0.066,24.082,4.694,5.294954458456221
6,0.05,22.599,3.901,4.752212116736642
7,-0.081,19.743,3.098,4.026863000668443
8,-0.097,18.019,2.377,3.545812260611632
9,-0.123,17.258,1.773,3.2563031463822343
