Iteration,Min,Max,Average,Std. Dev.
0,0.215,23.524,6.084,5.103618277713391
1,0.215,23.524,6.084,5.103618277713391
2,0.201,22.238,5.741,4.772920927821331
3,0.13,18.23,5.158,4.222970226426767
4,0.056,18.135,4.653,4.031334032905146
5,-0.037,16.051,3.932,3.4374135538452286
6,-0.042,12.484,3.178,2.7780523278530516
7,-0.123,11.817,2.48,2.556722982883602
8,-0.121,10.899,1.976,2.397718211507347
9,-0.117,9.118,1.45,2.1386532232031
