Iteration,Min,Max,Average,Std. Dev.
0,1.639,19.734,9.093,6.119611718451688
1,1.639,19.734,9.093,6.119611718451688
2,1.292,19.664,8.137,5.6737786588327035
3,0.738,18.733,7.009,5.239459671883434
4,0.862,18.407,6.24,4.705878449461867
5,0.903,15.135,5.447,3.7498036400142625
6,1.105,5.746,4.124,1.2723443792662164
7,1.333,4.576,3.313,0.9373530842298006
8,1.265,3.454,2.576,0.7410638588777807
9,0.09,2.733,1.208,0.9401778752364205
