Iteration,Min,Max,Average,Std. Dev.
0,0.215,23.524,6.084,5.103618277713391
1,0.215,23.524,6.084,5.103618277713391
2,0.207,22.828,5.889,4.913951730529653
3,0.194,20.563,5.515,4.5464614190301775
4,0.138,20.53,5.158,4.403105423945399
5,0.052,18.203,4.634,3.959136569175132
6,0.046,16.507,4.055,3.4877388351736283
7,0.018,15.955,3.436,3.3155540519709725
8,-0.092,15.139,2.932,3.205914438377837
9,-0.121,14.529,2.413,2.970207225855417
