Iteration,Min,Max,Average,Std. Dev.
0,1.639,19.734,9.093,6.119611718451688
1,1.639,19.734,9.093,6.119611718451688
2,1.62,19.729,9.02,6.0801159415517265
3,1.552,19.566,8.797,5.940409924474502
4,1.523,19.462,8.445,5.684554188157025
5,1.51,19.05,8.191,5.45346760961651
6,1.455,18.705,7.827,5.187885049474156
7,1.244,18.299,7.37,4.923403587078202
8,1.032,18.108,7.001,4.839439460207789
9,0.698,17.911,6.741,4.845359977752014
