Iteration,Min,Max,Average,Std. Dev.
0,0.111,31.675,6.754,6.808124995885279
1,0.111,31.675,6.754,6.808124995885279
2,0.114,31.256,6.62,6.733051881356012
3,0.108,29.865,6.304,6.511891747743191
4,0.096,28.228,5.775,6.125789898317505
5,0.071,24.584,4.994,5.4821182631969325
6,0.054,23.047,4.157,4.909646413142018
7,-0.053,20.375,3.268,4.104489085793779
8,-0.091,18.207,2.437,3.578971117631678
9,-0.124,17.056,1.732,3.2176302303546636
