Iteration,Min,Max,Average,Std. Dev.
0,1.639,19.734,9.093,6.119611718451688
1,1.639,19.734,9.093,6.119611718451688
2,1.37,19.678,8.309,5.7418555956063875
3,0.763,18.82,7.176,5.361418079627542
4,0.725,18.524,6.46,4.7697940091523074
5,0.722,16.205,5.803,4.041913119046214
6,0.783,8.094,4.603,1.8197020492015112
7,1.51,4.851,3.662,1.0597787018318086
8,1.367,4.142,2.858,0.7995048946036741
9,0.16,2.766,1.503,0.9046024130247386
