Iteration,Min,Max,Average,Std. Dev.
0,0.215,23.524,6.084,5.103618277713391
1,0.215,23.524,6.084,5.103618277713391
2,0.208,22.868,5.9,4.92425472853251
3,0.201,20.861,5.563,4.590842017025493
4,0.151,20.833,5.252,4.46419508001453
5,0.076,18.966,4.813,4.088518807444295
6,0.071,17.623,4.336,3.6972924604886486
7,0.05,17.192,3.814,3.537067061425317
8,-0.015,16.566,3.367,3.468774036555757
9,-0.088,15.923,2.938,3.2840313651966246
