Iteration,Min,Max,Average,Std. Dev.
0,0.111,31.675,6.754,6.808124995885279
1,0.111,31.675,6.754,6.808124995885279
2,0.112,29.12,5.97,6.3636069470453975
3,0.066,26.946,4.648,5.454441333990139
4,-0.062,22.034,3.133,4.373482063126845
5,-0.088,18.185,2.05,3.5034451715790307
6,-0.117,17.686,1.444,2.9510885872119172
7,-0.114,15.279,0.978,2.370782970197387
8,-0.118,15.166,0.66,1.9319616318300605
9,-0.122,10.222,0.372,1.2169879234606376
