Iteration,Min,Max,Average,Std. Dev.
0,0.215,23.524,6.084,5.103618277713391
1,0.215,23.524,6.084,5.103618277713391
2,0.125,20.58,5.381,4.444469375108698
3,-0.004,17.154,4.363,3.5889135123395968
4,-0.084,15.551,3.538,3.255288059134769
5,-0.124,8.154,2.399,2.2941618403284445
6,-0.124,7.527,1.477,1.7444382455708514
7,-0.123,6.73,0.936,1.5208218496071322
8,-0.124,6.298,0.638,1.3014487150979
9,-0.123,5.128,0.457,1.0921170007159278
