Iteration,Min,Max,Average,Std. Dev.
0,0.215,23.524,6.084,5.103618277713391
1,0.215,23.524,6.084,5.103618277713391
2,0.205,22.576,5.824,4.851761897751362
3,0.159,18.991,5.279,4.33202149917468
4,0.078,18.935,4.724,4.12111163485214
5,-0.04,15.676,3.836,3.377708116802328
6,-0.046,11.469,2.833,2.5120468395413726
7,-0.124,10.52,1.943,2.1972041466863126
8,-0.105,9.157,1.285,2.012998301334292
9,-0.119,6.516,0.839,1.5926194526766206
