Iteration,Min,Max,Average,Std. Dev.
0,1.639,19.734,9.093,6.119611718451688
1,1.639,19.734,9.093,6.119611718451688
2,1.491,19.701,8.613,5.875674959668628
3,1.052,19.064,7.685,5.538307833470962
4,0.915,18.809,6.941,5.036691196831434
5,0.875,17.945,6.489,4.596448133169772
6,0.746,15.008,5.793,3.698044951266758
7,0.776,8.247,4.865,1.9150680093108745
8,1.524,5.967,4.39,1.157931806835376
9,3.246,5.501,3.958,0.6549639378355976
