Iteration,Min,Max,Average,Std. Dev.
0,0.215,23.524,6.084,5.103618277713391
1,0.215,23.524,6.084,5.103618277713391
2,0.209,22.962,5.925,4.948341448319955
3,0.207,20.852,5.567,4.595732494875592
4,0.136,20.818,5.18,4.440634228800195
5,0.047,17.96,4.56,3.9139407910479926
6,0.04,15.761,3.83,3.320572998080559
7,-0.08,15.004,3.044,3.1037792322482884
8,-0.106,13.823,2.421,2.9195867516134597
9,-0.118,12.69,1.728,2.5871251495441663
