Iteration,Min,Max,Average,Std. Dev.
0,0.215,23.524,6.084,5.103618277713391
1,0.215,23.524,6.084,5.103618277713391
2,0.214,23.391,6.045,5.065199492026875
3,0.214,23.044,5.975,4.993192837741587
4,0.211,23.04,5.911,4.963564082421874
5,0.196,22.773,5.824,4.8846168653964845
6,0.196,22.591,5.729,4.78695419891191
7,0.191,22.535,5.611,4.6956608990467625
8,0.174,22.456,5.504,4.640613731104827
9,0.172,22.274,5.391,4.5782413029233915
