Iteration,Min,Max,Average,Std. Dev.
0,1.639,19.734,9.093,6.119611718451688
1,1.639,19.734,9.093,6.119611718451688
2,1.549,19.713,8.782,5.957485493879632
3,1.252,19.212,8.055,5.635717391407448
4,1.137,18.977,7.279,5.207081964998557
5,1.097,18.289,6.823,4.793615035913146
6,0.947,16.719,6.194,4.215049188431296
7,0.656,11.942,5.385,2.883787773882982
8,0.934,9.004,4.982,2.083089927173684
9,3.195,6.908,4.787,1.1896386061826871
