Iteration,Min,Max,Average,Std. Dev.
0,0.215,23.524,6.084,5.103618277713391
1,0.215,23.524,6.084,5.103618277713391
2,0.099,20.011,5.273,4.348925597379127
3,-0.037,16.596,4.12,3.422714985620737
4,-0.108,14.145,3.168,3.0124934965333314
5,-0.121,7.589,1.921,2.000475890511055
6,-0.119,7.152,1.113,1.626281796125086
7,-0.123,6.39,0.67,1.3497504543095715
8,-0.119,5.893,0.525,1.179001807016807
9,-0.121,4.681,0.431,1.0485829074733626
