Iteration,Min,Max,Average,Std. Dev.
0,1.639,19.734,9.093,6.119611718451688
1,1.639,19.734,9.093,6.119611718451688
2,1.628,19.731,9.049,6.095729167332249
3,1.589,19.631,8.913,6.006818767902102
4,1.572,19.565,8.693,5.832875712335331
5,1.564,19.28,8.529,5.6790845052392145
6,1.532,19.004,8.289,5.487429283649831
7,1.413,18.696,7.976,5.28054875438757
8,1.286,18.589,7.696,5.19710435373428
9,1.003,18.508,7.476,5.228886325751413
