Iteration,Min,Max,Average,Std. Dev.
0,1.639,19.734,9.093,6.119611718451688
1,1.639,19.734,9.093,6.119611718451688
2,1.624,19.73,9.034,6.088039606275571
3,1.584,19.642,8.903,6.002214858102236
4,1.571,19.592,8.726,5.863534230206347
5,1.566,19.409,8.616,5.759728060775553
6,1.55,19.225,8.476,5.638655179884571
7,1.496,19.024,8.309,5.515633735758505
8,1.442,18.951,8.168,5.460984409716882
9,1.329,18.902,8.056,5.471377110549607
