Iteration,Min,Max,Average,Std. Dev.
0,1.639,19.734,9.093,6.119611718451688
1,1.639,19.734,9.093,6.119611718451688
2,1.63,19.732,9.056,6.0995770514125995
3,1.603,19.667,8.963,6.037851099582568
4,1.593,19.628,8.83,5.928673499616633
5,1.589,19.473,8.741,5.843525828591323
6,1.575,19.31,8.621,5.739626268450453
7,1.529,19.12,8.471,5.627734583703159
8,1.481,19.048,8.338,5.573559941941574
9,1.377,18.997,8.23,5.5830428152039895
