Iteration,Min,Max,Average,Std. Dev.
0,0.111,31.675,6.754,6.808124995885279
1,0.111,31.675,6.754,6.808124995885279
2,0.114,31.223,6.609,6.727252511294645
3,0.107,29.72,6.269,6.488558440293478
4,0.094,27.945,5.7,6.072401865194817
5,0.069,24.208,4.866,5.387925663096458
6,0.051,22.575,3.99,4.789127240621906
7,-0.086,20.027,3.062,3.9663562731488056
8,-0.095,17.913,2.232,3.471976639441101
9,-0.101,16.828,1.575,3.056800075866146
