Iteration,Min,Max,Average,Std. Dev.
0,1.639,19.734,9.093,6.119611718451688
1,1.639,19.734,9.093,6.119611718451688
2,1.632,19.732,9.063,6.103665709342803
3,1.61,19.677,8.986,6.051475986699259
4,1.601,19.643,8.87,5.955182202561037
5,1.598,19.5,8.79,5.878274000718311
6,1.585,19.348,8.679,5.782298895749894
7,1.541,19.164,8.537,5.676018904573248
8,1.497,19.093,8.409,5.622681380872971
9,1.397,19.042,8.303,5.631716066354253
