Iteration,Min,Max,Average,Std. Dev.
0,0.111,31.675,6.754,6.808124995885279
1,0.111,31.675,6.754,6.808124995885279
2,0.117,30.774,6.468,6.647823357394153
3,0.099,28.575,5.923,6.265014463591836
4,0.08,26.27,5.136,5.702161451680464
5,0.058,22.807,4.187,4.953392350456894
6,-0.034,21.137,3.347,4.379436836727909
7,-0.119,18.301,2.51,3.667898372000493
8,-0.064,17.766,1.859,3.2533797598046896
9,-0.112,16.797,1.412,2.8877317167641303
