Iteration,Min,Max,Average,Std. Dev.
0,0.215,23.524,6.084,5.103618277713391
1,0.215,23.524,6.084,5.103618277713391
2,0.209,23.01,5.938,4.961031574026521
3,0.209,20.988,5.591,4.618708371626608
4,0.137,20.955,5.2,4.461697845580489
5,0.047,17.959,4.555,3.9131470623275133
6,0.04,15.61,3.779,3.2832809239244694
7,-0.099,14.786,2.941,3.0503804537460133
8,-0.116,13.477,2.276,2.846743667245577
9,-0.117,12.142,1.545,2.4800529263296296
