Iteration,Min,Max,Average,Std. Dev.
0,0.111,31.675,6.754,6.808124995885279
1,0.111,31.675,6.754,6.808124995885279
2,0.113,31.392,6.663,6.7572971981258085
3,0.113,30.515,6.46,6.617243725495563
4,0.105,29.539,6.135,6.381224040877368
5,0.087,26.745,5.651,5.97933817146283
6,0.073,25.612,5.1,5.603375220320959
7,0.044,22.211,4.503,5.058366689190702
8,0.013,20.968,3.89,4.49780206662719
9,-0.055,20.424,3.223,4.113864402085904
