Iteration,Min,Max,Average,Std. Dev.
0,1.639,19.734,9.093,6.119611718451688
1,1.639,19.734,9.093,6.119611718451688
2,1.627,19.731,9.046,6.094453157998439
3,1.595,19.656,8.936,6.021578481261044
4,1.583,19.612,8.782,5.8982350063411335
5,1.579,19.442,8.683,5.804116288439824
6,1.564,19.27,8.554,5.691831151156383
7,1.514,19.073,8.396,5.574322745925919
8,1.463,19.001,8.258,5.519679372792128
9,1.355,18.951,8.148,5.529617645333585
