Iteration,Min,Max,Average,Std. Dev.
0,1.639,19.734,9.093,6.119611718451688
1,1.639,19.734,9.093,6.119611718451688
2,1.43,19.689,8.454,5.803834093120202
3,0.863,18.907,7.366,5.4461540957565004
4,0.747,18.624,6.639,4.850839317359021
5,0.718,16.947,6.072,4.25579930351051
6,0.667,10.323,5.012,2.4064631279655075
7,1.542,4.967,3.939,1.1136679220354997
8,1.392,4.551,3.026,0.8803968262697612
9,0.232,2.988,1.704,0.9554682175640453
