Iteration,Min,Max,Average,Std. Dev.
0,0.111,31.675,6.754,6.808124995885279
1,0.111,31.675,6.754,6.808124995885279
2,0.113,29.313,6.027,6.396175913495139
3,0.073,27.261,4.85,5.58572196770793
4,-0.015,23.075,3.48,4.629610373696982
5,-0.081,18.316,2.43,3.7940043260639023
6,-0.081,17.915,1.72,3.2320033768434064
7,-0.119,16.433,1.219,2.6376555154006764
8,-0.123,16.37,0.923,2.3344243673879532
9,-0.118,13.608,0.606,1.691537614982891
