Iteration,Min,Max,Average,Std. Dev.
0,0.111,31.675,6.754,6.808124995885279
1,0.111,31.675,6.754,6.808124995885279
2,0.112,31.574,6.721,6.789914587733639
3,0.112,31.325,6.662,6.750311119008902
4,0.112,31.094,6.581,6.693088602658295
5,0.113,30.538,6.472,6.605146608191731
6,0.109,30.312,6.356,6.526190926998486
7,0.102,29.627,6.233,6.417417014242261
8,0.093,28.602,6.114,6.302513082711917
9,0.084,28.511,5.975,6.19236371239646
