Iteration,Min,Max,Average,Std. Dev.
0,0.215,23.524,6.084,5.103618277713391
1,0.215,23.524,6.084,5.103618277713391
2,0.209,22.976,5.929,4.9520887282438215
3,0.208,21.144,5.613,4.639134281457249
4,0.155,21.117,5.298,4.509758697801039
5,0.081,19.071,4.823,4.102414519610869
6,0.076,17.541,4.286,3.6650757017894304
7,0.04,17.029,3.687,3.4899700491419527
8,-0.038,16.252,3.178,3.3973367197188646
9,-0.117,15.535,2.661,3.1682194311255745
