Iteration,Min,Max,Average,Std. Dev.
0,1.639,19.734,9.093,6.119611718451688
1,1.639,19.734,9.093,6.119611718451688
2,1.35,19.674,8.263,5.723310722089128
3,0.743,18.786,7.118,5.32625702727188
4,0.747,18.477,6.383,4.740575727691948
5,0.757,15.693,5.659,3.8975402801149883
6,0.871,6.708,4.365,1.497505448609594
7,1.331,4.703,3.505,1.0067828635203926
8,1.495,3.719,2.71,0.7050721914598406
9,0.088,2.667,1.35,0.8821183197891971
