Iteration,Min,Max,Average,Std. Dev.
0,0.215,23.524,6.084,5.103618277713391
1,0.215,23.524,6.084,5.103618277713391
2,0.214,23.391,6.045,5.065108759692528
3,0.214,22.986,5.964,4.981751819567255
4,0.211,22.981,5.88,4.943452225740542
5,0.188,22.569,5.754,4.8294739088411935
6,0.188,22.274,5.608,4.683566933616142
7,0.179,22.177,5.419,4.548582401032014
8,0.15,22.03,5.236,4.467206012218157
9,0.128,21.673,5.044,4.371195058280212
