Iteration,Min,Max,Average,Std. Dev.
0,0.215,23.524,6.084,5.103618277713391
1,0.215,23.524,6.084,5.103618277713391
2,0.175,21.603,5.594,4.63685817571837
3,0.068,17.779,4.785,3.910769275971698
4,-0.02,16.972,4.089,3.648033338184046
5,-0.104,12.266,3.062,2.778847181906028
6,-0.121,7.957,2.067,1.98905975029389
7,-0.123,7.255,1.358,1.726139031100447
8,-0.121,6.548,0.88,1.5772713584383737
9,-0.119,5.418,0.569,1.2783917085656717
