Iteration,Min,Max,Average,Std. Dev.
0,1.639,19.734,9.093,6.119611718451688
1,1.639,19.734,9.093,6.119611718451688
2,1.52,19.707,8.695,5.914825826937394
3,1.162,19.157,7.884,5.589247976154294
4,1.039,18.922,7.139,5.154334245589685
5,1.001,18.246,6.715,4.752936851758095
6,0.87,16.643,6.134,4.1847615803373595
7,0.66,12.154,5.394,2.9263394286095537
8,0.93,9.485,5.022,2.182883835094999
9,2.855,7.489,4.845,1.3715589291994223
