Iteration,Min,Max,Average,Std. Dev.
0,0.111,31.675,6.754,6.808124995885279
1,0.111,31.675,6.754,6.808124995885279
2,0.113,31.369,6.656,6.753266694456337
3,0.113,30.471,6.447,6.610366084969101
4,0.105,29.509,6.127,6.378211785406069
5,0.087,26.851,5.664,5.994457782324969
6,0.074,25.782,5.147,5.642368577120541
7,0.047,22.662,4.595,5.1411198527431345
8,0.018,21.148,4.036,4.617856598172588
9,-0.012,20.675,3.428,4.241394266699844
