Iteration,Min,Max,Average,Std. Dev.
0,0.215,23.524,6.084,5.103618277713391
1,0.215,23.524,6.084,5.103618277713391
2,0.211,23.183,5.985,5.007228336795747
3,0.211,21.966,5.762,4.782217795475071
4,0.18,21.947,5.516,4.677942908604466
5,0.127,20.358,5.125,4.335407683557067
6,0.125,19.123,4.662,3.9461191990362194
7,0.077,18.69,4.102,3.751717684754739
8,-0.001,17.999,3.592,3.6730414038600614
9,-0.087,16.771,3.083,3.460775197431387
