Iteration,Min,Max,Average,Std. Dev.
0,1.639,19.734,9.093,6.119611718451688
1,1.639,19.734,9.093,6.119611718451688
2,1.579,19.72,8.878,6.005693932344972
3,1.352,19.283,8.266,5.701891085502374
4,1.252,19.05,7.475,5.264755681729696
5,1.21,18.331,6.976,4.834056687267002
6,1.038,16.734,6.262,4.225985342521025
7,0.653,11.298,5.325,2.7307652832821026
8,1.036,7.867,4.863,1.8305472095740805
9,3.879,6.799,4.623,0.8988832858778766
