Iteration,Min,Max,Average,Std. Dev.
0,0.215,23.524,6.084,5.103618277713391
1,0.215,23.524,6.084,5.103618277713391
2,0.207,22.752,5.869,4.894808234762302
3,0.181,19.906,5.415,4.4545305727282996
4,0.108,19.862,4.949,4.273050274235038
5,0.001,16.747,4.214,3.6568884800275625
6,-0.005,13.736,3.37,2.945840681872738
7,-0.122,12.888,2.532,2.691465526300976
8,-0.121,11.62,1.897,2.491697799469809
9,-0.123,9.558,1.255,2.1341434715341947
