Iteration,Min,Max,Average,Std. Dev.
0,0.111,31.675,6.754,6.808124995885279
1,0.111,31.675,6.754,6.808124995885279
2,0.112,31.579,6.723,6.790849833709613
3,0.112,31.271,6.65,6.741040654910778
4,0.112,30.923,6.53,6.654610524280727
5,0.108,29.925,6.343,6.500165343075006
6,0.101,29.476,6.118,6.34601276029754
7,0.086,27.901,5.856,6.11137811613824
8,0.066,25.343,5.582,5.842264395924218
9,0.05,25.102,5.249,5.5889331778821285
