Iteration,Min,Max,Average,Std. Dev.
0,0.215,23.524,6.084,5.103618277713391
1,0.215,23.524,6.084,5.103618277713391
2,0.164,21.389,5.547,4.594130988625877
3,0.047,17.536,4.628,3.7879163678410985
4,-0.048,16.333,3.802,3.4703523705161006
5,-0.12,9.077,2.553,2.3928555743440976
6,-0.124,7.473,1.485,1.7485025953555116
7,-0.123,6.543,0.855,1.492155679945835
8,-0.123,5.972,0.649,1.225579775866366
9,-0.115,4.541,0.505,0.997547944859835
