Iteration,Min,Max,Average,Std. Dev.
0,1.639,19.734,9.093,6.119611718451688
1,1.639,19.734,9.093,6.119611718451688
2,1.578,19.72,8.876,6.004929268448212
3,1.361,19.305,8.29,5.711042606984611
4,1.269,19.086,7.543,5.298378673960927
5,1.232,18.428,7.076,4.8970385349821175
6,1.082,17.315,6.437,4.413144637085216
7,0.685,13.466,5.631,3.314319026302527
8,0.778,10.741,5.211,2.566230431634281
9,2.945,8.403,5.03,1.641579799388875
