Iteration,Min,Max,Average,Std. Dev.
0,0.111,31.675,6.754,6.808124995885279
1,0.111,31.675,6.754,6.808124995885279
2,0.114,31.289,6.63,6.739012251557448
3,0.112,30.21,6.381,6.5681307915588425
4,0.102,29.089,6.011,6.300462858868396
5,0.083,26.276,5.496,5.875769130745887
6,0.07,25.33,4.941,5.499360508968476
7,0.042,22.079,4.366,4.970883354838477
8,0.014,20.74,3.793,4.44488809396775
9,-0.054,20.24,3.186,4.089313696127508
