Iteration,Min,Max,Average,Std. Dev.
0,0.215,23.524,6.084,5.103618277713391
1,0.215,23.524,6.084,5.103618277713391
2,0.151,21.129,5.492,4.543971957975495
3,0.035,17.584,4.617,3.776717227191492
4,-0.048,16.608,3.917,3.5077600072455555
5,-0.114,11.62,2.939,2.6849785429425777
6,-0.121,7.975,2.033,1.9682247287855597
7,-0.123,7.137,1.401,1.732084347526844
8,-0.12,6.707,0.959,1.6130469142161425
9,-0.11,5.845,0.632,1.3510803724927953
