Iteration,Min,Max,Average,Std. Dev.
0,1.639,19.734,9.093,6.119611718451688
1,1.639,19.734,9.093,6.119611718451688
2,1.409,19.685,8.402,5.781191723665261
3,0.832,18.896,7.313,5.425969196568429
4,0.733,18.62,6.615,4.842894616007998
5,0.711,17.047,6.07,4.285318059972248
6,0.681,10.991,5.083,2.5757811515947817
7,1.486,4.984,4.028,1.0585659401192153
8,1.593,4.7,3.189,0.8814060981323999
9,0.538,3.137,1.973,0.926215504132498
