Iteration,Min,Max,Average,Std. Dev.
0,0.111,31.675,6.754,6.808124995885279
1,0.111,31.675,6.754,6.808124995885279
2,0.117,30.427,6.361,6.587240712401838
3,0.092,28.237,5.65,6.086159083091113
4,0.07,25.393,4.672,5.396797824500087
5,0.044,21.359,3.623,4.584729884182598
6,-0.066,19.554,2.771,4.002823570669024
7,-0.08,17.483,1.971,3.320119345961685
8,-0.122,17.452,1.455,2.9456417489309104
9,-0.112,16.123,1.113,2.4832285431139898
