Iteration,Min,Max,Average,Std. Dev.
0,1.639,19.734,9.093,6.119611718451688
1,1.639,19.734,9.093,6.119611718451688
2,1.568,19.717,8.842,5.987440223957081
3,1.347,19.322,8.262,5.703162400511866
4,1.262,19.127,7.588,5.3381129545068635
5,1.233,18.568,7.192,4.9916089395153485
6,1.124,17.953,6.688,4.644154521006147
7,0.796,16.21,6.107,4.095806309221706
8,0.652,14.917,5.782,3.740178632047548
9,1.274,13.683,5.6,3.3192541293741806
