Iteration,Min,Max,Average,Std. Dev.
0,1.639,19.734,9.093,6.119611718451688
1,1.639,19.734,9.093,6.119611718451688
2,1.13,19.634,7.817,5.562145826179945
3,1.135,18.566,6.786,4.950082765122563
4,1.352,18.063,5.772,4.677887411976733
5,0.809,11.724,4.584,2.896262432443103
6,1.495,4.963,3.315,1.1789018469500312
7,1.449,3.985,2.403,0.7509530262990891
8,0.213,2.176,1.432,0.6422203424530621
9,0.003,1.992,0.583,0.7062295193587576
