Iteration,Min,Max,Average,Std. Dev.
0,1.639,19.734,9.093,6.119611718451688
1,1.639,19.734,9.093,6.119611718451688
2,1.321,19.669,8.2,5.697970462643159
3,0.738,18.812,7.1,5.312892977976028
4,0.757,18.532,6.424,4.765127356026339
5,0.768,16.61,5.831,4.160327449107021
6,0.851,9.963,4.811,2.267713753509287
7,1.923,4.958,3.841,0.9239695934849907
8,1.502,4.625,3.17,0.8489423989378391
9,0.848,3.126,2.093,0.8468421160604249
