Iteration,Min,Max,Average,Std. Dev.
0,0.111,31.675,6.754,6.808124995885279
1,0.111,31.675,6.754,6.808124995885279
2,0.115,29.782,6.166,6.475752281158415
3,0.083,27.81,5.247,5.840350846715219
4,0.059,24.693,4.146,5.084844925856145
5,-0.044,20.668,3.168,4.331791742928061
6,-0.061,19.012,2.437,3.8045226544731583
7,-0.059,17.43,1.803,3.195302050203506
8,-0.115,17.403,1.387,2.867998236914924
9,-0.111,16.362,1.111,2.538337953338149
