Iteration,Min,Max,Average,Std. Dev.
0,0.111,31.675,6.754,6.808124995885279
1,0.111,31.675,6.754,6.808124995885279
2,0.117,30.766,6.466,6.646437468442291
3,0.101,28.669,5.967,6.3005070680627755
4,0.084,26.773,5.298,5.824266477489316
5,0.062,24.007,4.507,5.202162079789471
6,0.048,22.681,3.801,4.718441465580172
7,-0.085,19.394,3.118,4.090669792655895
8,-0.119,18.106,2.509,3.635027667334969
9,-0.079,17.555,1.979,3.3931918418179983
