Iteration,Min,Max,Average,Std. Dev.
0,0.215,23.524,6.084,5.103618277713391
1,0.215,23.524,6.084,5.103618277713391
2,0.112,20.298,5.327,4.396208312333067
3,-0.021,16.893,4.24,3.503358849847256
4,-0.097,14.891,3.352,3.1326082433575975
5,-0.121,7.773,2.152,2.133410149893102
6,-0.122,7.331,1.275,1.6804689207255141
7,-0.119,6.555,0.786,1.435800152417281
8,-0.12,6.1,0.578,1.2081029569255795
9,-0.121,4.679,0.444,1.034119780646424
