Iteration,Min,Max,Average,Std. Dev.
0,1.639,19.734,9.093,6.119611718451688
1,1.639,19.734,9.093,6.119611718451688
2,1.591,19.723,8.92,6.027597248048547
3,1.441,19.422,8.487,5.790110254604602
4,1.38,19.259,7.917,5.453361805064979
5,1.358,18.746,7.562,5.145275187182929
6,1.271,18.326,7.101,4.839777352778696
7,0.972,17.46,6.57,4.4963596673987265
8,0.747,16.822,6.227,4.327273140766765
9,0.784,16.157,6.013,4.1487119192221495
