Iteration,Min,Max,Average,Std. Dev.
0,0.111,31.675,6.754,6.808124995885279
1,0.111,31.675,6.754,6.808124995885279
2,0.117,30.354,6.339,6.574581961512368
3,0.093,28.296,5.656,6.098834509441387
4,0.073,25.84,4.78,5.486469451343603
5,0.052,22.44,3.861,4.779068474491032
6,-0.083,20.909,3.12,4.264943968729595
7,-0.118,17.817,2.408,3.6420246745655125
8,-0.086,17.796,1.861,3.251453841268193
9,-0.123,17.085,1.477,2.9822615587527075
