Iteration,Min,Max,Average,Std. Dev.
0,1.639,19.734,9.093,6.119611718451688
1,1.639,19.734,9.093,6.119611718451688
2,1.568,19.717,8.841,5.98714842534061
3,1.31,19.247,8.174,5.671189489586948
4,1.201,19.008,7.373,5.231632252625744
5,1.159,18.283,6.882,4.799398005728339
6,0.989,16.524,6.182,4.158913615716637
7,0.653,10.903,5.262,2.6211459642250303
8,1.076,7.525,4.812,1.7405225729576348
9,3.82,6.652,4.563,0.8568089348236053
