Iteration,Min,Max,Average,Std. Dev.
0,1.639,19.734,9.093,6.119611718451688
1,1.639,19.734,9.093,6.119611718451688
2,1.625,19.731,9.037,6.089635975857435
3,1.577,19.614,8.877,5.985547778328261
4,1.557,19.539,8.625,5.792162917687063
5,1.549,19.233,8.445,5.624430784360087
6,1.514,18.948,8.189,5.4215616831487505
7,1.387,18.637,7.862,5.210401999590184
8,1.252,18.529,7.579,5.131023963896787
9,0.964,18.447,7.36,5.162354669043495
