Iteration,Min,Max,Average,Std. Dev.
0,0.215,23.524,6.084,5.103618277713391
1,0.215,23.524,6.084,5.103618277713391
2,0.05,18.82,5.063,4.169396314404359
3,-0.089,14.984,3.663,3.1343214736991656
4,-0.123,10.463,2.469,2.5664680754556652
5,-0.123,6.969,1.232,1.6814503208292444
6,-0.114,6.566,0.735,1.4361560220472323
7,-0.103,5.735,0.46,1.1442514214351747
8,-0.121,4.848,0.403,1.0865097844585463
9,-0.118,4.381,0.335,0.8318325450955533
