Iteration,Min,Max,Average,Std. Dev.
0,0.215,23.524,6.084,5.103618277713391
1,0.215,23.524,6.084,5.103618277713391
2,0.204,22.539,5.815,4.842870296922899
3,0.157,19.002,5.279,4.331211916032396
4,0.08,18.949,4.754,4.130981643587676
5,-0.03,16.027,3.94,3.452543664431583
6,-0.036,12.216,3.034,2.66859170175736
7,-0.105,11.357,2.198,2.390089562222898
8,-0.121,10.121,1.575,2.2097107784531467
9,-0.109,7.575,1.02,1.8455889108246493
