Iteration,Min,Max,Average,Std. Dev.
0,0.215,23.524,6.084,5.103618277713391
1,0.215,23.524,6.084,5.103618277713391
2,0.213,23.356,6.034,5.055091220338471
3,0.213,22.781,5.921,4.9394126338067945
4,0.208,22.772,5.795,4.8828861334943054
5,0.171,22.061,5.594,4.701421543436897
6,0.171,21.523,5.351,4.471109441992268
7,0.155,21.338,5.031,4.281922865192922
8,0.102,21.042,4.717,4.182795017805582
9,0.047,20.296,4.397,4.046927258352632
