Iteration,Min,Max,Average,Std. Dev.
0,1.639,19.734,9.093,6.119611718451688
1,1.639,19.734,9.093,6.119611718451688
2,1.627,19.731,9.046,6.094394155241628
3,1.59,19.639,8.918,6.009873804409205
4,1.574,19.58,8.721,5.854303898842524
5,1.568,19.342,8.583,5.724204653492189
6,1.544,19.105,8.39,5.564545827820306
7,1.457,18.84,8.144,5.393902397640396
8,1.365,18.746,7.926,5.320522064466381
9,1.161,18.68,7.75,5.343318899424668
