Iteration,Min,Max,Average,Std. Dev.
0,0.111,31.675,6.754,6.808124995885279
1,0.111,31.675,6.754,6.808124995885279
2,0.116,30.898,6.507,6.669713334090022
3,0.104,28.993,6.079,6.374736711627421
4,0.089,27.193,5.506,5.964997126865831
5,0.068,24.789,4.807,5.409728518927102
6,0.054,23.621,4.157,4.96790761214452
7,0.005,20.196,3.532,4.378697116439065
8,-0.099,18.955,2.948,3.8993104135421475
9,-0.12,18.346,2.395,3.63649153518653
