Iteration,Min,Max,Average,Std. Dev.
0,1.639,19.734,9.093,6.119611718451688
1,1.639,19.734,9.093,6.119611718451688
2,1.069,19.623,7.704,5.526856768923055
3,1.488,18.486,6.704,4.830350631188209
4,0.529,17.826,5.623,4.642997074482091
5,0.277,9.674,4.223,2.3731201264674997
6,1.111,4.883,3.179,1.2738457625660398
7,0.955,3.717,2.016,0.807999415426784
8,0.172,2.059,0.971,0.6173229171959078
9,0.145,1.866,0.527,0.5815668997312584
