Iteration,Min,Max,Average,Std. Dev.
0,1.639,19.734,9.093,6.119611718451688
1,1.639,19.734,9.093,6.119611718451688
2,1.562,19.716,8.823,5.977777109192013
3,1.333,19.319,8.232,5.693340014412017
4,1.248,19.128,7.572,5.339668877409497
5,1.22,18.592,7.193,5.005609103510249
6,1.12,18.039,6.721,4.6791714514064715
7,0.818,16.602,6.188,4.21186732621973
8,0.663,15.559,5.887,3.9253132998195364
9,1.049,14.567,5.709,3.604423833390564
