Iteration,Min,Max,Average,Std. Dev.
0,1.639,19.734,9.093,6.119611718451688
1,1.639,19.734,9.093,6.119611718451688
2,1.495,19.702,8.624,5.880903134911564
3,1.027,19.01,7.637,5.525695280816093
4,0.878,18.731,6.838,4.959067464686623
5,0.831,17.435,6.301,4.4116857624953125
6,0.686,11.929,5.328,2.8429533455653697
7,1.155,5.412,4.177,1.222842151742736
8,1.591,4.688,3.301,0.9261177688457901
9,0.393,3.331,1.875,1.0427185242391948
