Iteration,Min,Max,Average,Std. Dev.
0,1.639,19.734,9.093,6.119611718451688
1,1.639,19.734,9.093,6.119611718451688
2,1.584,19.721,8.894,6.013960224526964
3,1.387,19.336,8.35,5.733385364846231
4,1.303,19.128,7.637,5.333872610056445
5,1.269,18.497,7.187,4.948509434612154
6,1.13,17.619,6.575,4.519770770976131
7,0.726,14.589,5.822,3.631189865055452
8,0.693,12.305,5.413,3.0024857419044158
9,2.424,10.194,5.23,2.1903681153586483
