Iteration,Min,Max,Average,Std. Dev.
0,0.215,23.524,6.084,5.103618277713391
1,0.215,23.524,6.084,5.103618277713391
2,0.201,22.157,5.721,4.75476675254182
3,0.113,18.019,5.012,4.100316151861279
4,0.021,17.382,4.324,3.8442232151898317
5,-0.088,13.104,3.231,2.913278284309214
6,-0.123,8.384,2.098,2.0167575795252706
7,-0.123,7.527,1.274,1.7130035494493074
8,-0.121,6.432,0.793,1.487453239961565
9,-0.12,4.856,0.541,1.1059112847148809
