Iteration,Min,Max,Average,Std. Dev.
0,0.111,31.675,6.754,6.808124995885279
1,0.111,31.675,6.754,6.808124995885279
2,0.114,31.267,6.623,6.735085941094232
3,0.112,30.24,6.385,6.57336891160919
4,0.103,29.253,6.057,6.337868117245097
5,0.087,26.8,5.624,5.983442457678159
6,0.075,26.025,5.172,5.679018692182391
7,0.053,23.511,4.717,5.269652394637976
8,0.028,21.374,4.275,4.841428553655755
9,0.014,21.038,3.805,4.5133932152727265
