Iteration,Min,Max,Average,Std. Dev.
0,0.111,31.675,6.754,6.808124995885279
1,0.111,31.675,6.754,6.808124995885279
2,0.115,31.059,6.557,6.6981992056641975
3,0.102,28.982,6.096,6.371049589858903
4,0.085,26.499,5.322,5.8073354501682175
5,0.06,22.393,4.257,4.949894803879826
6,-0.047,20.371,3.239,4.266951328168155
7,-0.093,18.169,2.194,3.4412231977335375
8,-0.123,17.416,1.511,3.005330220172492
9,-0.102,15.249,1.042,2.2936442435409314
