Iteration,Min,Max,Average,Std. Dev.
0,1.639,19.734,9.093,6.119611718451688
1,1.639,19.734,9.093,6.119611718451688
2,1.546,19.713,8.773,5.953058094723082
3,1.254,19.227,8.061,5.638133966813381
4,1.145,19.003,7.316,5.231318950606132
5,1.108,18.37,6.887,4.8417553812800165
6,0.975,17.196,6.317,4.366079859177695
7,0.672,13.611,5.615,3.3409518364997113
8,0.768,11.243,5.256,2.678736947760568
9,2.426,9.281,5.089,1.9116190280248222
