Iteration,Min,Max,Average,Std. Dev.
0,1.639,19.734,9.093,6.119611718451688
1,1.639,19.734,9.093,6.119611718451688
2,1.215,19.65,7.981,5.617011544103558
3,0.863,18.63,6.88,5.0893824858232035
4,1.251,18.209,5.954,4.6708620514892
5,1.352,12.82,4.873,3.14931020405912
6,1.669,4.986,3.501,1.0832328108957754
7,1.503,4.107,2.628,0.7647246657211937
8,0.89,2.436,1.676,0.5459321144768203
9,0.055,1.958,0.679,0.6000987925691744
