Iteration,Min,Max,Average,Std. Dev.
0,0.111,31.675,6.754,6.808124995885279
1,0.111,31.675,6.754,6.808124995885279
2,0.117,30.64,6.427,6.624426739273576
3,0.097,28.477,5.833,6.2083062784756855
4,0.078,26.098,5.009,5.6230954662572366
5,0.056,22.624,4.061,4.882216178660797
6,-0.062,20.99,3.251,4.326546766572097
7,-0.119,17.969,2.454,3.6450686544038926
8,-0.064,17.766,1.84,3.2400368454333908
9,-0.107,16.878,1.42,2.907384875819245
