Iteration,Min,Max,Average,Std. Dev.
0,0.215,23.524,6.084,5.103618277713391
1,0.215,23.524,6.084,5.103618277713391
2,0.178,21.651,5.605,4.646524446485113
3,0.069,17.746,4.774,3.902342931772201
4,-0.023,16.857,4.029,3.621571850024222
5,-0.109,11.292,2.901,2.654745588268174
6,-0.124,7.759,1.832,1.87965438518303
7,-0.123,6.799,1.121,1.619005816468015
8,-0.117,6.282,0.722,1.394867619010333
9,-0.122,4.703,0.503,1.0858153986693055
