Iteration,Min,Max,Average,Std. Dev.
0,0.215,23.524,6.084,5.103618277713391
1,0.215,23.524,6.084,5.103618277713391
2,0.212,23.27,6.01,5.031246466891014
3,0.212,22.517,5.866,4.8839885448928015
4,0.207,22.506,5.724,4.820960804243108
5,0.169,21.783,5.518,4.636973392032059
6,0.169,21.261,5.286,4.417862562496188
7,0.155,21.092,4.996,4.246331686210697
8,0.11,20.839,4.722,4.159475495019935
9,0.06,20.231,4.452,4.04390779878241
