Iteration,Min,Max,Average,Std. Dev.
0,0.111,31.675,6.754,6.808124995885279
1,0.111,31.675,6.754,6.808124995885279
2,0.114,31.164,6.59,6.716738086774832
3,0.109,29.867,6.293,6.513309605850046
4,0.099,28.611,5.881,6.217427329418373
5,0.08,26.057,5.345,5.7810146737486
6,0.067,25.132,4.8,5.413897241559399
7,0.041,22.097,4.26,4.913827996350753
8,0.016,20.544,3.736,4.428258600893158
9,-0.042,20.099,3.195,4.098715006625695
