Iteration,Min,Max,Average,Std. Dev.
0,0.215,23.524,6.084,5.103618277713391
1,0.215,23.524,6.084,5.103618277713391
2,0.211,23.116,5.967,4.989074623199188
3,0.21,21.548,5.687,4.710259576411498
4,0.159,21.523,5.37,4.579112213251097
5,0.089,19.237,4.848,4.128954690123997
6,0.083,17.423,4.219,3.6219444416655895
7,0.023,16.776,3.498,3.4210504757028968
8,-0.117,15.731,2.891,3.28060703074704
9,-0.121,14.882,2.217,2.9743553766929587
