Iteration,Min,Max,Average,Std. Dev.
0,0.111,31.675,6.754,6.808124995885279
1,0.111,31.675,6.754,6.808124995885279
2,0.117,30.763,6.465,6.64605008318554
3,0.097,28.505,5.886,6.236529978000808
4,0.078,25.926,5.019,5.615656558215861
5,0.056,22.017,3.973,4.791528730584269
6,-0.083,20.152,3.058,4.173518386045081
7,-0.096,17.547,2.155,3.435485218865237
8,-0.123,17.515,1.548,3.0338079455952154
9,-0.116,16.039,1.151,2.501080920462798
