Iteration,Min,Max,Average,Std. Dev.
0,0.215,23.524,6.084,5.103618277713391
1,0.215,23.524,6.084,5.103618277713391
2,0.214,23.418,6.053,5.072995180396905
3,0.214,23.083,5.985,5.003098837752477
4,0.211,23.078,5.911,4.969469624365178
5,0.191,22.708,5.798,4.866147527482152
6,0.191,22.439,5.663,4.7303533084467855
7,0.182,22.35,5.484,4.600854908360787
8,0.154,22.211,5.31,4.519895509090423
9,0.135,21.869,5.122,4.42406992954346
