Iteration,Min,Max,Average,Std. Dev.
0,0.215,23.524,6.084,5.103618277713391
1,0.215,23.524,6.084,5.103618277713391
2,0.211,23.139,5.973,4.9953670376456785
3,0.21,21.751,5.722,4.744029131972716
4,0.171,21.73,5.448,4.628915645903599
5,0.112,19.899,5.011,4.2485186313572445
6,0.107,18.474,4.493,3.822866899283576
7,0.058,17.974,3.884,3.6322523600677803
8,-0.025,17.179,3.346,3.5417741980930053
9,-0.11,16.207,2.793,3.30231153020073
