Iteration,Min,Max,Average,Std. Dev.
0,1.639,19.734,9.093,6.119611718451688
1,1.639,19.734,9.093,6.119611718451688
2,1.634,19.733,9.074,6.109521737837881
3,1.619,19.693,9.02,6.072337181689315
4,1.613,19.666,8.932,5.997963977578507
5,1.61,19.547,8.867,5.935410000437292
6,1.6,19.414,8.773,5.853803640480286
7,1.561,19.244,8.647,5.758435249248385
8,1.521,19.175,8.528,5.707548107790425
9,1.43,19.123,8.426,5.715726437329654
