Iteration,Min,Max,Average,Std. Dev.
0,1.639,19.734,9.093,6.119611718451688
1,1.639,19.734,9.093,6.119611718451688
2,1.557,19.715,8.807,5.969739408561412
3,1.258,19.192,8.063,5.636917876110191
4,1.134,18.937,7.227,5.1676750766185995
5,1.087,18.117,6.717,4.70355348774378
6,0.902,15.476,5.946,3.8424803849139373
7,0.695,8.176,4.907,1.9612516215315519
8,1.519,6.266,4.403,1.187629628540715
9,2.897,5.667,3.872,0.8320194540200154
