Iteration,Min,Max,Average,Std. Dev.
0,0.111,31.675,6.754,6.808124995885279
1,0.111,31.675,6.754,6.808124995885279
2,0.112,29.136,5.975,6.366356527238725
3,0.069,27.089,4.72,5.506240229623405
4,-0.045,22.634,3.296,4.50311364322776
5,-0.095,18.244,2.254,3.663299011328361
6,-0.109,17.82,1.594,3.112856497156035
7,-0.098,16.103,1.123,2.5394397921666005
8,-0.123,16.027,0.815,2.22033481554654
9,-0.111,12.729,0.497,1.5324531242568837
