Iteration,Min,Max,Average,Std. Dev.
0,1.639,19.734,9.093,6.119611718451688
1,1.639,19.734,9.093,6.119611718451688
2,1.566,19.717,8.837,5.984828871139688
3,1.329,19.291,8.219,5.687508977560465
4,1.235,19.079,7.497,5.296586945675168
5,1.201,18.471,7.068,4.92028856707783
6,1.072,17.59,6.504,4.505190535655634
7,0.718,14.781,5.824,3.67962474244392
8,0.683,12.757,5.462,3.11700128328675
9,2.042,10.932,5.289,2.4295455759785716
