Iteration,Min,Max,Average,Std. Dev.
0,0.111,31.675,6.754,6.808124995885279
1,0.111,31.675,6.754,6.808124995885279
2,0.113,31.37,6.656,6.753397004374787
3,0.114,30.608,6.477,6.63291778254845
4,0.108,29.882,6.232,6.45760254348566
5,0.095,28.093,5.906,6.190005099390746
6,0.085,27.347,5.559,5.955520203050275
7,0.067,25.07,5.203,5.642523773762051
8,0.045,22.463,4.859,5.303369567334803
9,0.03,21.926,4.482,5.023155184627275
