Iteration,Min,Max,Average,Std. Dev.
0,0.215,23.524,6.084,5.103618277713391
1,0.215,23.524,6.084,5.103618277713391
2,0.207,22.826,5.889,4.9135140940812825
3,0.188,20.137,5.452,4.48917733327321
4,0.11,20.094,4.985,4.306747361360073
5,0.004,16.772,4.228,3.670653412528385
6,-0.003,13.693,3.34,2.924695719558925
7,-0.118,12.78,2.457,2.6528203392315577
8,-0.122,11.392,1.779,2.4422359086473886
9,-0.112,9.075,1.139,2.0472856134213555
