Iteration,Min,Max,Average,Std. Dev.
0,1.639,19.734,9.093,6.119611718451688
1,1.639,19.734,9.093,6.119611718451688
2,1.612,19.728,8.991,6.06474775413248
3,1.515,19.504,8.684,5.8807632923283055
4,1.472,19.366,8.213,5.565509729799778
5,1.453,18.865,7.884,5.274928909960118
6,1.373,18.47,7.422,4.965465154878456
7,1.074,17.788,6.858,4.638746890413309
8,0.814,17.292,6.453,4.502302461354662
9,0.741,16.724,6.203,4.366975438279824
