Iteration,Min,Max,Average,Std. Dev.
0,0.215,23.524,6.084,5.103618277713391
1,0.215,23.524,6.084,5.103618277713391
2,0.212,23.203,5.991,5.012537298760301
3,0.211,22.122,5.79,4.809777540383195
4,0.189,22.106,5.578,4.718451582256199
5,0.141,20.829,5.25,4.429457862769782
6,0.141,19.86,4.868,4.097593514766571
7,0.104,19.529,4.4,3.904009667791283
8,0.037,19.01,3.962,3.8294122505259263
9,-0.045,17.723,3.537,3.6616046598261844
