Iteration,Min,Max,Average,Std. Dev.
0,1.639,19.734,9.093,6.119611718451688
1,1.639,19.734,9.093,6.119611718451688
2,1.513,19.706,8.676,5.905538184105138
3,1.099,19.072,7.764,5.557693112141753
4,0.956,18.804,6.959,5.036133857833009
5,0.909,17.796,6.458,4.544641956559094
6,0.749,13.842,5.63,3.3688417925786287
7,0.874,6.32,4.544,1.443242079569199
8,1.915,5.123,3.916,0.9619268862990143
9,1.724,4.422,2.879,0.9501496368838264
