Iteration,Min,Max,Average,Std. Dev.
0,0.215,23.524,6.084,5.103618277713391
1,0.215,23.524,6.084,5.103618277713391
2,0.179,21.67,5.609,4.650524066640491
3,0.077,17.887,4.858,3.9686571101283126
4,-0.006,17.234,4.236,3.734830166170442
5,-0.089,13.8,3.351,2.998589830707328
6,-0.093,9.357,2.472,2.231941225860503
7,-0.123,8.71,1.776,1.9773460726756984
8,-0.115,7.871,1.283,1.8593226197286001
9,-0.114,6.302,0.858,1.5714377169902936
