Iteration,Min,Max,Average,Std. Dev.
0,0.111,31.675,6.754,6.808124995885279
1,0.111,31.675,6.754,6.808124995885279
2,0.113,31.433,6.676,6.764574045734905
3,0.113,30.684,6.502,6.644889583729705
4,0.107,29.856,6.224,6.443364296582557
5,0.091,27.497,5.808,6.097568852275241
6,0.079,26.433,5.328,5.769857644140944
7,0.052,23.2,4.801,5.295236310021639
8,0.022,21.493,4.259,4.780813884462998
9,0.007,21.043,3.654,4.390820583367436
