Iteration,Min,Max,Average,Std. Dev.
0,1.639,19.734,9.093,6.119611718451688
1,1.639,19.734,9.093,6.119611718451688
2,1.591,19.723,8.92,6.027389110355867
3,1.415,19.361,8.416,5.758812900355858
4,1.336,19.157,7.717,5.356952622519228
5,1.303,18.518,7.261,4.969195864878442
6,1.162,17.667,6.63,4.53965639769213
7,0.734,14.626,5.845,3.644759876771913
8,0.694,12.266,5.414,2.9973763169536554
9,2.578,10.039,5.227,2.1365424328673703
