Iteration,Min,Max,Average,Std. Dev.
0,1.639,19.734,9.093,6.119611718451688
1,1.639,19.734,9.093,6.119611718451688
2,1.33,19.67,8.219,5.705485444430569
3,0.733,18.753,7.067,5.289309975004595
4,0.788,18.428,6.304,4.715891370494837
5,0.813,15.123,5.507,3.7383225487515586
6,0.984,5.428,4.138,1.24912736937996
7,1.4,4.47,3.269,0.9263606543722054
8,1.29,3.157,2.415,0.7022767443408418
9,0.073,2.555,0.977,0.8642779699761584
