Iteration,Min,Max,Average,Std. Dev.
0,0.215,23.524,6.084,5.103618277713391
1,0.215,23.524,6.084,5.103618277713391
2,0.158,21.256,5.519,4.568321043864885
3,0.036,17.42,4.556,3.7333959024037786
4,-0.059,16.029,3.689,3.395784010297869
5,-0.123,7.958,2.388,2.2738332573761686
6,-0.124,7.341,1.34,1.7008945687856578
7,-0.123,6.422,0.76,1.430307164497732
8,-0.122,5.803,0.621,1.2055780849770665
9,-0.124,4.592,0.495,1.0288700504187416
