Iteration,Min,Max,Average,Std. Dev.
0,0.215,23.524,6.084,5.103618277713391
1,0.215,23.524,6.084,5.103618277713391
2,0.204,22.464,5.796,4.825038109452687
3,0.148,18.622,5.225,4.283200258670749
4,0.067,18.564,4.666,4.071877632633704
5,-0.044,15.556,3.796,3.345110118578544
6,-0.05,11.374,2.833,2.5099034764286667
7,-0.122,10.489,1.985,2.211771017060387
8,-0.113,9.237,1.359,2.0412623159718812
9,-0.107,6.776,0.878,1.6568593179312339
