Iteration,Min,Max,Average,Std. Dev.
0,0.111,31.675,6.754,6.808124995885279
1,0.111,31.675,6.754,6.808124995885279
2,0.11,28.861,5.838,6.288244463028632
3,0.064,26.777,4.449,5.352877868131798
4,-0.07,22.095,3.004,4.31250425409252
5,-0.086,18.118,2.04,3.5062774257553473
6,-0.119,17.694,1.474,3.0001478853605876
7,-0.12,15.876,1.047,2.4613172149665954
8,-0.116,15.797,0.755,2.1651162764881833
9,-0.111,12.522,0.459,1.484564018279821
