Iteration,Min,Max,Average,Std. Dev.
0,0.111,31.675,6.754,6.808124995885279
1,0.111,31.675,6.754,6.808124995885279
2,0.112,31.514,6.702,6.779111486457062
3,0.113,31.02,6.586,6.6998108570292345
4,0.112,30.479,6.401,6.566697843538572
5,0.101,28.96,6.123,6.336171806328959
6,0.091,28.281,5.797,6.112880060843002
7,0.072,25.957,5.43,5.786357169784707
8,0.047,22.502,5.053,5.415756099222753
9,0.029,22.218,4.612,5.094182807252854
