Iteration,Min,Max,Average,Std. Dev.
0,1.639,19.734,9.093,6.119611718451688
1,1.639,19.734,9.093,6.119611718451688
2,1.446,19.692,8.493,5.821008896054845
3,0.905,18.943,7.437,5.4696598536903895
4,0.777,18.667,6.708,4.889814990246865
5,0.743,17.258,6.179,4.350543860323993
6,0.662,11.609,5.221,2.7502030837086626
7,1.296,5.157,4.127,1.12869326943644
8,1.687,4.738,3.278,0.9024130413313144
9,0.605,3.254,2.01,0.9449415195972997
