Iteration,Min,Max,Average,Std. Dev.
0,0.111,31.675,6.754,6.808124995885279
1,0.111,31.675,6.754,6.808124995885279
2,0.114,31.159,6.589,6.7158627142877325
3,0.108,29.7,6.257,6.486131630908208
4,0.095,28.169,5.762,6.127234573613316
5,0.073,25.166,5.087,5.576966398491788
6,0.058,23.936,4.396,5.106153552110907
7,0.027,20.768,3.693,4.448342093899207
8,-0.107,19.34,3.013,3.90889435915212
9,-0.116,18.607,2.351,3.6213126910105142
