Iteration,Min,Max,Average,Std. Dev.
0,0.215,23.524,6.084,5.103618277713391
1,0.215,23.524,6.084,5.103618277713391
2,0.211,23.186,5.986,5.007902336386646
3,0.211,21.908,5.752,4.7728119175152806
4,0.175,21.887,5.484,4.660093098852272
5,0.116,20.053,5.046,4.277046189395951
6,0.113,18.596,4.515,3.8404503604197124
7,0.057,18.075,3.881,3.6424842961563026
8,-0.032,17.226,3.317,3.5447626964029717
9,-0.12,16.213,2.726,3.28803958332965
