Iteration,Min,Max,Average,Std. Dev.
0,0.111,31.675,6.754,6.808124995885279
1,0.111,31.675,6.754,6.808124995885279
2,0.114,29.667,6.132,6.456159054707824
3,0.075,27.398,5.017,5.674118462285806
4,0.014,23.004,3.598,4.680203158961415
5,-0.079,18.369,2.433,3.775340521708149
6,-0.08,17.895,1.658,3.17283964510449
7,-0.117,15.933,1.123,2.5377468859546815
8,-0.123,15.841,0.783,2.119719693299916
9,-0.111,11.499,0.456,1.4043792934358656
