Iteration,Min,Max,Average,Std. Dev.
0,0.111,31.675,6.754,6.808124995885279
1,0.111,31.675,6.754,6.808124995885279
2,0.114,31.224,6.61,6.727444900011959
3,0.11,29.956,6.319,6.527238615158699
4,0.099,28.632,5.886,6.213895079414476
5,0.078,25.719,5.29,5.724532847817753
6,0.063,24.627,4.662,5.298336322184754
7,0.034,21.257,4.02,4.698566963068313
8,-0.055,20.056,3.385,4.152216217045404
9,-0.111,19.444,2.737,3.8292408331007444
