Iteration,Min,Max,Average,Std. Dev.
0,0.215,23.524,6.084,5.103618277713391
1,0.215,23.524,6.084,5.103618277713391
2,0.215,23.482,6.071,5.091424596472028
3,0.215,23.345,6.043,5.061919550309208
4,0.214,23.343,6.011,5.046834720809911
5,0.204,23.182,5.959,4.999246097258619
6,0.204,23.065,5.895,4.933396683979002
7,0.2,23.026,5.81,4.865446642115408
8,0.187,22.965,5.724,4.817876859531293
9,0.185,22.813,5.626,4.759942408966088
