Iteration,Min,Max,Average,Std. Dev.
0,0.111,31.675,6.754,6.808124995885279
1,0.111,31.675,6.754,6.808124995885279
2,0.112,31.635,6.741,6.800878928183374
3,0.112,31.514,6.712,6.781238131467047
4,0.112,31.383,6.666,6.748526271376757
5,0.112,31.026,6.597,6.691961841240748
6,0.111,30.872,6.515,6.636678199057106
7,0.108,30.352,6.422,6.552305496625049
8,0.101,29.538,6.324,6.458877179289645
9,0.093,29.463,6.202,6.361675704356101
