Iteration,Min,Max,Average,Std. Dev.
0,0.111,31.675,6.754,6.808124995885279
1,0.111,31.675,6.754,6.808124995885279
2,0.111,28.958,5.923,6.336560158013667
3,0.066,26.917,4.591,5.428535292213802
4,-0.065,22.201,3.122,4.381331939551766
5,-0.09,18.175,2.094,3.5420554462609335
6,-0.115,17.724,1.49,3.007812902015221
7,-0.12,15.734,1.041,2.4479505054323916
8,-0.116,15.644,0.732,2.100166602518344
9,-0.12,11.788,0.43,1.4015968068454465
