Iteration,Min,Max,Average,Std. Dev.
0,0.215,23.524,6.084,5.103618277713391
1,0.215,23.524,6.084,5.103618277713391
2,0.203,22.388,5.777,4.807311785035825
3,0.139,18.237,5.171,4.236113787693357
4,0.055,18.175,4.579,4.01370634663743
5,-0.057,15.027,3.652,3.237257523089162
6,-0.063,10.563,2.638,2.3625393144117113
7,-0.123,9.666,1.785,2.051412715865949
8,-0.115,8.419,1.169,1.8858736035784633
9,-0.117,6.105,0.766,1.4918271457848409
