Iteration,Min,Max,Average,Std. Dev.
0,0.111,31.675,6.754,6.808124995885279
1,0.111,31.675,6.754,6.808124995885279
2,0.112,31.514,6.702,6.77918030984109
3,0.113,31.095,6.603,6.712427364271376
4,0.113,30.687,6.462,6.612109993103459
5,0.106,29.661,6.268,6.4530827447274195
6,0.099,29.231,6.054,6.307812825466904
7,0.087,27.881,5.826,6.106460077062942
8,0.071,25.809,5.602,5.886807615019962
9,0.057,25.624,5.345,5.6879800622005945
