Iteration,Min,Max,Average,Std. Dev.
0,0.111,31.675,6.754,6.808124995885279
1,0.111,31.675,6.754,6.808124995885279
2,0.113,31.421,6.672,6.762430661664913
3,0.113,30.677,6.498,6.643784577065447
4,0.108,29.884,6.232,6.451211029141669
5,0.092,27.708,5.845,6.1301057629347575
6,0.081,26.746,5.406,5.831277585082974
7,0.057,23.762,4.932,5.406763786086565
8,0.029,21.723,4.451,4.942539584838564
9,0.013,21.344,3.915,4.576018510471735
