Iteration,Min,Max,Average,Std. Dev.
0,0.111,31.675,6.754,6.808124995885279
1,0.111,31.675,6.754,6.808124995885279
2,0.114,29.562,6.1,6.438245270563886
3,0.079,27.603,5.084,5.737490618310906
4,0.054,24.157,3.89,4.9177534605558275
5,-0.072,19.832,2.895,4.142843901664071
6,-0.109,18.14,2.166,3.602995390994155
7,-0.082,17.19,1.581,2.995548195189825
8,-0.12,17.156,1.216,2.6965259136314375
9,-0.12,15.801,0.941,2.2871111034315477
