Iteration,Min,Max,Average,Std. Dev.
0,1.639,19.734,9.093,6.119611718451688
1,1.639,19.734,9.093,6.119611718451688
2,1.548,19.713,8.78,5.956219677561135
3,1.276,19.262,8.11,5.65335286823752
4,1.177,19.053,7.406,5.276477663962125
5,1.145,18.481,7.007,4.917167281856986
6,1.031,17.699,6.501,4.539454603413642
7,0.728,15.426,5.912,3.8594127660503017
8,0.663,13.831,5.6,3.412163844457824
9,1.552,12.401,5.435,2.897800647686295
