Iteration,Min,Max,Average,Std. Dev.
0,0.215,23.524,6.084,5.103618277713391
1,0.215,23.524,6.084,5.103618277713391
2,0.2,22.068,5.7,4.7349999226198785
3,0.107,18.003,4.989,4.079566994285384
4,0.018,17.379,4.325,3.8319259236025336
5,-0.085,13.478,3.3,2.965015798185713
6,-0.11,8.836,2.239,2.0926279326494837
7,-0.124,8.022,1.442,1.794985598279747
8,-0.118,6.961,0.907,1.6250468898559018
9,-0.12,5.234,0.591,1.2689345943305947
