Iteration,Min,Max,Average,Std. Dev.
0,0.111,31.675,6.754,6.808124995885279
1,0.111,31.675,6.754,6.808124995885279
2,0.117,30.746,6.46,6.64296526369817
3,0.099,28.597,5.925,6.269585963692449
4,0.081,26.453,5.182,5.739332843275091
5,0.059,23.284,4.298,5.044484457750207
6,0.016,21.763,3.519,4.509281282904777
7,-0.097,18.724,2.749,3.832312546221985
8,-0.077,17.915,2.108,3.4013232147352244
9,-0.116,17.18,1.617,3.1212176764385613
